speech_id,date,speaker,party_ref,temporal_grammar_code,symbolic_work_code,temporal_grammar_sentences_n,symbolic_work_sentences_n,temporal_grammar_sentences,symbolic_work_sentences,temporal_grammar_sentences_en,symbolic_work_sentences_en
nl.proc.sgd.d.194519460000118.2.10,1946-01-09,Zandt,nl.p.sgp,TG2,SW1,3,2,"Toen de zaken in ons land overeenkomstig artikel 3G der Nederlandsche Geloofsbelijdenis geregeld werden, toen, ja juist toen hebben wij de gouden eeuw van heel ons volksbestaan beleefd. Dat was de tijd, waarvan een onverdachte getuige als de liberale auteur Potgieter in zijn vermaard geschrift „He t Rijksmuseum te Amsterdam """" schreef: || Dat is voor mij een reden te meer, hoewel het beginsel hier voorop blijve staan, om bij dit Kabinet krachtig te bepleiten, zich in dezen wel te bezinnen. || Toen de zaken in ons land overeenkomstig artikel 3G der Nederlandsche Geloofsbelijdenis geregeld werden, toen, ja juist toen hebben wij de gouden eeuw van heel ons volksbestaan beleefd.","Gewis, Neerlands grootheid en aanzien en de algemeene welvaart zijner burgers ligt in dat tijdvak, toen het Regeeringsbeleid op den grondslag van de zuivere gerefoi'meerdo religie was gebouwd. || zegenrijke er van overtuigd zijn, dit als eisch voor elk Regeeringsbeleid.","When affairs in our country were arranged in accordance with Article 3G of the Dutch Confession of Faith, it was then, yes precisely then, that we experienced the golden age of our entire national existence. That was the time of which an unimpeachable witness like the liberal author Potgieter wrote in his famous work ""The Rijksmuseum in Amsterdam"": || That is all the more reason for me, although the principle remains paramount, to strongly advocate to this Cabinet to reflect carefully on this matter. || When matters in our country were arranged in accordance with Article 3G of the Dutch Confession of Faith, it was then, yes precisely then, that we experienced the golden age of our entire national existence.","Certainly, the greatness and esteem of the Netherlands and the general prosperity of its citizens lie in that period when the government policy was based on the principles of pure Reformed religion. || blessed to be convinced that this is a requirement for every government policy."
nl.proc.sgd.d.194519460000122.2.11,1946-01-16,Zandt,nl.p.sgp,TG1,SW4,2,3,"Hij wilde boven alles, dat het Evangelie er zou gebracht worden en dienovereenkomstig door de onzen in Indië geleefd en gehandeld zou worden. || Een zeer naë geestverwant van ons, namelijk de bij een groot deel van ons volk zoozeer geliefde predikant ds.","Hij zeide daarin onder meer, dat er zooveel uit Indië gehaald en zoo weinig gebracht werd. Hij wilde boven alles, dat het Evangelie er zou gebracht worden en dienovereenkomstig door de onzen in Indië geleefd en gehandeld zou worden. || Hij wilde boven alles, dat het Evangelie er zou gebracht worden en dienovereenkomstig door de onzen in Indië geleefd en gehandeld zou worden. || Hij zeide daarin onder meer, dat er zooveel uit Indië gehaald en zoo weinig gebracht werd.","Above all, he wanted the Gospel to be brought forth and to be lived and acted upon by our people in India accordingly. || A very dear spiritual companion of ours, namely the beloved pastor ds. who is cherished by a large part of our people.","He stated, among other things, that so much was taken from India and so little was brought back. Above all, he wanted the Gospel to be brought there and to be lived and acted upon by our people in India accordingly. || Above all, he wanted the Gospel to be brought forth and to be lived and acted upon by our people in India accordingly. || He stated, among other things, that so much was taken from India and so little was brought back."
nl.proc.sgd.d.194519460000144.1.28,1946-05-06,de Groot,nl.p.cpn,TG1,SW1,2,2,"Dit is het, waartoe een oorlog tegen Indonesië leiden moet: ledige landen, ledige zeeën, doode menschen en geen profijt, tenzij voor de handelaars in wapenen en oorlogsmateriaal. || Coknbrander verhaalt in zijn „Koloniale Geschiedenis """" hoe een zekere Rcacl, een der hoeren van de Oost-Indische Compagnie, in een verklaring, na het door Ccen in 1621 bij Danda aangerichte blocdblad, zijn waarschuwende stem verhief en schreef:","Dit is het, waartoe een oorlog tegen Indonesië leiden moet: ledige landen, ledige zeeën, doode menschen en geen profijt, tenzij voor de handelaars in wapenen en oorlogsmateriaal. || Bovendien, de tijden van Ja n Pieterszoon Coen zijn lang voorbij en elke poging van de twintigste-eeuwsche kikkers om zich tot zeventiende-eeuwscho ossen op te blazen, zal alleen voor hen zelf het bekende gevolg hebben.","This is what a war against Indonesia must lead to: empty lands, empty seas, dead people, and no benefit, except for the merchants of weapons and military supplies. || Coknbrander recounts in his ""Colonial History"" how a certain Rcacl, one of the prostitutes of the East India Company, raised his warning voice in a statement after the bloodshed caused by Ccen in Danda in 1621, and wrote:","This is what a war against Indonesia must lead to: empty lands, empty seas, dead people, and no benefit, except for the merchants of weapons and military supplies. || Moreover, the times of Jan Pieterszoon Coen are long gone, and any attempt by the twentieth-century frogs to inflate themselves into seventeenth-century oxen will only have the familiar consequence for them."
nl.proc.sgd.d.194619470000441.2.9,1946-11-28,Tilanus,nl.p.chu,TG1,SW1,2,3,Tegenover elkaar stelde hij eenerzijds de tocht naar Chatham in 1667 van Michiel Adriaansz. || In beide gevallen werd blijk pegeven van een juiste maritieme visie.,"Ik kan den geachten afgevaardigde de verzekering geven, dat de ervaring van den afgeloopen oorlog heeft geleerd, dat smaldeelen van een harmonische samenstelling, als in de Memorie van Toelichting is aangegeven, zeker niet als een verlengstuk van andere vloten moeten worden aangemerkt. || Rekening houdende met het feit, dat een ontmoeting met de sterke Britsche vloot, waarvan de bevelhebber, admiraal Strikland, koningsgezind was, niet uitgesloten was, moet men deze operatie dan ook, evenals die naar Chatham, beschouwen als in de eerste plaats een maritieme operatie, terwijl het succes ook in dit geval aan een juiste, maritieme, strategische visie was te danken. || Hetzelfde geldt voor den tocht van den Koning-Stadhouder.","He contrasted the journey to Chatham in 1667 by Michiel Adriaansz. || In both cases, a correct maritime vision was demonstrated.","I can assure the esteemed representative that the experience of the recent war has taught us that small units of a harmonious composition, as indicated in the explanatory memorandum, should certainly not be regarded as an extension of other fleets. || Considering the fact that an encounter with the strong British fleet, whose commander, Admiral Strikland, was loyal to the king, could not be ruled out, this operation should also be viewed, like the one towards Chatham, primarily as a maritime operation, with success in this case also attributed to a correct maritime strategic vision. || The same applies to the journey of the King-Stattholder."
nl.proc.sgd.d.194619470000449.3.20,1946-12-13,van Dis,nl.p.sgp,TG1,SW1,1,1,"Ten tweede zou ik er den Minister opmerkzaam op willen maken, dat onzerzijds, in het voetspoor der Dordtsche Synode en der oude GereformeerdÂ© theologen, nimmer bezwaren zijn ingebracht tegen het verrichten van noodzakelij ken Zondagschen arbeid door personen, die in dienst der Overheid voor de handhaving van het gezag, alsmede voor die van de openbare orde, rust en veiligheid moeten zorgen.","Ten tweede zou ik er den Minister opmerkzaam op willen maken, dat onzerzijds, in het voetspoor der Dordtsche Synode en der oude GereformeerdÂ© theologen, nimmer bezwaren zijn ingebracht tegen het verrichten van noodzakelij ken Zondagschen arbeid door personen, die in dienst der Overheid voor de handhaving van het gezag, alsmede voor die van de openbare orde, rust en veiligheid moeten zorgen.","Secondly, I would like to draw the Minister's attention to the fact that, following the example of the Dordrecht Synod and the old Reformed theologians, we have never raised objections against the performance of necessary work on Sundays by individuals who, in the service of the government, must ensure the maintenance of authority, as well as public order, peace, and safety.","Secondly, I would like to draw the Minister's attention to the fact that, following the example of the Dordrecht Synod and the old Reformed theologians, we have never raised objections against the performance of necessary work on Sundays by individuals who, in the service of the government, must ensure the maintenance of authority, as well as public order, peace, and safety."
nl.proc.sgd.d.194619470000453.3.2.53,1946-12-19,Zandt,nl.p.sgp,TG2,SW2,1,1,In de dagen van admiraal de Ruyter was zulk een vernedering zelfs niet denkbaar.,In de dagen van admiraal de Ruyter was zulk een vernedering zelfs niet denkbaar.,"In the days of Admiral de Ruyter, such a humiliation was even unthinkable.","In the days of Admiral de Ruyter, such a humiliation was even unthinkable."
nl.proc.sgd.d.194619470000453.4.36,1946-12-19,Zandt,nl.p.sgp,TG2,SW2,2,2,"In de dagen van admiraal de Ruyter was zulk een vernedering zelfs niet denkbaar. || Nooit zouden mannen van het slag van een de Buyter het hebben willen gedoogen, dat Nederland zoo ontzaglijk vernederd zou worden.","Maar, Mijnheer de Voorzitter, thans zien wij, dat dit helaas zeer wel mogelijk is. || Die tocht daarhenen is waarlijk een gang naar Canossa en niet anders geweest.","In the days of Admiral de Ruyter, such a humiliation was even unthinkable. || Men like de Buyter would never have tolerated such a tremendous humiliation for the Netherlands.","But, Mr. Chairman, we now see that this is unfortunately very possible. || That journey there has truly been a walk to Canossa and nothing else."
nl.proc.sgd.d.194619470000456.4.2,1947-02-05,Nederhorst,nl.p.pvda,TG1,SW1,1,1,"dachte al veel ouder en moeten w-ij teruggaan tot de kan listisehe schrijvers van de 17de eeuw, die de gedachte va i Btaatsbegrootmg voor het eerst poneerden.","dachte al veel ouder en moeten w-ij teruggaan tot de kan listisehe schrijvers van de 17de eeuw, die de gedachte va i Btaatsbegrootmg voor het eerst poneerden. Want wal begrooting anders dan een financieel pion voor de Over' uitgaven?","I thought it was much older, and we have to go back to the canonical writers of the 17th century, who first proposed the idea of state budgeting.","I thought it was much older, and we must go back to the canonical writers of the 17th century, who first proposed the idea of state budgeting. Because what is budgeting other than a financial plan for government expenditures?"
nl.proc.sgd.d.194719480000443.2.96,1947-12-11,Terpstra,nl.p.arp,TG1,SW1,2,2,"De oude schilderijen uit de 16de en 17de eeuw moet men beschouwen als patiënten. || Onder die schilderijen zijn er, die twee- en driehonderd jaar Handelingen der Stater.","Ik zou in verband met de plannen om de oude schilderijen te doen reizen naar verschillende tentoonstellingen ccn woord van waarschuwing willen laten horen. || Zij zitten vol barstjes en men moet er voorzichtig mee zijn om die schilderijen te brengen in localiteiten, waar de temperatuur en het vochtigheidsgehalte van de lucht anders zijn dan die, waaraan die schilderijen gewoon zijn.","The old paintings from the 16th and 17th centuries should be regarded as patients. || Among those paintings are some that are two and three hundred years old, depicting the Acts of the States.","I would like to sound a word of warning regarding the plans to send the old paintings to various exhibitions. || They are full of cracks, and one must be careful when bringing those paintings to locations where the temperature and humidity levels are different from what the paintings are used to."
nl.proc.sgd.d.194719480000446.2.4,1947-12-17,Zandt,nl.p.sgp,TG2,SW2,2,2,"Geen Michiel de Ruyter zou het dulden, dat zijn janmaats zo behandeld werden. || Geen Prins Maurits zou het lijdelijk willen aanzien, dat zijn soldaten zo in de dood werden gedreven.","Geen Michiel de Ruyter zou het dulden, dat zijn janmaats zo behandeld werden. || Geen Prins Maurits zou het lijdelijk willen aanzien, dat zijn soldaten zo in de dood werden gedreven.",No Michiel de Ruyter would tolerate his crew being treated that way. || No Prince Maurits would passively watch as his soldiers were driven to their deaths like that.,No Michiel de Ruyter would tolerate his crew being treated that way. || No Prince Maurits would passively watch as his soldiers were driven to their deaths like that.
nl.proc.sgd.d.194719480000479.4.2,1948-04-28,Meijerink,nl.p.arp,TG1,SW1,1,3,"Deze plannen herinneren mij aan de glorietijd van de Oost-Indische Compagnie, toen deze zich ook buiten elke staatkundige verantwoording hield en contracten afsloot met de Indische vorsten.","Ik verwacht van de economische en financiële overeenkomsten, los van Nederlands verantwoordelijkheid, niets dan ellende voor de Indonesische bevolking. Deze plannen herinneren mij aan de glorietijd van de Oost-Indische Compagnie, toen deze zich ook buiten elke staatkundige verantwoording hield en contracten afsloot met de Indische vorsten. || Ik verwacht van de economische en financiële overeenkomsten, los van Nederlands verantwoordelijkheid, niets dan ellende voor de Indonesische bevolking. || Deze plannen herinneren mij aan de glorietijd van de Oost-Indische Compagnie, toen deze zich ook buiten elke staatkundige verantwoording hield en contracten afsloot met de Indische vorsten.","These plans remind me of the heyday of the East India Company, when it also operated outside of any political accountability and made contracts with the Indian princes.","I expect nothing but misery for the Indonesian people from the economic and financial agreements, apart from Dutch responsibility. These plans remind me of the glory days of the Dutch East India Company, when it also operated outside of any political accountability and made contracts with the Indonesian princes. || I expect nothing but misery for the Indonesian people from the economic and financial agreements, regardless of Dutch responsibility. || These plans remind me of the heyday of the East India Company, when it also operated outside of any political accountability and made contracts with the Indian princes."
nl.proc.sgd.d.194819490000445.4.3,1948-11-16,Borst,nl.p.cpn,TG1,SW1,1,1,Het principe was daarbij hetzelfde als in de tijd van de heren van de koopvaardij in de 17de eeuw: goedkoop voiksvoedsel om de winsten van de grote ondernemers hoog te doen zijn.,Het principe was daarbij hetzelfde als in de tijd van de heren van de koopvaardij in de 17de eeuw: goedkoop voiksvoedsel om de winsten van de grote ondernemers hoog te doen zijn.,The principle was the same as in the time of the merchants of trade in the 17th century: cheap staple food to keep the profits of the big entrepreneurs high.,The principle was the same as in the time of the merchants of trade in the 17th century: cheap staple food to keep the profits of the big entrepreneurs high.
nl.proc.sgd.d.194819490000457.2.9,1948-12-09,Scheps,nl.p.pvda,TG1,SW5,1,1,Dan moet men het logboek van Michiel Adriaanszoon de Ruyter eens nazien en eens nagaan hoe men in Bestevaers tijd klaagde over de verwildering van zeden onder de matrozen.,"Dan leest men over de verwildering der zeden van „onze tijd"""", de zeventiende eeuw, en tevens een verwijzing naar vroeger tijd.","Then one should take a look at the logbook of Michiel Adriaanszoon de Ruyter and see how, during Bestevaer's time, there were complaints about the decline of morals among the sailors.","Then one reads about the decline of morals in ""our time,"" the seventeenth century, as well as a reference to earlier times."
nl.proc.sgd.d.194819490000472.6.11,1949-01-27,Korthals,nl.p.vvd,TG1,SW1,2,5,"Ik merk hierbij op, dat ons volk eeuwen lang verbonden is geweest met de zee en de waarde van de traditie mag zeker in dit verband niet over het hoofd worden gezien. || Zou dit verloren gaan, dan zal hier kunnen gelden het woord van onze grote admiraal De Ruyter.","Voor mij is het daarom noodzaak, dat wij een zo krachtig mogelijke marine hebben; || Daarom zeg ik, dat elk schip in bondgenootschappelijk verband zijn betekenis heeft. || Ik kan het er ook mee eens zijn, als men zegt, dat Nederland pontonniers naar voren moet brengen, maar ik denk daarbij ook aan het korps mariniers, dat een grote traditie heeft en dat in bondgenootschappelijk verband naar mijn gevoelen een zeer goede rol zal kunnen spelen. || Effectieve verdediging van een convooi vereist effectieve teams en in zulk een team van bescherming kunnen kruisers niet worden gemist. || ik acht hetgeen thans wordt gebouwd en gevraagd wel een minimum.","I would like to point out that our people have been connected to the sea for centuries, and the value of tradition should certainly not be overlooked in this context. || If this were to be lost, the words of our great admiral De Ruyter could apply here.","For me, it is therefore essential that we have a strong navy. || That is why I say that every ship has its significance in an alliance. || I can agree with the statement that the Netherlands should deploy pontoon engineers, but I also think of the Marine Corps, which has a great tradition and, in my opinion, could play a very good role in an allied context. || Effective defense of a convoy requires effective teams, and in such a protection team, cruisers cannot be overlooked. || I consider what is currently being built and requested to be a minimum."
nl.proc.sgd.d.194819490000487.3.2,1949-05-17,Welter zet zijn rede voort en,,TG1,SW2,1,1,"Aan de miHioenenbevolking wordt natuurlijk niet gedacht dooide Veiligheidsraad en de United Nations en het merkwaardige feit doet zich dus voor, dat een socialistische politiek in Indië uitloopt op een directe begunstiging van het kapitalisme in zijn slechtste, en ongunstigste vorm, dat de bevolking bloot stelt aan een uitbuiting zonder weerga, een uitbuiting waarmee vergeleken de tijd van de Oost-Indische Compagnie een rozige periode is.","Aan de miHioenenbevolking wordt natuurlijk niet gedacht dooide Veiligheidsraad en de United Nations en het merkwaardige feit doet zich dus voor, dat een socialistische politiek in Indië uitloopt op een directe begunstiging van het kapitalisme in zijn slechtste, en ongunstigste vorm, dat de bevolking bloot stelt aan een uitbuiting zonder weerga, een uitbuiting waarmee vergeleken de tijd van de Oost-Indische Compagnie een rozige periode is.","The millions of people are, of course, not considered by the Security Council and the United Nations, and the remarkable fact arises that a socialist policy in India results in a direct favoring of capitalism in its worst and most unfavorable form, exposing the population to an unprecedented exploitation, an exploitation that makes the time of the East India Company seem like a rosy period in comparison.","The millions of people are, of course, not considered by the Security Council and the United Nations, and the remarkable fact arises that a socialist policy in India results in a direct favoring of capitalism in its worst and most unfavorable form, exposing the population to an unprecedented exploitation, an exploitation that makes the time of the East India Company seem like a rosy period in comparison."
nl.proc.sgd.d.194919500000574.2.5,1949-11-09,Zandt,nl.p.sgp,TG3,SW2,2,2,"Het is thans zover gekomen, dat onze marine, haar basis, haar vlootvoogden en manschappen in Indië onder een vreemd bestuur zijn gesteld, zover gekomen, dat onze marine in de Indonesische wateren benevens de eigen vlag . || Wat zelfs de gewone janmaat uit onze Gouden Eeuw daarvan wel zeggen?","Het is thans zover gekomen, dat onze marine, haar basis, haar vlootvoogden en manschappen in Indië onder een vreemd bestuur zijn gesteld, zover gekomen, dat onze marine in de Indonesische wateren benevens de eigen vlag . || Wat zouden een De Ruyter, een Tromp, daar wel van getuigen?","It has now come to the point that our navy, its base, its fleet commanders, and personnel in India are under foreign control, to the extent that our navy is in Indonesian waters alongside its own flag. || What would even the average person from our Golden Age say about that?","It has now come to the point that our navy, its base, its fleet commanders, and personnel in India are under foreign control, to the extent that our navy is in Indonesian waters alongside its own flag. || What would a De Ruyter, a Tromp, testify about that?"
nl.proc.sgd.d.194919500000576.2.7,1949-11-11,Zandt,nl.p.sgp,TG2,SW1,2,2,"Niet alleen vocht zij zich zegevierend in een heldhaftige en roemruchte strijd vrij van Spanje""""s geweldige overmacht en despotisme, maar, meer nog, met schatten goud en zilver overladen, als Israël weleer uit Egypte's diensthuis, mochten onze voorouders een gouden eeuw ingaan. || De Regering moge zich dit voor ogen stellen en richte haar bestuur en beleid in overeenkomstig Gods Woord en Wet.",De Regering moge zich dit voor ogen stellen en richte haar bestuur en beleid in overeenkomstig Gods Woord en Wet. || Daarvan verwachten wij overeenkomstig Gods Woord het heil voor ons volk.,"Not only did she triumphantly free herself in a heroic and glorious struggle against Spain's overwhelming power and despotism, but, even more so, laden with treasures of gold and silver, like Israel of old from the house of bondage in Egypt, our ancestors were able to enter a golden age. || The Government should keep this in mind and shape its administration and policy in accordance with God's Word and Law.","The Government should keep this in mind and shape its administration and policy in accordance with God's Word and Law. || From that, we expect salvation for our people in accordance with God's Word."
nl.proc.sgd.d.194919500000587.4.6,1949-12-06,van der Goes van Naters,nl.p.pvda,TG4,SW4,3,3,"Ik meen, dat wij in onze dagen — och, het is zo begrijpelijk — wel iets te veel idealiseren de historische band van 300 jaar. Gijsbert Karel van Hogendorp, toch geen revolutionnair, heeft het tijdvak van de Oost-Indische Compagnie aldus gekarakteriseerd: Het land en volk werden uitgezogen en de beschaving zelf gestremd in haar natuurlijke loop. || Gijsbert Karel van Hogendorp, toch geen revolutionnair, heeft het tijdvak van de Oost-Indische Compagnie aldus gekarakteriseerd: Het land en volk werden uitgezogen en de beschaving zelf gestremd in haar natuurlijke loop. || Ik meen, dat wij in onze dagen — och, het is zo begrijpelijk — wel iets te veel idealiseren de historische band van 300 jaar.","Nu wil ik hieraan toevoegen, dat dit ook politiek afschuwelijke jaren waren. || Nu wil ik hieraan toevoegen, dat dit ook politiek afschuwelijke jaren waren. Het Indonesische conflict heeft zeer dikwijls sinds 1945 ook hier onze landspolitiek verlamd, onze nationale eenheid, die door de bezetting was versterkt, weer verbroken. || Gijsbert Karel van Hogendorp, toch geen revolutionnair, heeft het tijdvak van de Oost-Indische Compagnie aldus gekarakteriseerd: Het land en volk werden uitgezogen en de beschaving zelf gestremd in haar natuurlijke loop.","I mean, in our days — oh, it's so understandable — we tend to idealize the historical bond of 300 years a bit too much. Gijsbert Karel van Hogendorp, certainly no revolutionary, characterized the period of the East India Company as follows: The land and people were drained, and civilization itself was hindered in its natural course. || Gijsbert Karel van Hogendorp, not a revolutionary, characterized the era of the Dutch East India Company as follows: The land and people were drained, and civilization itself was hindered in its natural course. || I mean, in our days — oh, it's so understandable — we tend to idealize the historical bond of 300 years a bit too much.","I would like to add that these were also politically dreadful years. || I would like to add that these were also politically dreadful years. The Indonesian conflict has often paralyzed our domestic politics since 1945, breaking our national unity, which had been strengthened by the occupation. || Gijsbert Karel van Hogendorp, not a revolutionary, characterized the era of the Dutch East India Company as follows: The land and people were drained, and civilization itself was hindered in its natural course."
nl.proc.sgd.d.194919500000588.2.37,1949-12-07,Zandt,nl.p.sgp,TG2,SW3,3,3,"De slag onder admiraal De Ruyter bij Kijkduin had toen plaats. || God de Heere verwekke ons weer zulke mensen, die in de vreze Zijns Naams hun Vaderland liefhebben, want eerst dan zal Nederland weer een toekomst hebben. || Die zelfde God leeft nog.","De Ruyter was een man, die zijn vaderland zijn gehele hart toedroeg; || God de Heere verwekke ons weer zulke mensen, die in de vreze Zijns Naams hun Vaderland liefhebben, want eerst dan zal Nederland weer een toekomst hebben. || zijn vaderland was een stuk van zijn leven.","The battle under Admiral De Ruyter at Kijkduin took place then. || May God the Lord raise up such people again, who love their homeland in reverence of His Name, for only then will the Netherlands have a future again. || That same God is still alive.","De Ruyter was a man who devoted his whole heart to his homeland; || May God the Lord raise up such people again, who love their homeland in reverence of His Name, for only then will the Netherlands have a future again. || his homeland was a part of his life."
nl.proc.sgd.d.194919500000622.6.17,1950-05-25,Zandt,nl.p.sgp,TG3,SW4,1,1,"Zó ver is het dan gekomen, dat Nederland, dat eenmaal een gouden eeuw beleefde en aan de spits der volkeren stond, thans bij het verlies van Indonesië tot een der onbexluidenste volken van heel de wereld is geworden.",Dit heeft een diepere oorzaak. Ons volk heeft God de rug toegekeerd en Zijn Wet verlaten.,"So far has it come that the Netherlands, which once experienced a golden age and stood at the forefront of nations, has now become one of the most insignificant peoples in the world with the loss of Indonesia.",This has a deeper cause. Our people have turned their backs on God and abandoned His Law.
nl.proc.sgd.d.195019510000549.2.4,1950-09-22,Verhoeven,nl.p.kvp,TG1,SW1,2,2,"Meindert Hobbema was een eerzaam ambachtsman van het penseel in de gouden eeuw. || Ik hoop van harte, dat deze wijnproever in zijn huwelijksgeluk de beste wijn voor het laatst heeft bewaard, maar in ieder geval leert deze geschiedenis de les, dat de Overheid uiterst voorzichtig moet zijn in het kiezen van haar methodes om de kunstenaars te steunen.","Het moet in ieder geval niet zo zijn, dat postjes worden gegeven, die genieën verlammen. || Ik hoop van harte, dat deze wijnproever in zijn huwelijksgeluk de beste wijn voor het laatst heeft bewaard, maar in ieder geval leert deze geschiedenis de les, dat de Overheid uiterst voorzichtig moet zijn in het kiezen van haar methodes om de kunstenaars te steunen.","Meindert Hobbema was a respected craftsman of the brush in the Golden Age. || I sincerely hope that this wine taster has saved the best wine for last in his marital happiness, but in any case, this story teaches the lesson that the government must be extremely careful in choosing its methods to support artists.","It should not be the case that positions are given that paralyze geniuses. || I sincerely hope that this wine taster has saved the best wine for last in his marital happiness, but in any case, this story teaches the lesson that the government must be extremely careful in choosing its methods to support artists."
nl.proc.sgd.d.195019510000563.7.2,1950-11-10,Holtrop,,TG3,SW2,6,3,"Het is van een belangrijk imperium geworden tot een kleine vastelandstaat, die wellicht t. || Intuïtief voelden de bouwers van de Nederlandse Staat, dat het kleine land aan de mondingen van de grote rivieren van Europa tot elke prijs moest vermijden te worden geabsorbeerd door de oostelijke continentale machten, rijker, groter, machtiger dan het kleine land met 11 millioen inwoners in de 17de eeuw. || Een der zwartste bladzijden in de Nederlandse geschiedenis wordt dezer dagen geschreven. || Evenmin was iets te verwachten van geheime besprekingen van het Nederlandse Rode Kruis en van het Internationale Rode Kruis met de Regering van de Republiek Indonesië over het verlenen van steun aan een bevolking, welke werd uitgehongerd, omdat zij opkwam voor een elementair menselijk recht. || Ik wil aannemen — ik ben er zelfs van overtuigd —, dat de Regering bij de Veiligheidsraad en bij de Amerikaanse Regering stappen heeft gedaan om de zaak Ambon in de Veiligheidsraad aanhangig te maken, maar zij heeft blijkbaar zó weinig invloed in die kringen (wat na het gebeurde met de souvereiniteitsoverdracht niet verwonderlijk is), dat de Amerikaanse voorzitter van de Veiligheidsraad, Austin, bekend om zijn anti-Nederlandse uitingen en gevoelens, het bestaan heeft gedurende bijna 3 weken het voorstel om de zaakAmbon te behandelen onder de tafel te werken. || In dit verband acht ik mij verplicht te vermelden, dat, naar mij uit verschillende bronnen bekend is, zowel leger als vloot in de Verenigde Staten in ons geval zich verzet hebben tegen de politiek van „robbing Peter to pay Paul"""", maar het verloren hebben tegen de linkse en anti-Nederlandse stromingen in het State Department, waarvoor leger en vloot der Verenigde Staten onze dank verschuldigd is.","De realiteit is echter, dat de Regeringen sinds 1945, en ook deze, een zwak, weifelend beleid hebben gevoerd, dat tot een debacle moest leiden. || Ik meen, dat op deze houding van het Kabinet invloed heeft gehad de instelling van de Partij'van de Arbeid ten aanzien van de afscheiding van Indië. || Deze Regering heeft thans de ankerketting gekapt en daaruit volgt onvermijdelijk een nieuwe oriëntering voor ons land, welke op de duur zich onvermijdelijk moet richten naar het Oosten.","It has transformed from a significant empire into a small mainland state, which may... || Intuitively, the builders of the Dutch State felt that the small country at the mouths of Europe's great rivers had to avoid being absorbed by the eastern continental powers at all costs, which were richer, larger, and more powerful than the small country with 11 million inhabitants in the 17th century. || One of the darkest chapters in Dutch history is being written these days. || Nothing could be expected from secret discussions between the Dutch Red Cross and the International Red Cross with the Government of the Republic of Indonesia regarding the provision of support to a population that was being starved because they stood up for a fundamental human right. || I want to assume — I am even convinced — that the Government has taken steps with the Security Council and the American Government to bring the Ambon issue before the Security Council, but it seems that they have so little influence in those circles (which is not surprising after what happened with the transfer of sovereignty) that the American president of the Security Council, Austin, known for his anti-Dutch statements and sentiments, has managed to keep the proposal to address the Ambon issue off the table for almost 3 weeks. || In this context, I feel compelled to mention that, according to various sources, both the army and the navy in the United States have opposed the policy of ""robbing Peter to pay Paul"" in our case, but they have lost out to the leftist and anti-Dutch currents in the State Department, for which the army and navy of the United States deserve our gratitude.","The reality is, however, that the governments since 1945, including this one, have pursued a weak, hesitant policy that was bound to lead to a debacle. || I believe that the attitude of the Cabinet has been influenced by the stance of the Labour Party regarding the separation of Indonesia. || This government has now severed the anchor chain, and as a result, a new orientation for our country is inevitably emerging, which will ultimately have to turn towards the East."
nl.proc.sgd.d.195019510000588.2.38,1951-01-23,Gerbrandy,nl.p.arp,TG1,SW1,2,2,"Reeds in de studie, die men als het standaardwerk van de Calvinistische Staatsleer van de 17de eeuw kan opvatten, het werk van Althusius, komt voor onder bepaalde omstandigheden de bevoegd tot secessie. || Wij zouden zeggen: daar zit het element van zelfbestemming, zoals het tegenwoordig wordt geïnterpreteerd, in beginsel reeds in.","Reeds in de studie, die men als het standaardwerk van de Calvinistische Staatsleer van de 17de eeuw kan opvatten, het werk van Althusius, komt voor onder bepaalde omstandigheden de bevoegd tot secessie. || Wij zouden zeggen: daar zit het element van zelfbestemming, zoals het tegenwoordig wordt geïnterpreteerd, in beginsel reeds in.","Already in the study, which can be regarded as the standard work of 17th-century Calvinist political theory, the work of Althusius mentions that under certain circumstances, the right to secession exists. || We would say: the element of self-determination, as it is currently interpreted, is fundamentally already present in that.","Already in the study, which can be regarded as the standard work of 17th-century Calvinist political theory, the work of Althusius mentions that under certain circumstances, the right to secession exists. || We would say: the element of self-determination, as it is currently interpreted, is fundamentally already present in that."
nl.proc.sgd.d.195019510000605.5.4,1951-05-10,Fortanier-de Wit,nl.p.vvd,TG2,SW1,2,2,"Had het, zo vraagt hij verder, een kwaliteit ingeboet, die men de heroïsche zou willen noemen? || Huizinga over spreekt, zich manifesteren in een duidelijke opvoering van onze beschavingskracht.","Een belangrijke taak en een zware verantwoordelijkheid liggen hier voor het gehele Kabinet en in het bijzonder voor de bewindslieden van Onderwijs, Kunsten en Wetenschappen, || ) Een opvoering van onze beschavingskracht, opdat het Nederlandse volk in steeds grotere lagen het besef zal krijgen, dat de offers voor de militaire verdediging noodzakelijk zijn om de Nederlandse cultuur in de meest ruime zin van het woord te beschermen.","Did it, he asks further, lose a quality that one would want to call heroic? || Huizinga speaks about manifesting in a clear demonstration of our civilizational strength.","An important task and a heavy responsibility lie ahead for the entire Cabinet, and in particular for the ministers of Education, Arts, and Sciences. || A demonstration of our civilizational strength, so that the Dutch people will increasingly realize that the sacrifices for military defense are necessary to protect Dutch culture in the broadest sense of the word."
nl.proc.sgd.d.195019510000606.10.5,1951-05-11,Welter,nl.p.knp,TG1,SW1,2,6,"Er is geen beter middel om de jeugd begrip bij te brengen voor de schoonheid van de natuur dan haar in de eerste jaren van de schooltijd waardering en eerbied voor het geschapene rondom hen bij te brengen. || Betekent het, dat in de practijk de leerkrachten gedwongen zullen worden de kinderen iets te vertellen van onze grote schilders uit de zeventiende eeuw, over onze grote schrijvers en dichters en over kunstenaars uit andere landen, over beroemde bouwwerken, iets over de schoonheid der natuur, over bloemen, dieren en planten?","Wanneer men erkent, dat het volkskind er behoefte aan heeft gedurende de enkele jaren, dat het onderwijs geniet, ook bekendgemaakt te worden met de hogere dingen in het leven, dan is er geen andere oplossing dan dit vast te leggen in het program der school. || Ik heb het genoegen gehad reeds een paar maal met deze Minister van gedachten te wisselen over de vraag of het geen aanbeveling verdient bij het lager onderwijs, het voortgezet lager onderwijs en het nijverheidsonderwijs, dat voor de grootste meerderheid van de Nederlandse kinderen tevens eindonderwijs is, een plaats in te ruimen aan een leervak, dat ik eenvoudigheidshalve „eenvoudige aesthetiek"""" heb genoemd. || er moet op het program een plaats worden ingeruimd aan wat ik eenvoudigheidshalve noemde: eenvoudige aesthetiek, dan vlucht de Minister in algemeenheden, waarbij hij zegt, dat veel, zo niet alles, hier zal afhangen van de vraag, of de leerkrachten in staat zijn de leerlingen te boeien en dat het culturele peil van de leerkrachten in dezen van allesoverheersende betekenis is. || Dat is volkomen juist, maar dat geldt niet alleen voor het onderwijs in eenvoudige aesthetiek, maar voor alle onderwijs. || de onderwijzers in hoge mate, als men aanneemt, dat zij zonder speciale voorbereiding niet wat eenvoudige aesthetiek aan kinderen tot 14 jaar zouden kunnen bijbrengen. || Daarom zou ik de Minister willen vragen: zoudt gij niet eens een experiment willen nemen met het geven van onderwijs in het vak eenvoudige aesthetiek aan een aantal scholen.","There is no better way to instill an appreciation for the beauty of nature in young people than to teach them to value and respect the creation around them during their early school years. || Does it mean that in practice teachers will be forced to tell the children something about our great painters from the seventeenth century, about our great writers and poets, and about artists from other countries, about famous buildings, something about the beauty of nature, about flowers, animals, and plants?","When one recognizes that the child has a need, during the few years it receives education, to also be introduced to the higher things in life, then there is no other solution than to incorporate this into the school curriculum. || I have had the pleasure of exchanging thoughts with this Minister a few times on the question of whether it deserves recommendation in primary education, secondary primary education, and vocational education, which for the vast majority of Dutch children is also final education, to include a subject that I have simply called ""simple aesthetics."" || There must be a place in the program for what I simplistically referred to as simple aesthetics; otherwise, the Minister resorts to generalities, stating that much, if not everything, will depend on whether the teachers are able to engage the students and that the cultural level of the teachers is of paramount importance in this regard. || That is completely true, but it applies not only to education in simple aesthetics, but to all education. || teachers to a large extent, assuming that they could not teach even simple aesthetics to children under 14 without special preparation. || Therefore, I would like to ask the Minister: would you consider conducting an experiment by offering education in the subject of simple aesthetics at a number of schools?"
nl.proc.sgd.d.195119520000698.10.29,1951-10-31,Gerbrandy,nl.p.arp,TG1,SW2,2,2,"dat is uit de toptijd van het Calvinisme. Moge hij nog vele boeken van het Calvinisme uit de 17de eeuw lezen, Mijnheer de Voorzitter! || Maar ziet, daarna spreekt de Minister drie uur lang om te verdedigen het octrooi aan een politiek-economische pool.","Moge hij nog vele boeken van het Calvinisme uit de 17de eeuw lezen, Mijnheer de Voorzitter! || Maar ziet, daarna spreekt de Minister drie uur lang om te verdedigen het octrooi aan een politiek-economische pool.","That is from the heyday of Calvinism. May he read many more books on Calvinism from the 17th century, Mr. Chairman! || But look, then the Minister speaks for three hours to defend the patent in a political-economic context.","May he read many more books on Calvinism from the 17th century, Mr. Chairman! || But look, then the Minister speaks for three hours to defend the patent in a political-economic context."
nl.proc.sgd.d.195119520000704.3.3,1951-11-14,Zandt,nl.p.sgp,TG2,SW1,2,2,"dan was het zelfs mogelijk, dat er ten tweeden male een gouden eeuw op zou dagen, zoals er een opgedaagd is na een zware strijd van tachtig jaren, in weerwil, dat er gestreden werd tegen een overmacht van vijanden, en in weerwil, dat duizenden en duizenden door Rome's inquisitie om het leven zijn gebracht. || Zulk een stelsel, als in de gouden eeuw van kracht was, staat de Staatkundig Gereformeerde Partij voor, zodat zij hiermede de laster weerlegd acht, welke menigmaal over hen wordt uitgestrooid, als zouden de Staatkundig Gereformeerden zich niets van het lot der arbeiders en behoeftigen aantrekken.","Ware dit het geval, dan zou er onder Gods zegen weder op onze vaderlandse bodem die kracht ontwikkeld en weder die welvaart aanschouwd kunnen worden, welke er eenmaal, toen ons land overeenkomstig het oude artikel 36 geregeerd werd, ontwikkeld en aanschouwd zijn geworden; || Zulk een stelsel, als in de gouden eeuw van kracht was, staat de Staatkundig Gereformeerde Partij voor, zodat zij hiermede de laster weerlegd acht, welke menigmaal over hen wordt uitgestrooid, als zouden de Staatkundig Gereformeerden zich niets van het lot der arbeiders en behoeftigen aantrekken.","Then it was even possible that a golden age would emerge for the second time, just as one had appeared after a long struggle of eighty years, despite the fact that there was a fight against an overwhelming force of enemies, and despite the fact that thousands and thousands were killed by Rome's inquisition. || Such a system, as was in place during the Golden Age, is advocated by the Reformed Political Party, which they believe refutes the slander often spread about them, suggesting that the Reformed Political members do not care about the fate of workers and the needy.","If this were the case, then under God's blessing, that strength could once again be developed on our national soil, and that prosperity could once again be witnessed, which had once been developed and witnessed when our country was governed according to the old Article 36. || Such a system, as was in place during the Golden Age, is advocated by the Reformed Political Party, which they believe refutes the slander often spread about them, suggesting that the Reformed Political members do not care about the fate of workers and the needy."
nl.proc.sgd.d.195119520000709.2.2,1951-11-22,Zandt,nl.p.sgp,TG2,SW1,2,2,"Dit is geen particuliere opvatting van ons, maar het oordeel van de Kerk der Reformatie en dat der oude Christelijke Kerk. || Wij bepleiten, daarmede dit punt besluitende, dat de Regering in het vervolg zal weigeren haar troepen op des Heren dag aan niet noodzakelijke legeroefeningen te doen deelnemen, daarbij gehoorzaamheid aan God hoger stellende dan die aan mensen, en dat zij zich zal verstouten een krachtig protest te uiten tegen de op des Heren dag gehouden legcroefcningen.","Wij bepleiten, daarmede dit punt besluitende, dat de Regering in het vervolg zal weigeren haar troepen op des Heren dag aan niet noodzakelijke legeroefeningen te doen deelnemen, daarbij gehoorzaamheid aan God hoger stellende dan die aan mensen, en dat zij zich zal verstouten een krachtig protest te uiten tegen de op des Heren dag gehouden legcroefcningen. || bij deze legeroefeningen hebben plaats gehad, keuren wij ze bovenal scherp af, omdat daarbij een overtreding van Gods gebod heelt plaats gevonden.","This is not a private opinion of ours, but the judgment of the Reformed Church and that of the ancient Christian Church. || We advocate, concluding this point, that the Government will henceforth refuse to allow its troops to participate in unnecessary military exercises on the Lord's Day, placing obedience to God above that to men, and that it will dare to express a strong protest against military exercises held on the Lord's Day.","We advocate, concluding this point, that the Government will henceforth refuse to allow its troops to participate in unnecessary military exercises on the Lord's Day, placing obedience to God above that to men, and that it will dare to express a strong protest against military exercises held on the Lord's Day. || During these military exercises, we strongly disapprove of them, as a violation of God's command has indeed taken place."
nl.proc.sgd.d.195119520000726.4.4,1951-12-20,Welter,nl.p.knp,TG1,SW3,2,2,Alle grote schilders komen uit de Gouden Eeuw. || Toen maakten wij ze.,Toen maakten wij ze. || Vergeet u dat niet.,All great painters come from the Golden Age. || Then we made them.,Then we made them. || Don't forget that.
nl.proc.sgd.d.195119520000749.2.2,1952-03-12,Mulderije,,TG2,SW1,4,3,"Het zal ook behoren tot de middelen, waardoor de Regering beoogt het hoge goed der rechtshandhaving als een voorwerp van haar aanhoudende zorg, steeds beter tot zijn recht te doen komen. || Tenslotte is, omdat de Regering het bezwaar gevoelde en kennelijk juist achtte, er van geworden een geldboete. || Ook ik ben van oordeel, dat het hof, zoals het thans van gemengde samenstelling in het ontwerp is geprojecteerd, een zeer gelukkige oplossing betekent, anders dan de geachte afgevaardigde de heer Vonk, die, als ik hem wel heb begrepen, de voorkeur zou geven aan handhaving van de bestaande toestand. || Dat door mij verzocht is met de mondelinge behandeling in de Staten-Generaal van dit ontwerp te wachten, totdat de ad uuur zich zelf een definitief oordeel had gevormd, zal verklaarbaar voorkomen.","Instelling van de Nederlandse orde van advocaten alsmede regelen betreffende orde en discipline voor de advocaten en procureurs (Minister Mulderije) Wat zal, zo heeft hij gevraagd, nu het nut zijn van dat publiekrechtelijk orgaan voor de vormgeving aan de functie en welk zal het daadwerkelijk nut zijn, dat deze organisatie zal kunnen brengen? || Het zal ook behoren tot de middelen, waardoor de Regering beoogt het hoge goed der rechtshandhaving als een voorwerp van haar aanhoudende zorg, steeds beter tot zijn recht te doen komen. || Tenslotte is, omdat de Regering het bezwaar gevoelde en kennelijk juist achtte, er van geworden een geldboete.","It will also be part of the means by which the Government aims to enhance the high value of law enforcement as an object of its ongoing concern. || Finally, because the Government felt the objection and deemed it valid, it resulted in a fine. || I also believe that the court, as it is currently projected in a mixed composition in the draft, represents a very fortunate solution, unlike the esteemed representative Mr. Vonk, who, if I understood him correctly, would prefer to maintain the existing situation. || It will be understandable that I requested to wait for the oral discussion in the States General on this draft until the committee has formed a definitive opinion.","Establishment of the Dutch Bar Association as well as rules regarding order and discipline for lawyers and solicitors (Minister Mulderije) What, he has asked, will be the benefit of that public law body for the shaping of the function and what will be the actual benefit that this organization can provide? || It will also be part of the means by which the Government aims to enhance the high value of law enforcement as an object of its ongoing concern. || Finally, because the Government felt the objection and deemed it valid, it resulted in a fine."
nl.proc.sgd.d.195219530000238.2.19,1952-11-12,Zandt,nl.p.sgp,TG2,SW1,9,12,"Ons thans meer bepalende tot zaken, die ons eigen leger in het bijzonder aangaan, gaan wij spreken over de legeroefeningcn op des Heren dag. || De legeroefeningcn op des Heren dag zijn ongetwijfeld een overtreding van Gods gebod, een schending van het oeroud ChriStelijk beginsel en een terugkeer tot het heidendom. || De Minister had veel liever als Minister moeten aftreden dan de laatste zin te schrijven, waarin hij sanctie verleent aan de legeroefeningcn op des Heren dag. || Het wi> de dure plicht van deze Minister van Christclijk-historischen huize geweest om er op te wijzen, dat hier een oeroud Christelijk beginsel, een gebod des Heren, in het geding was, en deswege had hij volstandig moeten weigeren om ons leger aan legeroefeningen op des Heren dag te doen deelnemen. || Het behoeft geen nader betoog, dat wij de beoogde terugkeer uit eerbied voor des Heren dag bepleiten. || waar de eerbied voor des Heren dag ontbreekt en de militaire overheid daarmede geen rekening houdt, mocht in ue kring van de militaire overheid weleens bedacht worden het woord uit Goethe""""s Faust: dor is de theorie. || dat de militaire overheid nooit wil breken met de terugkeer op de avond van des Heren dag. || Verder zijn wij van oordeel, dat do verplegers vooral in oorlogstijd totaal niet kunnen worden gemist, en zouden wij de Minister er voor willen waarschuwen om ten aanzien van de verplegers en verpleegsters geen ongelijke berechting te voeren en het korps van verplegers niet in te krimpen. || Wal de overplaatsingen betreft, zijn «rij van oordeel, dat deze veel te veel plaats vinden.","Ons thans meer bepalende tot zaken, die ons eigen leger in het bijzonder aangaan, gaan wij spreken over de legeroefeningcn op des Heren dag. || De legeroefeningcn op des Heren dag zijn ongetwijfeld een overtreding van Gods gebod, een schending van het oeroud ChriStelijk beginsel en een terugkeer tot het heidendom. || De Minister had veel liever als Minister moeten aftreden dan de laatste zin te schrijven, waarin hij sanctie verleent aan de legeroefeningcn op des Heren dag. || Het wi> de dure plicht van deze Minister van Christclijk-historischen huize geweest om er op te wijzen, dat hier een oeroud Christelijk beginsel, een gebod des Heren, in het geding was, en deswege had hij volstandig moeten weigeren om ons leger aan legeroefeningen op des Heren dag te doen deelnemen. || Het behoeft geen nader betoog, dat wij de beoogde terugkeer uit eerbied voor des Heren dag bepleiten. || waar de eerbied voor des Heren dag ontbreekt en de militaire overheid daarmede geen rekening houdt, mocht in ue kring van de militaire overheid weleens bedacht worden het woord uit Goethe""""s Faust: dor is de theorie. || dat de militaire overheid nooit wil breken met de terugkeer op de avond van des Heren dag. || Dat had daarenboven nog deze goede zijde gehad, dat er een krachtig getuigenis tegen de schending van Gods dag was afgelegd, welke bij zulk een vrij algemene vertrapping van die dag meer dan broodnodig geweest zou zijn. || Men heeft het gedurig over de goede geest in het leger, over het goede moreel van de troepen — en ook wij achten zulks een belangrijke zaak —, maar men bederft die totaal door de militairen in dezen te behandelen, zoals zij behandeld worden. || Deze waaroms zouden met vele andere nog te vermeerderen zijn, doch om des tijds wille moeten wij er van afzien om ze te stellen, te meer daar wij ten vorigen jare uitvoerig met het oog op de goede geest in het leger, alsook op de •levensbelangen der dienstplichtige militairen deze aangelegenheid uitvoerig besproken hebben. || De liefde tot het vaderland zal ongetwijfeld de goede geest in het leger ten goede komen en de zware dienstplicht gemakkelijker doen dragen. || Ook is het stellig voor het goede moreel in het leger van belang, dat de algemene welvaart onder ons volk bevorderd zal worden, in die zin namelijk, dat zij naar de ordonnantiën Gods gericht zal zijn.","We will now discuss matters that particularly concern our own army, specifically the military exercises on the Lord's Day. || The military exercises on the Lord's Day are undoubtedly a violation of God's command, a breach of the ancient Christian principle, and a return to paganism. || The Minister would have much preferred to resign as Minister than to write the last sentence, in which he grants sanction to the military exercises on the Lord's Day. || It was the expensive duty of this Minister from the Christian Historical background to point out that an ancient Christian principle, a commandment of the Lord, was at stake here, and for that reason he should have completely refused to allow our army to participate in military exercises on the Lord's day. || It goes without saying that we advocate for the intended return out of respect for the Lord's day. || Where the reverence for the Lord's day is lacking and the military authority does not take it into account, it might be worth considering within the military circles the words from Goethe's Faust: ""Dry is the theory."" || that the military government never wants to break with the return on the evening of the Lord's Day. || Furthermore, we believe that nurses are absolutely indispensable, especially in times of war, and we would like to warn the Minister not to conduct unequal treatment regarding nurses and to avoid downsizing the nursing corps. || As for the transfers, we are of the opinion that they occur far too often.","We will now discuss matters that particularly concern our own army, specifically the military exercises on the Lord's Day. || The military exercises on the Lord's Day are undoubtedly a violation of God's command, a breach of the ancient Christian principle, and a return to paganism. || The Minister would have much preferred to resign as Minister than to write the last sentence, in which he grants sanction to the military exercises on the Lord's Day. || It was the expensive duty of this Minister from the Christian Historical background to point out that an ancient Christian principle, a commandment of the Lord, was at stake here, and for that reason he should have completely refused to allow our army to participate in military exercises on the Lord's day. || It goes without saying that we advocate for the intended return out of respect for the Lord's day. || Where the reverence for the Lord's day is lacking and the military authority does not take it into account, it might be worth considering within the military circles the words from Goethe's Faust: ""Dry is the theory."" || that the military government never wants to break with the return on the evening of the Lord's Day. || Moreover, it would have had the positive aspect that a strong testimony against the violation of God's day would have been given, which would have been more than necessary in light of such a widespread trampling of that day. || People constantly talk about the good spirit in the army, about the good morale of the troops — and we also consider this an important matter — but they completely ruin it by treating the soldiers the way they are treated. || These reasons could be multiplied with many others, but for the sake of time, we must refrain from presenting them, especially since we discussed this matter extensively last year with regard to the good spirit in the army, as well as the life interests of the conscripted soldiers. || The love for the homeland will undoubtedly benefit the morale in the army and make the heavy conscription easier to bear. || It is also certainly important for the good morale in the army that the general welfare among our people will be promoted, in the sense that it will be aligned with God's ordinances."
nl.proc.sgd.d.195219530000305.3.17,1953-07-22,Korthals,nl.p.vvd,TG3,SW1,1,6,"Mijnheer de Voorzitter, wanneer men de praktijk ziet — en hiermede staan wij dan midden in het probleem — dan leert deze praktijk, dat de wereld niet meer is die van de zeventiende eeuw, niet die van de negentiende, eok niet meer die van 1914, en dat de waarborgen voor onze zekerheid en onze vrijheden van destijds in de nieuwe machtsverhoudingen geen waarborgen meer zijn.","Beziet men de zaak aldus, dan beseft men. dat tegenover het offer van afstand van een gedeelte onzer souvereiniteit aan de E. || Mijnheer de Voorzitter, wanneer men de praktijk ziet — en hiermede staan wij dan midden in het probleem — dan leert deze praktijk, dat de wereld niet meer is die van de zeventiende eeuw, niet die van de negentiende, eok niet meer die van 1914, en dat de waarborgen voor onze zekerheid en onze vrijheden van destijds in de nieuwe machtsverhoudingen geen waarborgen meer zijn. || Het is 'dus goed reeds nu de waarborgen te scheppen voor een vermijding van nationaal geleide legers met nationale generale staven, die in onderling wantrouwen jegens elkander plannen maken tegen elkander. || verband houdt met betrekking tot het militaire verder de mogelijkheid in van een taakverdeling, die nadere waarborgen biedt, dat de Staten individueel niet te machtig worden en alzo gevaar voor de vrede zouden kunnen gaan betekenen. || uiterst ver strekkende waarborgen inhoudt. || Ik vestig er ook hier de aandacht op, dat deze waarborgen gelden, zolang het Verenigd Koninkrijk partij is bij het Noord-Atlantisch Verdrag.","Mr. Chairman, when one looks at the practice — and this brings us right to the heart of the problem — it becomes clear that the world is no longer that of the seventeenth century, nor that of the nineteenth, nor even that of 1914, and that the guarantees for our security and our freedoms from back then are no longer guarantees in the new power dynamics.","If one views the matter this way, one realizes that in exchange for the sacrifice of a portion of our sovereignty to the E. || Mr. Chairman, when one looks at the practice — and this brings us right to the heart of the problem — it becomes clear that the world is no longer that of the seventeenth century, nor that of the nineteenth, nor even that of 1914, and that the guarantees for our security and our freedoms from back then are no longer guarantees in the new power dynamics. || It is therefore good to establish safeguards now to avoid nationally led armies with national general staffs, which make plans against each other in mutual distrust. || The agreement also includes the possibility of a division of tasks regarding the military, which provides further guarantees that the states do not become too powerful individually and thus pose a danger to peace. || extremely far-reaching guarantees. || I would also like to draw attention to the fact that these guarantees apply as long as the United Kingdom is a party to the North Atlantic Treaty."
nl.proc.sgd.d.195219530001347.3.18,1953-09-10,Gerbrandy,nl.p.arp,TG1,SW1,1,1,"Het zijn uitdrukkingen, die wij thans bijna alle gebruiken.","Daarom zie ik er geen bezwaar tegen, deze uitdrukking hier thans voor te stellen, zolang althans de geachte afgevaardigde de heer Gerbrandy mij geen betere aan de hand doet.",They are expressions that we almost all use nowadays.,"Therefore, I have no objection to proposing this expression here at this time, as long as the esteemed representative Mr. Gerbrandy does not offer me a better one."
nl.proc.sgd.d.195319540000255.3.23,1953-10-29,Zandt,nl.p.sgp,TG2,SW1,2,2,"Naarmate dit artikel in het Regeringsbeleid verwaarloosd werd, zonk ook ons volk weg van de hoogte, waarop het eenmaal in maatschappelijk, zedelijk en religieus opzicht had gestaan en verviel het in de greep van de Revolutie. || Het is mede uit die oorzaak, dat wij bij de Regering een algehele verandering van koers bepleiten.","Toen toch artikel 36 de grondslag van het Regeringsbeleid uitmaakte, stond Nederland mede aan de spits der volkeren en mocht het zich in een ongekende bloei verheugen. || Het is mede uit die oorzaak, dat wij bij de Regering een algehele verandering van koers bepleiten.","As this article was neglected in government policy, our people also sank from the heights it once held in social, moral, and religious terms, falling under the grip of the Revolution. || It is partly for this reason that we advocate for a complete change of course with the Government.","When Article 36 formed the basis of government policy, the Netherlands was at the forefront of nations and could rejoice in an unprecedented flourishing. || It is partly for this reason that we advocate for a complete change of course with the Government."
nl.proc.sgd.d.195319540001398.4.6,1953-12-15,Fortanier-de Wit,nl.p.vvd,TG2,SW1,2,2,"De maecenas, die aan het begin van deze eeuw nog goed werk kon doen, is praktisch van het toneel verdwenen, maar er zullen andere instanties moeten komen, die deze rol kunnen overnemen. || Zoals het was in de 17de eeuw en later, toen het een normaal verschijnsel was, dat ook eenvoudige mensen een goed schilderij in hun kamers hadden hangen.","De maecenas, die aan het begin van deze eeuw nog goed werk kon doen, is praktisch van het toneel verdwenen, maar er zullen andere instanties moeten komen, die deze rol kunnen overnemen. || Ook hier een punt voor de Raad voor de Kunst om te bestuderen, maar misschien is het de Minister mogelijk de denkbeelden, die hij op dit punt heeft, te ontvouwen.","The patron, who could still do good work at the beginning of this century, has practically disappeared from the scene, but other entities will need to emerge to take on this role. || Just as it was in the 17th century and later, when it was common for even ordinary people to have a good painting hanging in their rooms.","The patron, who could still do good work at the beginning of this century, has practically disappeared from the scene, but other entities will need to emerge to take on this role. || Here is also a point for the Council for the Arts to consider, but perhaps the Minister could share the ideas he has on this matter."
nl.proc.sgd.d.195319540001398.5.2,1953-12-15,Welter,nl.p.knp,TG1,SW1,3,2,"Ik denk ook aan de versiering van bureau's van representatieve functionarissen en van legaties en ambassades in het buitenland met copiën van schilderijen der grote meesters uit de 17de eeuw. || Wij stellen op prijs het onder artikel 287 uitgetrokken bedrag voor subsidiën aan verenigingen en stichtingen op het gebied van de monumentenzorg. || Op het gebied van de schilderkunst zijn er inderdaad tal van mogelijkheden om de kunstenaars te helpen in hun nood, mits het geld aanwezig is.",Ik denk ook aan de versiering van bureau's van representatieve functionarissen en van legaties en ambassades in het buitenland met copiën van schilderijen der grote meesters uit de 17de eeuw. || Het geld moet de Minister zien los te krijgen van zijn ambtgenoot van Financiën en van het Kabinet.,"I am also thinking about the decoration of the offices of representative officials and of legations and embassies abroad with copies of paintings by the great masters of the 17th century. || We appreciate the amount allocated under Article 287 for subsidies to associations and foundations in the field of heritage conservation. || In the field of painting, there are indeed numerous opportunities to assist artists in their need, provided that the funds are available.",I am also thinking about the decoration of the offices of representative officials and of legations and embassies abroad with copies of paintings by the great masters of the 17th century. || The Minister needs to get the money released from his counterpart in Finance and from the Cabinet.
nl.proc.sgd.d.195319540001422.2.4,1954-06-29,Welter,nl.p.knp,TG3,SW1,2,2,"Hun plaatsen zijn leeggevallen en zullen leeg blijven en als gevolg daarvan moet de kunst verdorren en moeten de kunstenaars verkommeren, tenzij de Regering namens de gemeenschap de taak overneemt, die vroeger individuele kunstbeschermers uitoefenden. || Niet zonder reden ziet men die opbloei in de tijd van de renaissance, in de tijd van de 15de en 16de eeuw in Italië, in de tijd van machtige, kunstlievende Pausen, in de 16de en 17de eeuw, in Spanje omstreeks dezelfde tijd en bij ons in de gouden eeuw, alsook in andere perioden, b.","Hun plaatsen zijn leeggevallen en zullen leeg blijven en als gevolg daarvan moet de kunst verdorren en moeten de kunstenaars verkommeren, tenzij de Regering namens de gemeenschap de taak overneemt, die vroeger individuele kunstbeschermers uitoefenden. || Ik stel dus voorop, dat, zoals de omstandigheden gelopen zijn, ruime bemoeienis van de Regering met de kunst en met de kunstenaars onontkoombaar is.","Their places have become vacant and will remain empty, and as a result, art must wither and artists must decline, unless the Government takes over the task on behalf of the community, which was previously carried out by individual art patrons. || Not without reason do we see that flourishing during the Renaissance, in the 15th and 16th centuries in Italy, during the time of powerful, art-loving Popes, in the 16th and 17th centuries in Spain around the same time, and in our own Golden Age, as well as in other periods.","Their places have become vacant and will remain empty, and as a result, art must wither and artists must decline, unless the Government takes over the task on behalf of the community, which was previously carried out by individual art patrons. || I therefore assert that, given how circumstances have unfolded, extensive involvement of the Government with art and artists is unavoidable."
nl.proc.sgd.d.195419550001387.6.20,1954-10-27,Krol,nl.p.chu,TG1,SW1,2,2,"Wat hebben deze mannen moeten strijden voor hun taal, vooral in de hogere kringen. || Daarom is de indiening van dit wetsontwerp een uitermate verstandige daad van de Regering en nu moet men buiten Friesland niet zo spoedig klaar staan met de argumenlatie: aan de extreme Friese uitingen wordt hierdoor voet gegeven.","Daarom is de indiening van dit wetsontwerp een uitermate verstandige daad van de Regering en nu moet men buiten Friesland niet zo spoedig klaar staan met de argumenlatie: aan de extreme Friese uitingen wordt hierdoor voet gegeven. || Daarom heeft het mij verheugd, dat, over het algemeen gesproken, de onderwijzersstand over dit wetsontwerp een mild oordeel heeft.","What these men had to fight for their language, especially in the higher circles. || Therefore, the submission of this bill is an extremely wise act by the Government, and now one should not be too quick to argue outside of Friesland: this gives credence to the extreme Frisian expressions.","Therefore, the submission of this bill is an extremely wise act by the Government, and now one should not be too quick to argue outside of Friesland: this gives credence to the extreme Frisian expressions. || Therefore, I was pleased that, generally speaking, the teaching profession has a favorable opinion of this bill."
nl.proc.sgd.d.195419550000304.3.2,1954-11-26,Ritmeester,nl.p.vvd,TG1,SW2,2,2,"In de goede oude tijd, in de 17de eeuw, vochten de Hollanders met de Engelsen en leverden zij bovendien alles, schepen, kruit en lood, aan hun vijanden. || Ik vraag nu alleen: is het juist, dat de Koninklijke Paketvaartmaatschappij, een Nederlandse onderneming, het transport verzorgt van de troepen, die aangewezen zijn om in ons gebied te infiltreren?","Maar dan zou ik willen vragen: kunt u geen maatregelen nemen tegen de directie van deze onderneming en zeggen, dat het uit moet zijn? || De Regering is mij tè geheimzinnig.","In the good old days, in the 17th century, the Dutch fought with the English and also supplied everything, ships, gunpowder, and lead, to their enemies. || I am now only asking: is it true that the Royal Packet Navigation Company, a Dutch company, is responsible for transporting the troops designated to infiltrate our area?",But then I would like to ask: can't you take measures against the management of this company and say that it has to stop? || The government is too secretive for me.
nl.proc.sgd.d.195419550000341.2.15,1955-03-17,Schmal,nl.p.chu,TG1,SW2,2,2,"Ik behoef zeker niet te herinneren aan een bekend woord, van koopmanszijde gesproken, uit onze z. || Toen heeft zich eens iemand te kwader ure laten verleiden tot de uitspraak, dat hij, mits daarmee geld te verdienen zou zijn, desnoods zou willen varen naar de hel.","Wat hiervan zij, dit kan, dunkt mij, in geen geval het standpunt zijn, dat ten deze in dit Huis mag worden ingenomen. || Het optreden van de K.","I certainly do not need to remind you of a well-known term, from the merchant's side, from our z. || At that time, someone once let himself be tempted to say, that if it could earn him money, he would be willing to sail to hell if necessary.","Be that as it may, it seems to me that this cannot, in any case, be the position that may be taken in this House. || The performance of the K."
nl.proc.sgd.d.195419550000341.2.22,1955-03-17,Oud,nl.p.vvd,TG3,SW2,2,2,"Dit is een bewijs te meer, dat de geachte afgevaardigde de heer Gerbrandy het nuchtere verstand door sentimenten heeft laten overheersen, hetgeen op zich zelf begrijpelijk is, maar daarom nog niet goed. || Het was merkwaardia: toen ik de aeachte afaevaardiade de heer Gerbrandy hoorde praten, dacht ik bij mij zelf: De geachte afaevaardiade denkt over die scheepvaartondernemers or> dezelfde manier als men er in de 16de of 17de eeuw over dacht.","Mijnheer de Voorzitter: Ik vond dat eigenlijk een echte oudervvetse klassenstrijdtaai uit de mond van een antirevolutionnair. || Dit is een bewijs te meer, dat de geachte afgevaardigde de heer Gerbrandy het nuchtere verstand door sentimenten heeft laten overheersen, hetgeen op zich zelf begrijpelijk is, maar daarom nog niet goed.","This is further evidence that the esteemed representative Mr. Gerbrandy has allowed sentiment to overshadow rational thinking, which is understandable in itself, but still not right. || It was remarkable: when I heard the esteemed representative Mr. Gerbrandy speak, I thought to myself: The esteemed representative thinks about those shipping entrepreneurs in the same way as people did in the 16th or 17th century.","Mr. Chairman: I actually found that a real old-fashioned class struggle statement coming from an anti-revolutionary. || This is further evidence that the esteemed representative Mr. Gerbrandy has allowed sentiment to overshadow rational thinking, which is understandable in itself, but still not right."
nl.proc.sgd.d.195419550000372.7.3,1955-07-12,Roosjen,nl.p.arp,TG1,SW1,2,2,"Het was ons land, dat aan het einde der 17de eeuw bekendstond als „la grande arche des fugitifs"""", toen 100 000 van het half millioen Franse réfugiés hun toevlucht zochten in deze lage landen aan de zee. || In de goedkeuring van het Verdrag betreffende de status van vluchtelingen, welke van ons gevraagd wordt, ligt voor ons de gelegenheid één der mooiste tradities van ons volk voort te zetten: het verlenen van gastvrijheid aan opgejaagde medemensen, het verlenen van hulp aan medeschcpselen, die in ballingschap werden gedreven.","In de goedkeuring van het Verdrag betreffende de status van vluchtelingen, welke van ons gevraagd wordt, ligt voor ons de gelegenheid één der mooiste tradities van ons volk voort te zetten: het verlenen van gastvrijheid aan opgejaagde medemensen, het verlenen van hulp aan medeschcpselen, die in ballingschap werden gedreven. || Ik steun deze Conventie van harte gaarne en ik wil er mijn blijdschap over kenbaar maken, dat de meeste der 20 Staten, welke haar tekenden, reeds tot ratificatie kwamen.","It was our country, which at the end of the 17th century was known as ""la grande arche des fugitifs,"" when 100,000 of the half a million French refugees sought refuge in these low countries by the sea. || In the approval of the Convention on the Status of Refugees, which we are asked to consider, we have the opportunity to continue one of the finest traditions of our people: offering hospitality to persecuted fellow human beings, providing assistance to those who have been driven into exile.","In the approval of the Convention on the Status of Refugees, which we are asked to consider, we have the opportunity to continue one of the finest traditions of our people: offering hospitality to persecuted fellow human beings, providing assistance to those who have been driven into exile. || I wholeheartedly support this Convention and I would like to express my happiness that most of the 20 States that signed it have already ratified it."
nl.proc.sgd.d.195419550000372.7.8,1955-07-12,Haken,nl.p.cpn,TG3,SW1,2,2,"Thans is het niet meer uit principe, dat men onderdak verleent aan hen, die om wille van hun geloof, ras of politieke opvattingen in nood verkeren, doch spelen bij het asyl verlenen aan mensen geheel andere factoren een rol. || Was ons land in de 17de eeuw bekend om zijn vrijheidstradities en om het feit, dat hier ieder, die in nood verkeerde, een toevlucht kon vinden, thans is dit niet meer zo.","Thans is het niet meer uit principe, dat men onderdak verleent aan hen, die om wille van hun geloof, ras of politieke opvattingen in nood verkeren, doch spelen bij het asyl verlenen aan mensen geheel andere factoren een rol. || Er zijn echter vluchtelingen en vluchtelingen.","Thanks, it is no longer a matter of principle that shelter is provided to those who are in need because of their faith, race, or political beliefs; rather, entirely different factors come into play when granting asylum to people. || In the 17th century, our country was known for its traditions of freedom and for the fact that anyone in need could find refuge here; this is no longer the case.","Thanks, it is no longer a matter of principle that shelter is provided to those who are in need because of their faith, race, or political beliefs; rather, entirely different factors come into play when granting asylum to people. || However, there are refugees and refugees."
nl.proc.sgd.d.195519560000278.4.5,1955-11-08,van Dis,nl.p.sgp,TG1,SW1,2,2,"Belasting moet echter geen overbelasting gaan worden of, zoals een Middelburgs predikant uit de 17de eeuw het eens uitdrukte: „de Overheid mag wel de wol, maar niet de huid van de schapen voor zich opeisen. || En dit laatste is in de jaren na de bevrijding maar al te zeer het geval geweest, waar in die jaren op ons volk een schier ondraaglijke belastingdruk werd en nog wordt uitgeoefend.","Belasting moet echter geen overbelasting gaan worden of, zoals een Middelburgs predikant uit de 17de eeuw het eens uitdrukte: „de Overheid mag wel de wol, maar niet de huid van de schapen voor zich opeisen. || Bovendien hadden wij het wenselijk gevonden, indien de verminderde uitgaven voor oorlogs- en watersnoodschade besteed waren aan verlaging van de belastingen.","However, taxes should not become a burden, or as a Middelburg preacher from the 17th century once put it: ""The government may claim the wool, but not the skin of the sheep."" || And this last point has been all too true in the years following the liberation, where during those years an almost unbearable tax burden was and still is imposed on our people.","However, taxes should not become a burden, or as a Middelburg preacher from the 17th century once put it: ""The government may claim the wool, but not the skin of the sheep."" || Furthermore, we would have found it desirable if the reduced spending on war and flood damage had been used to lower taxes."
nl.proc.sgd.d.195519560002068.2.5,1955-12-08,van Leeuwen,nl.p.vvd,TG2,SW1,2,2,"Een stelsel, dat zeer goed doorvoerbaar is, gelijk dat wel overduidelijk gebleken is, toen ons land zich in het tijdperk van de gouden eeuw bevond. || Zij kan de vergelijking met die van deze tijd glansrijk doorstaan, terwijl aan die verzorging een heel wat beter beginsel ten grondslag lag, namelijk het beginsel der barmhartigheid en naastenliefde, terwijl het bij de sociale verzekering alles dwang is wat de klok slaat en mede door de veelvoudige ambtenarij en bureaucratie de uitkeringen schriel zijn in vergelijking met wat een werkgever en werknemer daarvoor moeten opbrengen.","Een stelsel, dat zeer goed doorvoerbaar is, gelijk dat wel overduidelijk gebleken is, toen ons land zich in het tijdperk van de gouden eeuw bevond. || Zij kan de vergelijking met die van deze tijd glansrijk doorstaan, terwijl aan die verzorging een heel wat beter beginsel ten grondslag lag, namelijk het beginsel der barmhartigheid en naastenliefde, terwijl het bij de sociale verzekering alles dwang is wat de klok slaat en mede door de veelvoudige ambtenarij en bureaucratie de uitkeringen schriel zijn in vergelijking met wat een werkgever en werknemer daarvoor moeten opbrengen.","A system that is very well navigable, as has clearly been demonstrated when our country was in the era of the Golden Age. || She can easily withstand the comparison with that of this time, while the care was based on a much better principle, namely the principle of mercy and neighborly love, whereas in social insurance, everything is about coercion, and due to the extensive bureaucracy and red tape, the benefits are meager compared to what an employer and employee have to contribute for it.","A system that is very well navigable, as has clearly been demonstrated when our country was in the era of the Golden Age. || She can easily withstand the comparison with that of this time, while the care was based on a much better principle, namely the principle of mercy and neighborly love, whereas in social insurance, everything is about coercion, and due to the extensive bureaucracy and red tape, the benefits are meager compared to what an employer and employee have to contribute for it."
nl.proc.sgd.d.195519560002069.2.2,1955-12-09,Suurhoff,,TG3,SW1,4,3,"Wij behoeven, wat dat betreft, niet terug te gaan tot de Gouden Eeuw; || Ik dacht eerst, dat die zeeman dat zilverstuk geweigerd had, omdat het geen goudstuk was, omdat een goudstuk beter paste in de Gouden Eeuw Een van mijn politieke vrienden heeft mij echter duidelijk gemaakt, dat de mensen nog niet wisten, dal zij in de Gouden Eeuw leefden; || wij hebben voldoende aan de ervaringen van de 19de eeuw. || dat hebben wij later pas vastgesteld.","Minister Suurhoff weten, dat het systeem, dat de geachte afgevaardigde de heer Van Dis voorstaat, de grootst mogelijke ellende en narigheid meebrengt. Wij behoeven, wat dat betreft, niet terug te gaan tot de Gouden Eeuw; || Ds geachte afgevaardigde de heer Van Dis zei, dat hij niet was tegen het verlenen van hulp aan zieken en werklozen, maar hij meende, dat dit niet moet gebeuren via een dwangverzekering, maar door de Kerken, particuliere instellingen en de Overheid, dit dan ter wille van de versterking van het verantwoordelijkheidsbesef. || Minister Suurhoff weten, dat het systeem, dat de geachte afgevaardigde de heer Van Dis voorstaat, de grootst mogelijke ellende en narigheid meebrengt.","In that regard, we don't need to go back to the Golden Age; || At first, I thought that the sailor had refused the silver coin because it wasn't a gold coin, as a gold coin would have been more fitting for the Golden Age. However, one of my political friends made it clear to me that people did not yet realize they were living in the Golden Age. || We have enough from the experiences of the 19th century. || we only determined that later.","Minister Suurhoff knows that the system advocated by the esteemed representative Mr. Van Dis brings about the greatest misery and hardship. In that regard, we do not need to go back to the Golden Age; || The esteemed representative Mr. Van Dis stated that he was not against providing assistance to the sick and unemployed, but he believed that this should not happen through a compulsory insurance scheme, but rather through churches, private institutions, and the government, in order to strengthen the sense of responsibility. || Minister Suurhoff knows that the system advocated by the esteemed representative Mr. Van Dis brings the greatest possible misery and hardship."
nl.proc.sgd.d.195519560002070.2.11,1955-12-13,van Dis,nl.p.sgp,TG2,SW1,2,2,"Wij zijn echter van oordeel, dat de hulp ook zonder verzekering en zonder toepassing van dwang geboden kan worden, gelijk zulks geschiedde toen ons land in de 17de eeuw een bloeitijdperk meemaakte, waarvoor zelfs buitenlanders de grootste bewondering aan de dag hebben gelegd, ook voor wat de sociale verzorging betreft. || Deze historicus van naam toch verklaarde in een zijner werken, dat hij bij het lezen van wat Engelse geschiedschrijvers over de gouden eeuw geschreven hebben, met weemoed vervuld werd, als hij zag op het grote verval, waarin Nederland in zijn tijd gekomen was, vergeleken bij het bloeitijdperk uit de 17de eeuw, toen ook de sociale verzorging op zulk een hoog peil stond.","Wij zijn echter van oordeel, dat de hulp ook zonder verzekering en zonder toepassing van dwang geboden kan worden, gelijk zulks geschiedde toen ons land in de 17de eeuw een bloeitijdperk meemaakte, waarvoor zelfs buitenlanders de grootste bewondering aan de dag hebben gelegd, ook voor wat de sociale verzorging betreft. || Nogmaals wensen wij er met alle nadruk op te wijzen, dat wij niet op het standpunt staan, dat de arbeiders en anderen, indien zij in nood en behoeftige omstandigheden verkeren, niet zouden geholpen moeten worden.","However, we believe that assistance can also be provided without insurance and without the use of coercion, just as it was done when our country experienced a period of prosperity in the 17th century, which even drew the greatest admiration from foreigners, including in terms of social care. || This historian of note declared in one of his works that he was filled with nostalgia while reading what English historians had written about the Golden Age, as he reflected on the great decline that the Netherlands had experienced in his time, compared to the flourishing period of the 17th century, when social welfare was also at such a high level.","However, we believe that assistance can also be provided without insurance and without the use of coercion, just as it was done when our country experienced a period of prosperity in the 17th century, which even drew the greatest admiration from foreigners, including in terms of social care. || Once again, we would like to emphasize that we do not hold the view that workers and others in need and difficult circumstances should not be helped."
nl.proc.sgd.d.195519560002070.2.12,1955-12-13,Kikkert,nl.p.chu,TG4,SW2,2,2,"Nu voert de geachte afgevaardigde wel ten tonele de 17de eeuw, toen het allemaal zo prachtig zou gaan, maar ik mag de geachte afgevaardigde in dit verband aanbevelen de lezing van een boekwerk van Groen van Prinsterer over onze Nederlandse historie. || Misschien krijgt hij dan uit een betrouwbare bron een andere indruk over de sociale positie van de werklieden in die dagen.","Men kan bij zulk een aantal toch moeilijk zeggen, dat in grote mate dwang op het geweten wordt gelegd. || Nu voert de geachte afgevaardigde wel ten tonele de 17de eeuw, toen het allemaal zo prachtig zou gaan, maar ik mag de geachte afgevaardigde in dit verband aanbevelen de lezing van een boekwerk van Groen van Prinsterer over onze Nederlandse historie.","Now the esteemed representative brings forth the 17th century, when everything was supposed to be so wonderful, but I would recommend that the esteemed representative read a book by Groen van Prinsterer about our Dutch history in this context. || Perhaps he will then get a different impression of the social position of the workers in those days from a reliable source.","One can hardly say that there is a significant amount of coercion imposed on the conscience in such a case. || Now the esteemed representative brings forth the 17th century, when everything was supposed to be so wonderful, but I would recommend that the esteemed representative read a book by Groen van Prinsterer about our Dutch history in this context."
nl.proc.sgd.d.195519560002070.2.28,1955-12-13,Suurhoff,,TG3,SW1,2,2,"Wij proberen daarvoor een oplossing te vinden, maar die oplossing vinden wij niet in een terugkeer tot de omstandigheden, waarnaar de geachte afgevaardigde de heer Van Dis een zeker heimwee heeft, van de Gouden Eeuw. || Ik heb ook weleens iets over de Gouden Eeuw gelezen en ik heb de neiging te zeggen: er waren toen misschien minder vergeten groepen dan nu, omdat zij in die tijd bijtijds dood gingen.","Zouden wij een einde maken aan de sociale zekerheid, zoals die in de verschillende sociale verzekeringswetten voor de werknemers is geregeld, dan zou een groot aantal van die werknemers in de toekomst tot de vergeten || Ik wil mij met de heer Van Esveld niet meten, maar ik weet in elk geval zoveel van de sociale verzekering af, dat het merendeel van de sociale verzekeringswetten aan bijlappen geen behoefte heeft gehad.","We are trying to find a solution for that, but we do not find that solution in a return to the circumstances that the esteemed representative Mr. Van Dis has a certain nostalgia for, from the Golden Age. || I have also read something about the Golden Age, and I tend to say that there may have been fewer forgotten groups back then than now, because they died off in time.","If we were to put an end to social security, as it is arranged in the various social insurance laws for employees, a large number of those employees would be forgotten in the future. || I do not wish to compare myself to Mr. Van Esveld, but I know enough about social insurance to say that the majority of social insurance laws have not needed any amendments."
nl.proc.sgd.d.195719580000241.2.5,1957-10-04,Schuijt,nl.p.kvp,TG2,SW1,2,2,"Dan is het, omdat wij naar mijn inzicht met de belijdenis tot dit Europa een stap terugzetten naar een herstel van verloren gegane cultuurwaarden. || De ontwikkeling van het latijns-heidense woord en begrip patria, dat in het begin van de 16de eeuw zijn intrede doet in de Europese geesteswereld, laat aanvankelijk een harmonische integratie in het levensbeeld van de nog universeel denkende Europeaan van de 17de eeuw zien.","-verdrag een positieve mogelijkheid ligt tot het uitbreiden van de bezitsvorming over zo breed mogelijke lagen van de Europese bevolking. || En wanneer ik mij erover verheug, in tegenstelling tot de geachte afgevaardigde de heer Gerbrandy, in deze tijd van crisis te mogen leven, dan is het, omdat deze crisis voor mij een groeicrisis is naar grotere, universele banden, volkomen in overeenstemming met mijn diepste christelijke beginselen.","Then it is because, in my view, with the confession we are taking a step back towards restoring lost cultural values in this Europe. || The development of the Latin-pagan word and concept of patria, which made its entrance into the European intellectual world in the early 16th century, initially shows a harmonious integration into the worldview of the still universally thinking European of the 17th century.","The treaty presents a positive opportunity to expand ownership among as many layers of the European population as possible. || And when I look forward to living in this time of crisis, unlike the esteemed representative Mr. Gerbrandy, it is because this crisis for me is a growth crisis towards greater, universal connections, completely in line with my deepest Christian principles."
nl.proc.sgd.d.195719580002367.2.43,1957-11-28,Suurhoff,,TG3,SW2,2,2,"Bij een vorige gelegenheid heeft de geachte afgevaardigde trouwens doen blijken van voorkeur voor de toestanden, die ter zake in de Gouden Eeuw bestonden. || Ik heb zo het idee, dat, als dit plan tot bestrijding van de overbesteding in Nederland in wat ruimere kring in discussie was gekomen, speciaal de kleine mannen in Nederland, die de geachte afgevaardigde in het algemen wil sauveren, daarop „merci"""" zouden hebben gezegd, en ik zou hun geen ongelijk hebben gegeven.","Bij een vorige gelegenheid heeft de geachte afgevaardigde trouwens doen blijken van voorkeur voor de toestanden, die ter zake in de Gouden Eeuw bestonden. || Ik heb zo het idee, dat, als dit plan tot bestrijding van de overbesteding in Nederland in wat ruimere kring in discussie was gekomen, speciaal de kleine mannen in Nederland, die de geachte afgevaardigde in het algemen wil sauveren, daarop „merci"""" zouden hebben gezegd, en ik zou hun geen ongelijk hebben gegeven.","On a previous occasion, the esteemed representative has indeed expressed a preference for the conditions that existed during the Golden Age. || I have the impression that if this plan to combat overspending in the Netherlands had been discussed more widely, especially among the small businesses in the country, the esteemed representative would have received a ""thank you"" from them, and I wouldn't have disagreed with them.","On a previous occasion, the esteemed representative has indeed expressed a preference for the conditions that existed during the Golden Age. || I have the impression that if this plan to combat overspending in the Netherlands had been discussed more widely, especially among the small businesses in the country, the esteemed representative would have received a ""thank you"" from them, and I wouldn't have disagreed with them."
nl.proc.sgd.d.195719580000273.3.7,1958-02-05,Gerbrandy,nl.p.arp,TG1,SW3,2,2,"Nederland is groot geworden in de 17de eeuw, doordat deze politieke vrijheid en de roeping om de wereld in te gaan hand in hand werkten. || Deze politieke vrijheid — ik zal het citaat niet geven, maar de schrijver geeft daarvan een prachtige schets van Nederland in de 17de eeuw —, deze politieke vrijheid, religieus bepaald, gaal altijd gepaard met een roepingsbesef, of het nu de apostelen zijn, die de wereld ingaan om het Evangelie te verkondigen, of het nu de mannen van het verzet zijn, die tegen de Duitsers, van welke richting zij ook waren, zeiden: Eén ding kunt gij niet, gij, naziman,.","Wanneer men gemeenschappelijk een vijand wil bestrijden, zal toch een van de eerste zaken zijn, dat degene, die de grootste macht heeft •— dat is in dit geval de Verenigde Staten van Noord-Amerika —, alles zal doen om de eigen bondgenoten sterk te maken, want het zijn ten slotte de bondgenoten. || Nederland is groot geworden in de 17de eeuw, doordat deze politieke vrijheid en de roeping om de wereld in te gaan hand in hand werkten.","The Netherlands became great in the 17th century because political freedom and the calling to explore the world went hand in hand. || This political freedom — I won't provide the quote, but the author gives a beautiful depiction of the Netherlands in the 17th century — this political freedom, determined by religion, has always been accompanied by a sense of calling, whether it is the apostles going out into the world to proclaim the Gospel, or the resistance fighters who told the Germans, regardless of their faction: One thing you cannot do, you, Nazi man.","When one wants to collectively fight a common enemy, one of the first things will be that the one with the greatest power — in this case, the United States of America — will do everything to strengthen its own allies, because in the end, they are the allies. || The Netherlands became great in the 17th century because political freedom and the calling to explore the world went hand in hand."
nl.proc.sgd.d.195719580002381.4.3,1958-03-12,van der Weijden,nl.p.kvp,TG1,SW1,2,2,"Dat de natuurboter in ons nationale bestel en in onze historie altijd een grote rol heeft gespeeld, blijkt wel uit verschillende zegswijzen, spreekwoorden en omstandigheden, zoals: het is al botertje tot de boom; || Onze grote nationale zeeheld Michiel Adriaanszoon De Ruyter smeerde de dekruimen van zijn schepen met natuurboter in en wist zich op deze wijze de kapers van het lijf te houden en de zeeslag te winnen.","De natuurboter, het nationale produkt bij uitstek, zou toch voorrang moeten hebben boven ingevoerde produkten. || Admiraal De Ruyter had liever boter dan kanonnen.","That natural butter has always played a significant role in our national system and history is evident from various sayings, proverbs, and circumstances, such as: it's already butter until the tree. || Our great national naval hero Michiel Adriaanszoon De Ruyter smeared the deck crumbs of his ships with natural butter, and in this way, he managed to fend off the privateers and win the naval battle.","The natural butter, the quintessential national product, should take precedence over imported products. || Admiral De Ruyter preferred butter over cannons."
nl.proc.sgd.d.195819590000124.3.6,1958-10-01,van Dis,nl.p.sgp,TG2,SW1,2,3,"In de bloeitijd der Reformatie toch, terwijl ons land in een zware strijd met Spanje gewikkeld was, beleefde het zijn gouden eeuw en werd het, zoals mr. || In de tweede plaats, omdat de goede behartiging der stoffelijke beIangen alleen maar gewaarborgd is, als overeenkomstig Gods Woord en Wet wordt geregeerd.","Ten slotte verklaren wij, dat het ons bovenal ter harte gaat, dat de Regering zal breken met haar zo materialistisch regeringsbeleid en zich naar den woorde Gods in haar beleid zal richten. || Het is toch uit de rede van de Minister-President wel zeer duidelijk gebleken, dat een ombuiging van het regeringsbeleid, zoals Gods Woord dit eist en door ons bij herhaling, ook gisteren weer is bepleit, niet te verwachten is. || Dit is wel zeer duidelijk gebleken in de gewijde historie bij de Regering van die regenten en koningen over Israël, die hun beleid naar de uitspraken van de Heilige Schrift gericht hebben, alsook in de historie van ons eigen land.","During the heyday of the Reformation, while our country was embroiled in a fierce struggle with Spain, it experienced its golden age and became, as Mr. || Secondly, because the proper safeguarding of material interests is only guaranteed when governed in accordance with God's Word and Law.","Finally, we declare that it is of utmost importance to us that the Government breaks away from its overly materialistic policy and aligns its actions with the word of God. || It has become very clear from the Prime Minister's statements that a shift in government policy, as demanded by God's Word and advocated by us repeatedly, including yesterday, is not to be expected. || This has become very clear in the sacred history of the government of those regents and kings over Israel, who directed their policies according to the statements of the Holy Scriptures, as well as in the history of our own country."
nl.proc.sgd.d.195819590000724.4.7,1958-12-03,Verhoeven,nl.p.kvp,TG1,SW1,2,2,"Maar dan zullen wij het opofferen van een stuk van ons nationaal cultuurbezit met volle bewustheid en open ogen moeten verrichten. || Ik denk bij deze schimmen in de mist aan het Aalsmeerder Veerhuis, de unieke 17de eeuwse herberg aan de Sloterkade te Amsterdam, het z.","Zou hij, nu een deel onzer monumenten aan verval dreigt te worden prijsgegeven, als er niet meer geldmiddelen komen, opnieuw zijn beroemde wapenkreet: „Holland op z'n smalst! || Maar het vierde, onverbiddelijke feit is, dat ondanks dit bescheiden omhoogschroeven de bezorgdheid over het lot der monumenten nauwelijks is verminderd.","But then we will have to sacrifice a part of our national cultural heritage with full awareness and open eyes. || I think of these shadows in the mist as the Aalsmeerder Veerhuis, the unique 17th-century inn on Sloterkade in Amsterdam, the south.","Would he, now that part of our monuments is at risk of being neglected if more funding does not come, once again raise his famous battle cry: ""Holland at its narrowest!"" || But the fourth, unyielding fact is that despite this modest increase, the concern for the fate of the monuments has hardly diminished."
nl.proc.sgd.d.195919600000194.2.10,1959-09-29,Zandt,nl.p.sgp,TG2,SW4,2,2,"Ik besluit deze rede om met nadruk bij de Regering aan te bevelen, dat zij haar beleid naar den Woorde Gods zal richten en ons volk daarin zal voorgaan en ertoe zal aansporen, dat het zich voor God verootmoedigt en de paden van de zonde zal verlaten, opdat ons volk niet verder wegzinkt in materialisme en stofvergoding. || Hierbij komt dan nog, hetgeen deze zaak nog zoveel erger maakt, dat men hierbij geheel voorbijzag de God onzer vaderen, die ons eenmaal zo beweldadigd heeft, dat ons land een gouden eeuw heeft beleefd en dat het, zo klein en schaars bevolkt als het was, toen aan de spits der volken heeft gestaan.","Ik besluit deze rede om met nadruk bij de Regering aan te bevelen, dat zij haar beleid naar den Woorde Gods zal richten en ons volk daarin zal voorgaan en ertoe zal aansporen, dat het zich voor God verootmoedigt en de paden van de zonde zal verlaten, opdat ons volk niet verder wegzinkt in materialisme en stofvergoding. || Hierbij komt dan nog, hetgeen deze zaak nog zoveel erger maakt, dat men hierbij geheel voorbijzag de God onzer vaderen, die ons eenmaal zo beweldadigd heeft, dat ons land een gouden eeuw heeft beleefd en dat het, zo klein en schaars bevolkt als het was, toen aan de spits der volken heeft gestaan.","I conclude this speech by strongly recommending to the Government that it align its policies with the Word of God and lead our people in doing so, encouraging them to humble themselves before God and turn away from the paths of sin, so that our people do not sink further into materialism and the worship of earthly things. || What makes this matter even worse is that one completely overlooked the God of our fathers, who once blessed us so abundantly that our country experienced a golden age, and that, as small and sparsely populated as it was, it stood at the forefront of nations.","I conclude this speech by strongly recommending to the Government that it align its policies with the Word of God and lead our people in doing so, encouraging them to humble themselves before God and turn away from the paths of sin, so that our people do not sink further into materialism and the worship of earthly things. || What makes this matter even worse is that one completely overlooked the God of our fathers, who once blessed us so abundantly that our country experienced a golden age, and that, as small and sparsely populated as it was, it stood at the forefront of nations."
nl.proc.sgd.d.195919600000218.3.9,1959-12-10,de Jong,,TG4,SW2,2,2,"Ten slotte, Mevrouw de Voorzitster, wil ik nog zeggen, dat de marine weleens wordt aangevallen als zou zij te ambitieus zijn en zich te zeer richten op een soort van romantisch verleden. || Ik zou de woorden van Mollema in herinnering willen brengen, die, hoewel in een ander tijdsbestek geschreven, toch nog onverkort van toepassing zijn, namelijk de woorden, dat de Nederlandse marine wel een ijzeren, maar nimmer een gouden eeuw heeft gekend.","Ten slotte, Mevrouw de Voorzitster, wil ik nog zeggen, dat de marine weleens wordt aangevallen als zou zij te ambitieus zijn en zich te zeer richten op een soort van romantisch verleden. || Evenals mijn voorganger weet ik daaraan niet schuldig te zijn.","Finally, Madam Chair, I would like to say that the navy is sometimes criticized for being too ambitious and for focusing too much on a kind of romantic past. || I would like to recall the words of Mollema, which, although written in a different timeframe, are still fully applicable: that the Dutch navy has known an iron age, but never a golden age.","Finally, Madam Chair, I would like to say that the navy is sometimes criticized for being too ambitious and for focusing too much on a kind of romantic past. || Like my predecessor, I do not consider myself guilty of that."
nl.proc.sgd.d.195919600000229.3.5,1960-02-03,Zandt,nl.p.sgp,TG2,SW2,2,2,", van de liberalen en revolutionairen, wie het beginsel, waarnaar in de Gouden Eeuw ons land werd bestuurd, niet aanstaat. || Maar van de christelijk-historischen en antirevolutionairen, die verklaren, dat zij zich wensen te richten naar het „Er staat geschreven"""", had men toch een gans andere houding mogen verwachten, nl.","Maar van de christelijk-historischen en antirevolutionairen, die verklaren, dat zij zich wensen te richten naar het „Er staat geschreven"""", had men toch een gans andere houding mogen verwachten, nl. || Nochtans is men in deze Kamer, tot de christelijk-historischen en de antirevolutionairen toe, zo uitermate gesteld op dat internationalisme, dat de kamerleden er zelfs de soevereinitit van ons land geheel of gedeeltelijk aan willen opofferen.","of the liberals and revolutionaries, who do not agree with the principle by which our country was governed during the Golden Age. || But from the Christian-historical and anti-revolutionaries, who declare that they wish to adhere to ""It is written,"" one might have expected a completely different attitude, namely.","But from the Christian-historical and anti-revolutionaries, who declare that they wish to adhere to ""It is written,"" one might have expected a completely different attitude, namely. || Nevertheless, in this Chamber, even among the Christian Historical and Anti-Revolutionary members, there is such a strong preference for internationalism that the members are even willing to sacrifice the sovereignty of our country entirely or partially."
nl.proc.sgd.d.195919600002136.2.21,1960-02-18,Schüüuiis,,TG3,SW1,1,2,"De waterschappen barsten naar mijn stellige overtuiging in een snel tempo uit hun historische ontwikkeling, uit hun gedeeltelijk nog 17de eeuwse jasje en er zal een hele krachtsinspanning nodig zijn om hun tijdig een nieuw pak aan te meten.","De waterschappen barsten naar mijn stellige overtuiging in een snel tempo uit hun historische ontwikkeling, uit hun gedeeltelijk nog 17de eeuwse jasje en er zal een hele krachtsinspanning nodig zijn om hun tijdig een nieuw pak aan te meten. || Ik meen, dat deze gedachtengang, dat je de historische ontwikkeling niet moet breken en dat je de historische verhoudingen niet moet verstoren, ten aanzien van de huidige situatie inzake de waterschappen niet de juiste benadering is.","In my firm belief, the water boards are rapidly outgrowing their historical development, still partially dressed in their 17th-century attire, and a significant effort will be needed to timely fit them with a new outfit.","In my firm belief, the water boards are rapidly outgrowing their historical development, still partially dressed in their 17th-century attire, and a significant effort will be needed to timely fit them with a new outfit. || I believe that this line of thinking, that you should not disrupt historical development and that you should not disturb historical relationships, is not the right approach regarding the current situation concerning the water boards."
nl.proc.sgd.d.195919600000249.2.4,1960-05-10,Burger,nl.p.pvda,TG3,SW2,1,2,"Meent Nederland vandaag op 17de eeuwse wijze, aan de andere zijde van de aardbol, het recht in eigen hand te kunnen gaan nemen?","Zo ja, dan zou ik erop willen wijzen, dat er groot verschil is tussen „verzaken aan verantwoordelijkheid"""" en het weigeren mede te werken aan een inadequaat beleid. || Meent Nederland vandaag op 17de eeuwse wijze, aan de andere zijde van de aardbol, het recht in eigen hand te kunnen gaan nemen?","Does the Netherlands today believe, in a 17th-century manner, that it can take the law into its own hands on the other side of the globe?","If so, I would like to point out that there is a big difference between ""failing to take responsibility"" and refusing to cooperate with inadequate policy. || Does the Netherlands today believe, in a 17th-century manner, that it can take the law into its own hands on the other side of the globe?"
nl.proc.sgd.d.196019610001099.3.3,1960-11-29,Diepenhorst,nl.p.chu,TG1,SW1,2,2,"Meischke ons gaf, en wij staan nu op het keerpunt, waarop wij moeten beslissen wat er met de nog bestaande Nederlandse monumenten gaat gebeuren. || De hoogtepunten van de vroegere 17de-eeuwse architectuur, zoals het slot van de „Winterkoning"""" te Rhenen, de jachtsloten van Frederik Hendrik te Honselersdijk en te Rijswijk, bestaan niet meer.","Met enkele wijzigingen kan dit wetsontwerp in het belang van het behoud van monumenten, van geschiedenis en kunst een stuk wetgeving worden, dat voor de monumentenzorg in ons land een basis vormt, waarmede wij tegenover ons nageslacht verantwoord zijn en waarvan de Staatssecretaris van zich zelf met Horatius kan zeggen: Exegi monumentum aere perennius. || Zeker, het wordt verboden zonder vergunning van de Minister een beschermd monument af te breken, te verplaatsen of in enig opzicht te wijzigen, maar om de belangrijkste leemte maar meteen te noemen: hoe stelt de Staatssecretaris zich het onderhoud en de instandhouding van een beschermd monument voor?","Meischke gave us, and we are now at the turning point where we must decide what will happen to the remaining Dutch monuments. || The highlights of the former 17th-century architecture, such as the castle of the ""Winter King"" in Rhenen, the hunting lodges of Frederick Henry in Honselersdijk and Rijswijk, no longer exist.","With some changes, this bill can become a piece of legislation that serves the preservation of monuments, history, and art, forming a foundation for heritage conservation in our country, for which we can be accountable to future generations, and of which the Secretary of State can say of himself, like Horace: ""I have erected a monument more lasting than bronze."" || Certainly, it is prohibited to demolish, relocate, or modify a protected monument in any way without a permit from the Minister, but to address the main gap right away: how does the Secretary of State envision the maintenance and preservation of a protected monument?"
nl.proc.sgd.d.196119620001196.1.2,1962-03-07,Bakker,nl.p.cpn,TG1,SW2,2,2,"Het resultaat van 302 jaar koloniale overheersing, mijnheer de Voorzitter! || Het resultaat van de Nederlandse bemoeienissen sinds de Verenigde OostIndische Compagnie zich in 1660 liet uitroepen tot „Heer over de Papoea's en hun eilanden"""".","Wat een democratisch parlement, zoals de Minister het noemt in zijn memorie van antwoord, moet heten, dat is zelfs volgens de voorzitter van de Parna een orgaan, dat door het Nederlandse bestuur in Nieuw-Guinea, door het gouvernement, is samengesteld. || , die de laatste tijd in de pers zijn weerzin ten aanzien van dodenlijsten heeft gemanifesteerd, dat het zwijgend aannemen van deze begroting betekent, dat men geld geeft om een bepaald beleid, het beleid van Minister Toxopeus en Staatssecretaris Bot, het beleid van Minister Luns, door te zetten.","The result of 302 years of colonial domination, Mr. Chairman! || The result of the Dutch involvement since the Dutch East India Company declared itself ""Lord over the Papuans and their islands"" in 1660.","What a democratic parliament, as the Minister refers to it in his response, should be called is, according to the chairman of the Parna, an entity that has been composed by the Dutch administration in New Guinea, by the government. || , which has recently manifested in the press as a revulsion towards death lists, that the silent acceptance of this budget means that one is providing money to continue a certain policy, the policy of Minister Toxopeus and Secretary of State Bot, the policy of Minister Luns."
nl.proc.sgd.d.196119620001200.2.52,1962-03-21,Nolte,nl.p.kvp,TG2,SW1,5,2,"Prins geschetst heeft hoe het onderwijs in de 17de eeuw onder invloed van het optimistisch geloof in wereldverbetering door opvoeding en onderwijs geleidelijk overging van systeemloosheid naar systeem, wijst hij op de kentering, die 19de en 20ste eeuw brengen. || Voor een deel ook zucht deze waardevolle onderwijsvernieuwing nog onder de nawerking van de onstuimige vernieuwingsstorm, die sommigen direct na de oorlog hebben geprobeerd te ontketenen. || De frisse wind, die nu veelal door onze scholen waait, mede onder invloed van de hogedrukgebieden, die de pedagogische centra vormen, is bepaald wel iets anders. || Maar als ook dit artikel 22 zal vallen onder artikel 3, zoals wij dat gaarne zagen geformuleerd, dus onder de artikelen, waarover gepubliceerde openbare adviezen van de maatschappelijkc organen verplicht gesteld worden, dan heeft mede hicrdoor het zich wijzigende onderwijs wel een reële kans. || De Tweede Kamer gaat vandaag in het openbaar haar beslissing over het wetsontwerp voor het voortgezet onderwijs voorbereiden.",Twee doeleinden worden met dit voor ons liggend wetsontwerp nagestreefd. || De Tweede Kamer gaat vandaag in het openbaar haar beslissing over het wetsontwerp voor het voortgezet onderwijs voorbereiden.,"Prins outlined how education in the 17th century, influenced by an optimistic belief in improving the world through upbringing and education, gradually transitioned from a lack of system to a structured system, and he points to the turning point that the 19th and 20th centuries brought. || Partly, this valuable educational innovation still suffers from the aftereffects of the tumultuous wave of reform that some tried to unleash immediately after the war. || The fresh wind that is now blowing through our schools, partly influenced by the high-pressure areas that the pedagogical centers represent, is certainly something different. || But if this article 22 will also fall under article 3, as we would like to see it formulated, meaning under the articles for which published public advice from the social bodies is required, then the changing education does indeed have a real chance. || The House of Representatives will publicly prepare its decision on the bill for secondary education today.",Two objectives are pursued with this draft bill before us. || The House of Representatives will publicly prepare its decision on the bill for secondary education today.
nl.proc.sgd.d.196119620001214.2.103,1962-06-20,Diepenhorst,nl.p.chu,TG1,SW1,2,2,"De mens heeft met het ontdekken van dit nieuwe type wetenschap, dat de homo faber en de homo sapiens in hem verbond, een nieuwe kijk gekregen op zich zelf, op de natuur, op de samenleving en op de cultuur, maar daaruit volgt nog niet, dat het klassieke cultuurideaal nog maar historische betekenis heeft. || De kloof, die Aristoteles constateerde tussen zuivere wetenschap en techniek, tussen êniarrj/iirj en re^vrj is in de zeventiende eeuw opgevuld door de natuurwetenschap.","De mens heeft met het ontdekken van dit nieuwe type wetenschap, dat de homo faber en de homo sapiens in hem verbond, een nieuwe kijk gekregen op zich zelf, op de natuur, op de samenleving en op de cultuur, maar daaruit volgt nog niet, dat het klassieke cultuurideaal nog maar historische betekenis heeft. || 'n en dat dit met name moet gaan ten koste van de klassieken, meen ik, dat het meer voor de hand zou liggen te trachten in het athencum iets van de achterstand, die het op het terrein van de geesteswetenschappen bij het gymnasium heeft, weg te werken.","With the discovery of this new type of science, which connected the homo faber and the homo sapiens within him, humanity has gained a new perspective on itself, on nature, on society, and on culture. However, this does not imply that the classical ideal of culture has only historical significance. || The gap that Aristotle noted between pure science and technology, between theory and practice, was filled in the seventeenth century by natural science.","With the discovery of this new type of science, which connected the homo faber and the homo sapiens within him, humanity has gained a new perspective on itself, on nature, on society, and on culture. However, this does not imply that the classical ideal of culture has only historical significance. || And that this should particularly come at the expense of the classics, I believe it would be more logical to try to make up for the deficit it has in the field of humanities compared to the gymnasium in the athencum."
nl.proc.sgd.d.196219630000184.3.17,1962-10-02,van Dis,nl.p.sgp,TG2,SW3,2,2,"Het was in die tijd, dat ons land zijn Gouden Eeuw beleefde, maar ook, zoals Groen van Prinstercr opmerkt, dat Gods Woord naar de leer der Hervormde Kerk de grondwet was van de staat. || Voor dit beginsel heeft de S.","Het was in die tijd, dat ons land zijn Gouden Eeuw beleefde, maar ook, zoals Groen van Prinstercr opmerkt, dat Gods Woord naar de leer der Hervormde Kerk de grondwet was van de staat. || Het houdt in, dat de overheid als dienaresse, als stedchouderesse Gods de roeping en de verplichting heeft, zich in haar bestuursbeleid naar Gods Woord en derhalve naar Je beide tafelen van Gods Wet te richten.","It was during that time that our country experienced its Golden Age, but also, as Groen van Prinsterer notes, that God's Word according to the doctrine of the Reformed Church was the constitution of the state. || For this principle, the S.","It was during that time that our country experienced its Golden Age, but also, as Groen van Prinsterer notes, that God's Word according to the doctrine of the Reformed Church was the constitution of the state. || It means that the government, as a servant and as a steward of God, has the calling and obligation to align its governance policy with God's Word and therefore with both tables of God's Law."
nl.proc.sgd.d.196219630002154.6.6,1963-03-05,Kranenburg,nl.p.pvda,TG1,SW2,2,1,"Gelijk Tromp aan zijn vijanden munitie verschafte om hen daarna des te beter te kunnen verslaan, zo heb ik de geachte afgevaardigde de heer Berkhouwer mijn handtekening verschaft, ten einde hem nu te lijf te kunnen gaan. || Ik stel er daarom prijs op U te verklaren, dat die handtekening een soort 17de eeuws maritiem karakter draagt.","Gelijk Tromp aan zijn vijanden munitie verschafte om hen daarna des te beter te kunnen verslaan, zo heb ik de geachte afgevaardigde de heer Berkhouwer mijn handtekening verschaft, ten einde hem nu te lijf te kunnen gaan.","Just as Tromp provided his enemies with ammunition in order to defeat them more effectively, I have provided the esteemed representative Mr. Berkhouwer with my signature, so that I can now take him on. || I therefore appreciate your clarification that the signature has a sort of 17th-century maritime character.","Just as Tromp provided his enemies with ammunition in order to defeat them more effectively, I have provided the esteemed representative Mr. Berkhouwer with my signature, so that I can now take him on."
nl.proc.sgd.d.196219630002155.4.21,1963-03-06,Marijnen,,TG3,SW1,1,1,"Misschien is het een ogenblik anders geweest in onzen gouden eeuw, toen wij van „onze zee"""" konden spreken, maar in de tegenwoordige omstandigheden komen die vraagstukken vanuit de internationale verhoudingen op ons af.","Het onderhavige wetsontwerp geeft nu mogelijkheden en daarmede ook de bevoegdheden, uitvoering te geven aan internationale overeenkomsten of besluiten van volkenrechtelijke organisaties.","Perhaps it was different for a moment during our golden age, when we could speak of ""our sea,"" but in the current circumstances, those issues are coming at us from international relations.",The present draft bill now provides opportunities and thus also the powers to implement international agreements or decisions of international organizations.
nl.proc.sgd.d.196319640000681.3.5,1963-10-01,van Dis,nl.p.sgp,TG2,SW1,2,2,"een trots portret van Nederland schilderde, waarbij hij met name de Gouden Eeuw prees, waarin ondernemingsgezinde landgenoten de grondslagen voor hun Indische koloniale rijk legden. || In dit tijdperk nu was Gods Woord het richtsnoer voor het regeerbeleid en de geloofsbelijdenis, waarvoor de vaderen gestreden hadden, zoals mr.","Zulk een regeerbeleid, mijnheer de Vocrzitter, wordt door de partij, die wij hier vertegenwoordigen, voorgestaan en werd namens haar hier in deze Kamer jaar op jaar bepleit. || Toen ging het ons in stoffelijk opzicht wel.","a proud portrait of the Netherlands, in which he particularly praised the Golden Age, during which enterprising compatriots laid the foundations for their colonial empire in the Indies. || In this current era, God's Word was the guiding principle for governance and the confession of faith for which the fathers had fought, as Mr.","Such a government policy, Mr. Chairman, is advocated by the party we represent here and has been argued for on its behalf in this chamber year after year. || At that time, we were doing well in a material sense."
nl.proc.sgd.d.196319640000681.4.7,1963-10-01,Jongeling,nl.p.gpv,TG1,SW2,2,2,"Vader Cats heeft daar ook in de Gouden Eeuw gewoond, toen hij raadpensiona ris van Holland was. || Ik denk, dat minister Marijnen hem dat straks wel zal nazeggen.","Ik denk, dat minister Marijnen hem dat straks wel zal nazeggen. || Het kan zijn, dat de Minister-President, denkend aan die 26 knellende banden van het akkoord van Wassenaar, die de slagvaardigheid van het Kabinet, waarover minister De Quay het indertijd had, zozeer kunnen belemmeren, misschien ook welccns met vader Cats zal zuchten:","Father Cats also lived there during the Golden Age, when he was the Grand Pensionary of Holland. || I think Minister Marijnen will confirm that for him later.","I think Minister Marijnen will confirm that for him later. || It is possible that the Prime Minister, thinking of those 26 constraining ties of the Wassenaar agreement, which could so greatly hinder the effectiveness of the Cabinet that Minister De Quay spoke of at the time, might also sigh with Father Cats:"
nl.proc.sgd.d.196319640000701.5.13,1963-12-11,Jongeling,nl.p.gpv,TG2,SW1,2,2,"In de 16de en 17de eeuw is Nederland Europa tot een zegen geweest, als land van de vrijheid. || Ik geloof, dat Nederland vandaag nog tot een zegen voor de wereld kan zijn, wanneer het zijn zelfstandigheid behoudt en zijn eigen volkskarakter met alle kracht tracht te handhaven.","Kuyper •—, hoe beter dat zal zijn voor Nederland en voor Europa, want een aan Gods Woord genormeerde politiek kan het behoud zijn voor Nederland en ook voor Europa. || Ik geloof, dat Nederland vandaag nog tot een zegen voor de wereld kan zijn, wanneer het zijn zelfstandigheid behoudt en zijn eigen volkskarakter met alle kracht tracht te handhaven.","In the 16th and 17th centuries, the Netherlands was a blessing to Europe as a land of freedom. || I believe that the Netherlands can still be a blessing for the world today, as long as it maintains its independence and strives to uphold its national character with all its strength.","Kuyper, how much better that will be for the Netherlands and for Europe, because a politics guided by God's Word can be the salvation for the Netherlands and also for Europe. || I believe that the Netherlands can still be a blessing for the world today, as long as it maintains its independence and strives to uphold its national character with all its strength."
nl.proc.sgd.d.196419650000777.2.6,1965-02-03,Jongeling,nl.p.gpv,TG1,SW3,2,2,"De Minister kent natuurlijk de befaamde uitspraak van die Amsterdamse reder en koopman in de 17de eeuw, die zei: „Ik ben bereid om, als ik maar winst kan maken, met mijn schepen dwars door de hel te varen, ook al zouden mijn zeilen erbij moeten verbranden. || Ik geloof, dat wij op dit punt nog niet voldoende van karakter zijn veranderd.","Wij zijn, ook in het verleden, vaak meer uit geweest op het maken van snelle en gemakkelijke winst dan op het aanpakken van grote projecten, ook in overzeese gebiedsdelen. || Ik geloof, dat wij op dit punt nog niet voldoende van karakter zijn veranderd.","The Minister is, of course, familiar with the famous statement from that Amsterdam shipowner and merchant in the 17th century, who said: ""I am willing to sail through hell with my ships, as long as I can make a profit, even if my sails have to burn in the process."" || I believe that we have not yet changed enough in character at this point.","We have often been more focused on making quick and easy profits than on tackling large projects, even in overseas territories. || I believe that we have not yet changed enough in character at this point."
nl.proc.sgd.d.196419650000782.5.6,1965-02-23,"Scholten, Minister van Justitie",,TG1,SW1,2,2,"Ook in de zeventiende eeuw wist de wetgever degene, die ten onrechte messen gebruikte, te grijpen. || Er is niets nieuws onder de zon.",Het wetsontwerp heeft bij verschillende sprekers in de Kamer een vriendelijke ontvangst gehad. || Er is niets nieuws onder de zon.,"Even in the seventeenth century, the legislator was able to catch those who used knives improperly. || There is nothing new under the sun.",The bill has been received warmly by various speakers in the Chamber. || There is nothing new under the sun.
nl.proc.sgd.d.196419650000782.5.8,1965-02-23,Berkhouwer,nl.p.vvd,TG2,SW1,2,2,"Het Zutphense voorbeeld laat zien hoe bijzonder wijs de lokale Zutphense wetgever uit de zeventiende eeuw was, want die heeft zich kennelijk gerealiseerd, dat men objectief niet Berkhouwer e. || Als deze wijsheid in de wet van 1890 was neergelegd, had de Hoge Raad kunnen uitmaken, dat, wanneer een knipmes door de bezitter met een toornige intentie wordt gedragen, de drager strafbaar is, zoals dat onder de wet van 1890 niet het geval was.","Wttcwaall heeft genoemd: men kan heel moeilijk een object op zich zelf als gevaarlijk of ongevaarlijk aanmerken, want dat wordt het door de intentie, waarmede het wordt gebruikt, zodat de Zutphense wetgever bijzonder wijs was. || Als deze wijsheid in de wet van 1890 was neergelegd, had de Hoge Raad kunnen uitmaken, dat, wanneer een knipmes door de bezitter met een toornige intentie wordt gedragen, de drager strafbaar is, zoals dat onder de wet van 1890 niet het geval was.","The example from Zutphen shows how remarkably wise the local legislator from the seventeenth century was, as they apparently realized that one cannot objectively assess Berkhouwer. || If this wisdom had been enshrined in the law of 1890, the Supreme Court could have determined that when a pocket knife is carried by the owner with a malicious intent, the bearer is punishable, which was not the case under the law of 1890.","Wttcwaall has mentioned: it is very difficult to label an object as dangerous or not dangerous in itself, as it becomes so based on the intention with which it is used, which is why the legislator in Zutphen was particularly wise. || If this wisdom had been enshrined in the law of 1890, the Supreme Court could have determined that when a pocket knife is carried by the owner with a malicious intent, the bearer is punishable, which was not the case under the law of 1890."
nl.proc.sgd.d.196519660000795.5.30,1965-10-13,Koekoek,nl.p.bp,TG1,SW2,2,2,"Na elke oorlog komt er een Gouden Eeuw voor de boer en deze duurt minstens een jaar of tien. || Ik moet erop wijzen, dat wij ernstige gevolgen in de toekomst verwachten van het feit, dat men steeds maar die weg opgaat, en dat niet alleen voor onze middenstand en boeren, maar voor ons volk in zijn geheel en uiteindelijk — dit is het belangrijkste — voor de partijen.","Ik heb de indruk — ik wil de partijen daarvoor reeds nu waarschuwen —, dat de bevolking daarvan dankbaar gebruik zal maken, omdat zij hetgeen deze partijen thans doen niet langer meer neemt. || Dat is dus een zeer groot gevaar voor","After every war, there comes a Golden Age for the farmer, and this lasts at least ten years. || I must point out that we expect serious consequences in the future from the fact that people keep going down that path, and not only for our small businesses and farmers, but for our people as a whole and ultimately — this is the most important — for the parties.","I have the impression — I want to warn the parties about this now — that the population will take full advantage of it, because they are no longer accepting what these parties are currently doing. || That is therefore a very great danger for"
nl.proc.sgd.d.196519660000868.4.30,1965-12-02,Westerterp,nl.p.kvp,TG1,SW1,2,2,"niet zo, dat datgene, wat wij thans beleven, helemaal nieuw zou zijn. || Weliswaar hebben wij een Gouden Eeuw gehad en de Verenigde Provinciën waren een wereldmacht, maar u weet ook, dat wij na het verval ukeindelijk een federateur van buiten nodig hebben gehad om Nederland tot een eenheidsstaat te brengen.","Ik hoop dat wij deze historische parallel in Europa niet opnieuw behoeven te beleven. || Misschien is het interessant erop te wijzen, dat vier eeuwen geleden de strijd om de bevoegdheden voor een onafhankelijk executieve hier in den Haag, dicht bij deze zaal, reeds is gevoerd.","not in such a way that what we are currently experiencing is completely new. || Indeed, we had a Golden Age and the United Provinces were a world power, but you also know that after the decline, we ultimately needed a federator from outside to bring the Netherlands into a unified state.","I hope we do not have to experience this historical parallel in Europe again. || It may be interesting to point out that four centuries ago, the struggle for the powers of an independent executive was already fought here in The Hague, close to this hall."
nl.proc.sgd.d.196519660000807.2.23,1965-12-07,van Dis,nl.p.sgp,TG1,SW1,2,2,"""""SOO-jarig bestaan van het door admiraal De Ruyter in het leven geroepen Korps Mariniers, het oudste ter wereld, dat dezer dagen te Rotterdam zal worden herdacht. || Dit korps heeft ons land in de loop der eeuwen uitstekende diensten bewezen en is tot heden voor de verdediging van ons land een onmisbaar onderdeel van onze weermacht.",Dit korps heeft ons land in de loop der eeuwen uitstekende diensten bewezen en is tot heden voor de verdediging van ons land een onmisbaar onderdeel van onze weermacht. || Ten slotte willen ook wij onze gelukwensen uitspreken ter gelegenheid van het .,"""Celebrating the 350th anniversary of the Marine Corps, established by Admiral De Ruyter, the oldest in the world, which will be commemorated in Rotterdam in the coming days."" || This corps has provided excellent service to our country over the centuries and remains an indispensable part of our armed forces for the defense of our nation to this day.","This corps has provided excellent service to our country over the centuries and remains an indispensable part of our armed forces for the defense of our nation to this day. || Finally, we would also like to extend our congratulations on the occasion of the ."
nl.proc.sgd.d.196519660000821.5.8,1966-02-15,Mieras,nl.p.sgp,TG1,SW1,2,2,"In de zestiende en zeventiende eeuw hadden onze produkten roem en naam in gans Europa en was het Hollandse merk een aanbeveling. || Daarentegen, toen Nederland groot was onder de natiën, was dat ook roede doordat ons volk vaardig was in de nijverheid.","Vooral in verband met Nederlands positie tegenover andere mogendheden en de toenemende internationale concurrentie als gevolg van het integratiestreven behoort het technisch onderwijs ons ter harte te gaan. || Daarentegen, toen Nederland groot was onder de natiën, was dat ook roede doordat ons volk vaardig was in de nijverheid.","In the sixteenth and seventeenth centuries, our products had fame and reputation throughout Europe, and the Dutch brand was a mark of quality. || On the other hand, when the Netherlands was great among the nations, it was also because our people were skilled in industry.","Especially in relation to the Netherlands' position towards other powers and the increasing international competition due to the drive for integration, technical education should be a priority for us. || On the other hand, when the Netherlands was great among the nations, it was also because our people were skilled in industry."
nl.proc.sgd.d.196519660000832.6.9,1966-03-31,Diepenhorst,,TG2,SW1,2,2,"Zij beschikte, merkwaardigerwijze, over een reeds uit de zeventiende eeuw daterend anotomisch theater. || Het is voor mij een aardige gedachte dat deze klinische school nu, na honderd jaar, herleeft en zeker onder gunstiger vooruitzichten.","In de derde plaats —- ik kan dit met een goed geweten zeggen omdat de heer Versteeg reeds heeft herinnerd aan de lange voorgeschiedenis — hebben de desbetreffende instanties van het departement zich al jaren voor deze uitbreiding van het wetenschappelijk onderwijs beijverd. || Het is voor mij een aardige gedachte dat deze klinische school nu, na honderd jaar, herleeft en zeker onder gunstiger vooruitzichten.","Remarkably, she possessed an anatomical theater dating back to the seventeenth century. || It is a pleasant thought for me that this clinical school is now, after a hundred years, being revived and certainly under more favorable prospects.","Thirdly — I can say this with a clear conscience because Mr. Versteeg has already reminded us of the long history — the relevant authorities of the department have been advocating for this expansion of scientific education for years. || It is a pleasant thought for me that this clinical school is now, after a hundred years, being revived and certainly under more favorable prospects."
nl.proc.sgd.d.196619670000344.3.18,1966-12-14,Jongeling,nl.p.gpv,TG1,SW1,2,2,In de 16de en de 17de eeuw heeft Nederland die positie verworven. || Wij zijn vanouds de vrachtvaarders van Europa.,"Dit wordt toch langzamerhand wel een beetje te gortig en ik vraag mij af, of dit er nu nog wel bij kan. || ik zal in elk geval mijn stem wel geven aan alle amendementen, die worden voorgesteld om de lasten voor dit vrachtvervoer wat te verlichten.","In the 16th and 17th centuries, the Netherlands gained that position. || We have traditionally been the freight carriers of Europe.","This is starting to get a bit too much, and I wonder if this can still be added. || I will definitely cast my vote for all the amendments proposed to ease the burdens on this freight transport."
nl.proc.sgd.d.196619670000349.5.49,1966-12-28,Ruygers,nl.p.pvda,TG3,SW1,2,2,"als hij precies weet, hoe hij aan een diner een viscouvert moet hanteren of wanneer hij zijn gasten precies kan vertellen, wat de levensgewoonten waren in Timbouctou in de zeventiende eeuw. || Vandaag echter, in de moderne wereld, moet de buitenlandse politiek ook stem geven aan datgene, wat het volk van het ene land bijna met wanhoop in het hart wenst te zeggen tot het volk van een ander land.","Vandaag echter, in de moderne wereld, moet de buitenlandse politiek ook stem geven aan datgene, wat het volk van het ene land bijna met wanhoop in het hart wenst te zeggen tot het volk van een ander land. || Ik zou het bijzonder op prijs stellen, als de Nederlandse Regering bereid was dit aan de regering in Washington kenbaar te maken.","if he knows exactly how to handle a fish knife and fork at a dinner or when he can tell his guests exactly what the living habits were in Timbuktu in the seventeenth century. || Today, however, in the modern world, foreign policy must also give voice to what the people of one country almost desperately wish to say to the people of another country.","Today, however, in the modern world, foreign policy must also give voice to what the people of one country almost desperately wish to say to the people of another country. || I would greatly appreciate it if the Dutch government would be willing to communicate this to the government in Washington."
nl.proc.sgd.d.19670000230.2.41,1967-04-19,Jongeling,nl.p.gpv,TG2,SW1,2,2,"wij hopen, dat hij ook de straffe hand zal bezitten, want dit is bitter nodig, aangezien de ingebouwde stijging in de staatsuitgaven ongeveer 11 pet. || Vroeger had men op de schepen van de vloot — dit speelt in de tijd van de Gouden Eeuw — iemand, die de orde moest handhaven.","Een Minister van Financiën moet voor zijn collega's ongemakkelijk zijn. || wij hopen, dat hij ook de straffe hand zal bezitten, want dit is bitter nodig, aangezien de ingebouwde stijging in de staatsuitgaven ongeveer 11 pet.","We hope that he will also have a firm hand, as this is sorely needed, given that the built-in increase in government spending is about 11 percent. || In the past, on the ships of the fleet — this takes place during the Golden Age — there was someone who had to maintain order.","A Minister of Finance must be uncomfortable for his colleagues. || We hope that he will also have a firm hand, as this is sorely needed, given that the built-in increase in government spending is about 11 percent."
nl.proc.sgd.d.19670000235.2.5,1967-05-22,den Uyl,nl.p.pvda,TG1,SW1,2,2,"het heeft een binnenstad, die haar structuur heeft gekregen in de zeventiende eeuw, en meer dan de helft van zijn inwoners, nl. || Hier moet kortweg worden geconstateerd, dat de mogelijkheid voor een redelijke recreatie niet aanwezig is.","het heeft een binnenstad, die haar structuur heeft gekregen in de zeventiende eeuw, en meer dan de helft van zijn inwoners, nl. || Hier moet kortweg worden geconstateerd, dat de mogelijkheid voor een redelijke recreatie niet aanwezig is.","it has a city center that was structured in the seventeenth century, and more than half of its inhabitants, namely. || It must be noted briefly that the opportunity for reasonable recreation is not present.","it has a city center that was structured in the seventeenth century, and more than half of its inhabitants, namely. || It must be noted briefly that the opportunity for reasonable recreation is not present."
nl.proc.sgd.d.19670000243.3.10,1967-06-20,Imkamp,nl.p.d66,TG1,SW1,1,1,"Kan men nu werkelijk in ernst verwachten, zo vraag ik mij af, dat het wellicht sinds de gouden eeuw, bij het gilde der scheepsbouwers ingeburgerde produktie- en bedrijfsvoeringssysteem met het daarin gebakken onversneden brokje Nederlandse individualiteit plotseling zal besluiten tot het opgeven van de eigen onafhankelijkheid om eensgezind met anderen te gaan samenwerken?","Kan men nu werkelijk in ernst verwachten, zo vraag ik mij af, dat het wellicht sinds de gouden eeuw, bij het gilde der scheepsbouwers ingeburgerde produktie- en bedrijfsvoeringssysteem met het daarin gebakken onversneden brokje Nederlandse individualiteit plotseling zal besluiten tot het opgeven van de eigen onafhankelijkheid om eensgezind met anderen te gaan samenwerken?","Can one really expect, I wonder, that the production and business management system that has been ingrained in the guild of shipbuilders since the Golden Age, along with its unadulterated piece of Dutch individuality, will suddenly decide to give up its own independence to collaborate harmoniously with others?","Can one really expect, I wonder, that the production and business management system that has been ingrained in the guild of shipbuilders since the Golden Age, along with its unadulterated piece of Dutch individuality, will suddenly decide to give up its own independence to collaborate harmoniously with others?"
nl.proc.sgd.d.196719680000620.10.5,1967-09-20,Koning,nl.p.vvd,TG3,SW1,1,1,"Een concentrische uitbouw, zoals Amsterdam in de zestiende en de zeventiende eeuw te zien heeft gegeven, is thans niet meer mogelijk.","Een concentrische uitbouw, zoals Amsterdam in de zestiende en de zeventiende eeuw te zien heeft gegeven, is thans niet meer mogelijk.","A concentric expansion, as demonstrated by Amsterdam in the sixteenth and seventeenth centuries, is no longer possible today.","A concentric expansion, as demonstrated by Amsterdam in the sixteenth and seventeenth centuries, is no longer possible today."
nl.proc.sgd.d.196719680000623.3.35,1967-10-10,van Dis,nl.p.sgp,TG2,SW4,2,2,"Het was in die tijd, dat ons land een ongekende bloeitijd doormaakte, zodat deze nog steeds als de tijd van de gouden eeuw in de annalen der geschiedenis wordt vermeld. || Op staatkundig terrein staan wij een zodanige vernieuwing voor, dat wordt teruggekeerd tot de verlaten paden, d.","eerst omdat God het waardig is en het Hem als Soeverein toekomt door een iegelijk geëerd, gediend en gevreesd te worden, maar ook omdat het welzijn van ons volk en de welvaart hel allerbeste zijn gebaat bij handhaving en naleving van dit beginsel, terwijl door verwerping hiervan de oordelen Gods over land en volk worden ingeroepen, zoals in het. || Het was in die tijd, dat ons land een ongekende bloeitijd doormaakte, zodat deze nog steeds als de tijd van de gouden eeuw in de annalen der geschiedenis wordt vermeld.","It was during that time that our country experienced an unprecedented period of prosperity, which is still referred to as the Golden Age in the annals of history. || In the political arena, we advocate for a renewal that returns to the paths that have been abandoned.","First, because God is worthy and it is fitting for Him as Sovereign to be honored, served, and feared by everyone, but also because the well-being of our people and the prosperity of all are best served by the maintenance and adherence to this principle, while the rejection of it invokes God's judgments upon the land and the people, as in the. || It was during that time that our country experienced an unprecedented period of prosperity, which is still referred to as the Golden Age in the annals of history."
nl.proc.sgd.d.196719680000638.7.23,1967-12-20,Westerterp,nl.p.kvp,TG1,SW1,1,6,"Dit schijnt een wet van 1672 te zijn en deze toont aan, dat de beroepsbevolking van de primaire naar de secundaire sector en vervolgens naar de tertiaire sector gaat, omdat — ik zal het maar in het Engels voorlezen - : There is much more to be gained by manufacture than by husbandry, and by merchandise than by manufacture.","Waarom wil men tariefpreferenties invoeren? || Vaststelling hoofdstuk XIII (Economische Zaken) 1968 20ste vergadering - 20 december '67 865 || Wel weet ik - er is al op gewezen —, dat het grootste donorland van het westen, de Verenigde Staten, vorige week heeft besloten de economische ontwikkelingshulp drastisch te verminderen. || Namens mijn fractie moet ik U zeggen, dat wij geen behoefte hebben aan een tussentijdse wijziging van de competentieverdeling, dat wil zeggen, dat de eerste verantwoordelijkheid voor de komende wereldhandelsconferentie ligt bij de Minister van Economische zaken. || wil dat het handelsverkeer een doeltreffende bijdrage tot de economische ontwikkeling levert. || De encycliek „Populorum progressio"""" stelt dat vrijhandel onbillijk is als hij niet ondergeschikt wordt gemaakt aan de eisen van de sociale rechtvaardigheid: Het vrije spel der economische krachten is niet langer in staat om alleen de internationale betrekkingen te regelen, omdat het aan de landen met een uiteenlopend peil van economische ontwikkeling geen gelijke concurrentievoorwaarden verschaft.","This seems to be a law from 1672, and it shows that the workforce moves from the primary sector to the secondary sector and then to the tertiary sector, because — I will read it in English: There is much more to be gained by manufacture than by husbandry, and by merchandise than by manufacture.","Why does one want to introduce tariff preferences? || Adoption of Chapter XIII (Economic Affairs) 1968 20th meeting - December 20, '67 865 || Well, I know - it has already been pointed out - that the largest donor country in the West, the United States, decided last week to drastically reduce economic development aid. || On behalf of my party, I must tell you that we do not see the need for an interim change in the distribution of responsibilities, meaning that the primary responsibility for the upcoming World Trade Conference lies with the Minister of Economic Affairs. || wants trade to make an effective contribution to economic development. || The encyclical ""Populorum progressio"" states that free trade is unjust if it is not subordinated to the demands of social justice: The free play of economic forces is no longer capable of regulating international relations on its own, as it does not provide equal competitive conditions for countries with varying levels of economic development."
nl.proc.sgd.d.196719680000641.4.49,1968-01-31,van der Ploeg,nl.p.pvda,TG3,SW1,2,2,"Iemand in onze fractie zei: Vroeger, in onze roemruchte jaren, smeerden wij boter op de schepen. || Ik hoop echter, dat het aantal oorlogsschepen, waarover wij beschikken, niet voldoende zal zijn om de boter op die manier af te zetten.","Bij de bespreking van de problemen inzake de boteroverschotten zaten wij in mijn fractie intussen met de Minister mee te denken of er niet een aantal oplossingen kon worden gevonden, die het boterprobleem zouden kunnen verlichten. || Ik hoop echter, dat het aantal oorlogsschepen, waarover wij beschikken, niet voldoende zal zijn om de boter op die manier af te zetten.","Someone in our faction said: In the past, during our glorious years, we spread butter on the ships. || I hope, however, that the number of warships we have will not be sufficient to sell the butter in that way.","During the discussion of the issues regarding the butter surplus, my party was meanwhile brainstorming with the Minister to see if some solutions could be found that would alleviate the butter problem. || I hope, however, that the number of warships we have will not be sufficient to sell the butter in that way."
nl.proc.sgd.d.196719680000641.4.78,1968-01-31,Lardinois,,TG3,SW1,1,1,Helaas hebben wij geen Michiel Aclriaanszoon de Ruyter meer.,"In ieder geval is afzet van boter mij welkom in vrijwel elke vorm, indien koopkrachtige vraag wordt ontmoet.","Unfortunately, we no longer have Michiel Aclriaanszoon de Ruyter.","In any case, the sale of butter is welcome to me in almost any form, as long as there is sufficient purchasing demand."
nl.proc.sgd.d.196719680000650.3.4,1968-02-27,Jongeling,nl.p.gpv,TG1,SW1,2,2,"Hij trok die lijn dwars door het Oostermoer, door het zesde Dingspil van Drenthe. || aardig, maar het hield wel in, dat een natuurlijk landschap over twee provincies werd verdeeld.","Ik kan begrijpen, dat men naar aanpassing streeft van de bestuurlijke situatie. || Ik had zo graag gewild, dat een plan op tafel was gekomen, waarin deze kwesties in het kader van een groter geheel waren bekeken.","He drew that line straight through the Oostermoer, through the sixth Dingspil of Drenthe. || Nice, but it did mean that a natural landscape was divided between two provinces.",I can understand that there is a desire to adjust the administrative situation. || I really wish a plan had been put forward that addressed these issues within the context of a larger framework.
nl.proc.sgd.d.196719680000674.5.132,1968-06-12,Jongeling,nl.p.gpv,TG1,SW1,2,2,"Het dateert eigenlijk al van omstreeks de zeventiende eeuw. Toen hebben wij in het westen, in Holland, het zwaartepunt van onze economie gekregen. || Door dit alles is ons landje toch min of meer topzwaar geworden. Wij hebben aan de ene kant de Randstad Holland gekregen en aan de andere kant de buitengewesten.",Daarom nemen de mensen dit ook hoelanger hoe minder. || Er moeten industriestimulerende werken worden uitgevoerd.,"It actually dates back to around the seventeenth century. At that time, we in the west, in Holland, became the focal point of our economy. || Because of all this, our little country has become somewhat top-heavy. On one side, we have the Randstad Holland, and on the other side, the outlying regions.",That's why people take this less and less. || Industrial stimulation projects need to be carried out.
nl.proc.sgd.d.196819690000711.6.2,1968-09-24,"Polak, Minister van Justitie",,TG3,SW1,2,7,"Wel meen ik echter te mogen zeggen, dat de toekomstige wijzigingen beter zullen passen in een Burgerlijk Wetboek, dat in de tweede helft van de 20ste eeuw is ontstaan en dat overeenkomt met de inzichten van de huidige rechtswetenschap en de thans in de maatschappij levende opvattingen, dan in een Burgerlijk Wetboek uit de eerste helft van de 19de eeuw, dat bovendien is gebaseerd op de inzichten van de 18de-eeuwse Pothier en de 17de-eeuwse Domat, hoezeer men deze grote rechtsgeleerden ook mag bewonderen en respecteren. || In de 12de en 13de eeuw is die leeftijd voor de ridderstand verhoogd, hoogstwaarschijnlijk omdat men pas op oudere leeftijd de zware wapenuitrusting en bewapening van een ridder kon torsen.","Wel meen ik echter te mogen zeggen, dat de toekomstige wijzigingen beter zullen passen in een Burgerlijk Wetboek, dat in de tweede helft van de 20ste eeuw is ontstaan en dat overeenkomt met de inzichten van de huidige rechtswetenschap en de thans in de maatschappij levende opvattingen, dan in een Burgerlijk Wetboek uit de eerste helft van de 19de eeuw, dat bovendien is gebaseerd op de inzichten van de 18de-eeuwse Pothier en de 17de-eeuwse Domat, hoezeer men deze grote rechtsgeleerden ook mag bewonderen en respecteren. || Ik meen dat ik deze beschouwingen niet woord voor woord behoef te beantwoorden. || Ik meen dat men met het werk aan het nieuwe wetboek de rechtswetenschap in Nederland krachtig heeft gestimuleerd. || Wat het staatsrecht betreft, meen ik dat er de laatste jaren wel een en ander al aan de gang was. || Ik meen te mogen concluderen, dat het vaststellen van de meerderjarigheidsleeftijd — of de leeftijdstrappen voor de verschillende „bekwaamheden"""" - een complex vraagstuk is. || Ik meen, dat wij het resultaat daarvan kunnen en moeten afwachten. || Ik meen, dat zelfs in de gevallen, waarvoor het artikel wel geldt, het verbod om onmiddellijk te hertrouwen in de praktijk niet vaak bezwaarlijk zal zijn.","However, I believe I can say that the future changes will fit better into a Civil Code that emerged in the second half of the 20th century and aligns with the insights of current legal science and the prevailing views in society today, than into a Civil Code from the first half of the 19th century, which is also based on the insights of 18th-century Pothier and 17th-century Domat, no matter how much one may admire and respect these great legal scholars. || In the 12th and 13th centuries, the age for knighthood was raised, most likely because one could only bear the heavy armor and weaponry of a knight at an older age.","However, I believe I can say that the future changes will fit better into a Civil Code that emerged in the second half of the 20th century and aligns with the insights of current legal science and the prevailing views in society today, than into a Civil Code from the first half of the 19th century, which is also based on the insights of 18th-century Pothier and 17th-century Domat, no matter how much one may admire and respect these great legal scholars. || I believe that I do not need to respond to these remarks word for word. || I believe that the work on the new code has strongly stimulated legal science in the Netherlands. || As far as constitutional law is concerned, I believe that there has been quite a bit going on in recent years. || I believe I can conclude that determining the age of majority — or the age thresholds for the various ""capabilities"" — is a complex issue. || I mean that we can and should wait for the result of that. || I believe that even in the cases to which the article applies, the prohibition on remarrying immediately will not often be problematic in practice."
nl.proc.sgd.d.196819690000813.4.98,1968-11-14,van Dis,nl.p.sgp,TG1,SW3,1,1,"Wij zouden zelfs wensen, dat de Paus na grondig onderzoek en gedegen studie ook nog eens een encycliek het licht deed zien, waarin hij aangaande de Heidelbergse Catechismus, de Nederlandse gereformeerde geloofsbelijdenis en de leeruitspraken van de grote Nationale Synode van Dordrecht van 1618/1619 verklaarde, dat deze geheel en al gegrond zijn op Gods Woord.",Wij zouden dan ongetwijfeld hem ook hierin bijvallen.,"We would even wish that the Pope, after thorough investigation and careful study, would issue an encyclical affirming that the Heidelberg Catechism, the Dutch Reformed confession of faith, and the doctrinal statements of the great National Synod of Dordrecht of 1618/1619 are entirely based on God's Word.",We would undoubtedly support him in this as well.
nl.proc.sgd.d.196819690000742.2.11,1969-02-18,van Rossum,nl.p.sgp,TG1,SW1,2,2,"Ons land heeft, getuige de grote zeehelden Maarten Harpertszoon Tromp en Michiel Adriaanszoon de Ruyter, vanouds de reputatie van zeevarende natie. || C, en de WestIndische Compagnie spreken, met alle bezwaren die er overigens aan kleefden, daarvan duidelijke taal.",Wordt nu wel genoeg gedaan op het gebied van voorlichting inzake en opleiding tot de zeevarende beroepen? || Loopt Nederland daarbij wel in de pas of raken wij op dat gebied ook nog achter?,"Our country has long had the reputation of a seafaring nation, as evidenced by the great naval heroes Maarten Harpertszoon Tromp and Michiel Adriaanszoon de Ruyter. || C, and the West India Company speak, despite all the objections that were attached to it, in clear terms about that.","Is enough being done now in terms of information and training for maritime professions? || Is the Netherlands keeping up with that, or are we falling behind in that area as well?"
nl.proc.sgd.d.196919700000586.2.40,1969-10-14,van Dis,nl.p.sgp,TG2,SW4,2,4,"Het is wel zeer opmerkelijk dat juist in die tijd, toen ons land overeenkomstig die vaste grondslag werd geregeerd, de Gouden Eeuw van heel ons volksbestaan werd beleefd. || Dit lezende zijn wij ervan overtuigd de tolk te zijn van zeer velen van onze landgenoten, ook buiten onze partij, die, met ons, meermalen de vurige wens in zich voelen opkomen dat ook nu de bezem nog eens zal worden gehanteerd om een grondige schoonmaak te houden, te beginnen bij het Nationale Monument op de Dam te Amsterdam.","Er moest openheid komen en vernieuwing op alle gebied, niet het minst op dat der seksualiteit, met het gevolg dat de zedenverwildering schrikbarende afmetingen heeft aangenomen, terwijl het einde ervan nog niet is te zien. || Wij zien in heel de gang van zaken in ons land de wrange vruchten van het ontbreken van een vaste deugelijke grondslag aan het beleid van de achtereenvolgende regeringen. || De gang van zaken bij de invoering van de b. || Veeleer zien wij een toenemende verharding en daarmee gepaard gaande een al verder gaande uitgieting van openbare zonden.","It is quite remarkable that during that time, when our country was governed according to that solid foundation, we experienced the Golden Age of our entire national existence. || In reading this, we are convinced that we are the voice of many of our fellow countrymen, even outside our party, who, like us, often feel the passionate desire to see the broom wielded once more for a thorough cleaning, starting with the National Monument on the Dam in Amsterdam.","There needed to be openness and renewal in all areas, not least in sexuality, resulting in a shocking escalation of moral decay, with no end in sight. || We see the bitter fruits of the lack of a solid foundation in the policies of successive governments throughout the course of events in our country. || The course of events regarding the implementation of the b. || Rather, we see an increasing hardening and, consequently, a further outpouring of public sins."
nl.proc.sgd.d.196919700000592.6.90,1969-10-29,Beernink,,TG1,SW1,1,2,"Ik heb er wel eens over gedacht misschien is dat een aardige oplossing - om bij voorbeeld aan de hand van een oude stedenatlas uit de zeventiende eeuw na te gaan, hoe het met de tegenwoordige city's is gesteld.","Ik heb er wel eens over gedacht misschien is dat een aardige oplossing - om bij voorbeeld aan de hand van een oude stedenatlas uit de zeventiende eeuw na te gaan, hoe het met de tegenwoordige city's is gesteld. || De moeilijkheid in een dergelijke aangelegenheid is, dat het lastig is een objectieve verdeelsleutel te vinden.","I have thought about it before; perhaps it would be a nice solution to examine, for example, an old city atlas from the seventeenth century to see how the present cities are doing.","I have thought about it before; perhaps it would be a nice solution to examine, for example, an old city atlas from the seventeenth century to see how the present cities are doing. || The difficulty in such a matter is that it is challenging to find an objective distribution key."
nl.proc.sgd.d.196919700000626.3.193,1970-02-18,Koekoek,nl.p.bp,TG1,SW1,1,24,De geachte afgevaardigde is een groot kenner van onze vaderlandse geschiedenis en hij weet dat er gelukkig wel eens mensen door het storten van geld in vrijheid zijn gesteld.,"De geachte afgevaardigde is een groot kenner van onze vaderlandse geschiedenis en hij weet dat er gelukkig wel eens mensen door het storten van geld in vrijheid zijn gesteld. || Daar onze partij voorstandster is van de democratie en van vrije verkiezingen voor iedereen in Nederland, zal het iedereen duidelijk zijn, dat wij ermee akkoord gaan, de opkomstplicht af te schaffen. || Wij hebben in de stukken kunnen lezen, dat er gedurende 50 jaar een opkomstplicht heeft bestaan en dat er veel over gesproken is. || Nu wij de opkomstplicht nog kennen brengt ongeveer 95 pet. || Wij zijn voorstanders van afschaffing van de opkomstplicht, maar dit heeft niets te maken met ons eigen belang. || Gelukkig zie ik geen verband tussen de afschaffing van de opkomstplicht en de instelling van een districtenstelsel. || helemaal geen geldige reden voor, nu de opkomstplicht af te schaffen. || 2356 47ste vergadering - 18 februari '70 Wijziging van de Kieswet strekkende tot afschaffing van de opkomstplicht || Wij zijn voor de afschaffing van de opkomstplicht. || Het doet mij genoegen, dat een duidelijke meerderheid van de sprekers van vanmiddag, de mening vertolkende van een duidelijke meerderheid in deze Kamer, zich akkoord heeft verklaard met de voorgenomen afschaffing van de opkomstplicht. || De bezwaren van de heren Bakker en Geertsema houden nauw verband met de relaties die Zitting 1969-1970 Minister Beernink zij aanwezig achten tussen de opkomstplicht en ons huidige kiesstelsel. || De geachte afgevaardigde de heer Geertsema wil de opkomstplicht onder de huidige omstandigheden handhaven, omdat hij een duidelijke samenhang ziet tussen de evenredige vertegenwoordiging en die opkomstplicht. || Ik doe gaarne de toezegging, dat het verdwijnen van de opkomstplicht nooit zal worden gebruikt als een aanloop of als een argument om tot wijzigingen in ons kiesstelsel te geraken. || Vooral, omdat het instituut van de opkomstplicht is uitgewerkt. || Wijziging van de Kieswet strekkende tot afschaffing van de opkomstplicht 47ste vergadering -18 februari '70 2357 || Ik heb ook een paar gegevens uit Zwitserland, waaruit blijkt dat in dit land, waar in de meeste kantons geen opkomstplicht meer bestaat, bij parlementsverkiezingen er verschillende districten waren waar de opkomst boven de 90 pet. || Ik ben ervan overtuigd, dat de politicologen in ons land een dergelijk onderzoek zeker zullen instellen, vooral wanneer de opkomstplicht zal zijn afgeschaft, eventueel in samenwerking met de politiek wetenschappelijke partijbureaus. || Ook hij is gelukkig - hij kent ook de praktijk van het leven - niet somber ten aanzien van datgene, wat de kiezers bij afschaffing van deze opkomstplicht zullen doen. || De geachte afgevaardigde de heer Abma heeft herinnerd aan het feit - de heer Schakel heeft dat trouwens ook gedaan, terwijl mejuffrouw Goudsmit minder strijdbare jaren memoreerde - dat zijn partij vijftig jaar voor afschaffing van de opkomstplicht heeft gestreden. || Ik heb in deze Kamer de heer Zandt vele malen horen fulmineren tegen de opkomstplicht, waarbij hij de woorden „karikatuur van elk begrip van vrijheid"""" gebruikte. || In feite - de heer Abma weet dat is het geen stemdwang maar een opkomstplicht. || 2358 47ste vergadering - 18 februari '70 Wijziging van de Kieswet strekkende tot afschaffing van de opkomstplicht || Ben ik goed ingelicht, dan heeft diezelfde Unieraad in een latere vergadering gezegd dat de opkomstplicht beter kan verdwijnen. || Er zijn twee kansen dat er moeilijkheden ontstaan: of het parlement aanvaardt dit wetsontwerp, terwijl de oproepingskaarten zijn verzonden met de in artikel I 6 onder h van de Kieswet thans nog voorgeschreven herinnering aan de opkomstplicht: of het wetsontwerp haalt het Staatsblad niet - ik wil erop wijzen dat ook deze casuspositie mogelijk is - maar de oproepingskaart houdt de bedoelde herinnering aan de opkomstplicht niet in.","The esteemed representative is a great expert on our national history, and he knows that fortunately, there have been times when people have been freed by the pouring of money.","The esteemed representative is a great expert on our national history, and he knows that fortunately, there have been times when people have been freed by the pouring of money. || Since our party advocates for democracy and free elections for everyone in the Netherlands, it will be clear to everyone that we agree to abolish the mandatory voter turnout. || We have read in the documents that there was a mandatory attendance requirement for 50 years and that it has been discussed extensively. || Now that we still have the obligation to attend, it brings about 95 percent. || We advocate for the abolition of the attendance requirement, but this has nothing to do with our own interests. || Fortunately, I see no connection between the abolition of the attendance requirement and the establishment of a district system. || There is absolutely no valid reason to abolish the obligation to attend. || 2356 47th meeting - February 18, '70 Amendment to the Electoral Act aimed at abolishing the obligation to vote. || We are in favor of abolishing the attendance requirement. || I am pleased that a clear majority of the speakers this afternoon, representing a clear majority in this Chamber, have expressed their agreement with the proposed abolition of the attendance requirement. || The objections of Messrs. Bakker and Geertsema are closely related to the relationships that they believe Minister Beernink established during the 1969-1970 session between the obligation to vote and our current electoral system. || The esteemed representative Mr. Geertsema wants to maintain the obligation to attend under the current circumstances, as he sees a clear connection between proportional representation and that obligation to attend. || I gladly make the commitment that the disappearance of the obligation to vote will never be used as a pretext or as an argument to make changes to our electoral system. || Especially because the institution of compulsory attendance has been developed. || Amendment to the Electoral Act aimed at abolishing the compulsory voter turnout 47th meeting - February 18, '70 2357 || I also have some data from Switzerland, which shows that in this country, where there is no longer a mandatory turnout in most cantons, there were several districts during parliamentary elections where the turnout was above 90 percent. || I am convinced that the political scientists in our country will certainly conduct such research, especially when the obligation to vote is abolished, possibly in collaboration with the political science party offices. || He is also happy - he knows the realities of life - not pessimistic about what voters will do if this mandatory attendance is abolished. || The esteemed representative Mr. Abma reminded us of the fact - Mr. Schakel did so as well, while Ms. Goudsmit recalled less combative years - that his party fought for fifty years for the abolition of the compulsory voting law. || I have heard Mr. Zandt in this Chamber fulminate many times against the obligation to attend, using the words ""a caricature of any concept of freedom."" || In fact, Mr. Abma knows that it is not a voting obligation but a duty to attend. || 2358 47th meeting - February 18, '70 Amendment to the Electoral Act aimed at abolishing the obligation to vote. || If I am correctly informed, that same Council of the Union stated in a later meeting that the obligation to attend could be abolished. || There are two chances that difficulties may arise: either the parliament accepts this bill while the summons cards have been sent out with the reminder of the obligation to vote as currently prescribed in Article I 6 under h of the Electoral Act, or the bill does not make it to the Official Gazette - I want to point out that this scenario is also possible - but the summons card does not include the intended reminder of the obligation to vote."
nl.proc.sgd.d.196919700000674.4.109,1970-09-02,Bakker,nl.p.cpn,TG1,SW1,5,2,"Wat het laatste betreft zou ik de Minister van Defensie willen voorstellen alle kazernes te verplichten reproduktics op te hangen van Michiel de Ruyter, van de Tromps en van alle anderen, wier naam op fregatten en op andere marineschepen prijken, omdat dit te denken zal geven over de betekenis van lang haar in de Nederlandse geschiedenis. || De Haagse bijdragen daaraan, voor zover die geboekstaafd zijn op de sigarendozen der historie, munten alleen maar uit door kortzichtigheid. || Hij en de zijnen moeten zich daarbij niet weinig hebben aangemoedigd gevoeld door het feit, dat Z. || Wij weten in ieder geval, dat op dezelfde dag waarop dat gebeurde, het dagblad „De Telegraaf"""" niet zonder politieke invloed in regeringskringen en in bepaalde ministerkringen - een interview bracht met de ambassadeur van het Indonesische generaalsregime, waarin jubelende woorden worden gesproken over de aanstaande kranslegging door mijnheer Soeharto, waarin wij het volgende te lezen krijgen: || Bestrijding van de rellen en van de „rellers"""" moet gebeuren door Amsterdammers daartegen te mobiliseren.","Zitting 1969-1970 TWEEDE KAMER || Dat geldt ook voor de omschrijving van de Regering, waar zij de veroordeling uitspreekt en daarop laat volgen „welke motieven daaraan ook ten grondslag zouden liggen"""".","Regarding the last point, I would like to suggest to the Minister of Defence that all barracks be required to hang reproductions of Michiel de Ruyter, the Tromps, and all others whose names adorn frigates and other naval ships, as this will provoke thought about the significance of long hair in Dutch history. || The contributions from The Hague to that, as far as they are recorded on the cigar boxes of history, stand out only for their shortsightedness. || He and his companions must have felt quite encouraged by the fact that Z. || We know, at least, that on the same day that this happened, the newspaper ""De Telegraaf,"" not without political influence in government circles and among certain ministers, published an interview with the ambassador of the Indonesian generals' regime, in which enthusiastic words were spoken about the upcoming wreath-laying ceremony by Mr. Suharto, where we read the following: || The fight against the riots and the ""rioters"" must be carried out by mobilizing Amsterdammers against them.","Session 1969-1970 SECOND CHAMBER || This also applies to the description of the Government, where it pronounces the condemnation and follows it with ""whatever motives may underlie it."""
nl.proc.sgd.d.197019710000604.2.72,1970-10-13,van Dis,nl.p.sgp,TG1,SW1,2,3,"Het was de tijd van Neerlands grootheid en welvaart, van het in de annalen der geschiedenis als de Gouden Eeuw bekend staande tijdperk. || Kuitert van de Vrije Universiteit verkondigt dat het Evangelie in de wereld waarin wij leven slechts te combineren is met verzet tegen de gevestigde machten en voorts, geheel tegen de reformatoren in, sympathie betuigt voor Wederdopers als bijvoorbeeld Thomas Münzer, die in de 16e eeuw in Duitsland de boerenopstand ontketende.","Wij achten het noodzakelijk dat tegen dergelijke kraakpartijen alsmede tegen het kraken van huizen en gebouwen in het belang van de handhaving van het gezag en het eigendomsrecht door de daartoe geëigende instanties krachtig wordt opgetreden. || Wij weten dus niet of hieronder enkele bepaalde gedragsregels voor het burgerlijk verkeer moeten worden verstaan, of maatstaven van principiële aard. || Gezien de achterstand in materiële uitrusting en de voortdurende expansie van de Russische krijg.","It was the time of the Netherlands' greatness and prosperity, known in the annals of history as the Golden Age. || Kuitert from the Free University proclaims that the Gospel in the world we live in can only be combined with resistance against established powers and, furthermore, contrary to the reformers, expresses sympathy for Anabaptists such as Thomas Münzer, who instigated the peasant uprising in Germany in the 16th century.",We believe it is necessary for the appropriate authorities to take strong action against such squatter groups as well as against the squatting of houses and buildings in the interest of maintaining authority and property rights. || We do not know whether the following should be understood as specific rules of conduct for civil traffic or as principles of a fundamental nature. || Given the backlog in material equipment and the ongoing expansion of the Russian military.
nl.proc.sgd.d.197019710000625.3.57,1970-12-02,van Rossum,nl.p.sgp,TG1,SW4,2,1,Naast Europa ik noem de naam Duinkerken - hadden zowel de Oost-Indische Compagnie bij Madagascar als de West-Indische Compagnie bij het eiland Tortuga vaak ernstige overlast van de kapers. || Een van deze nieuwe vormen is de vliegtuigkaperij.,Ik meen echter dat ook de Nederlanders op dit punt ook niet geheel brandschoon zijn.,"Besides Europe, I mention the name Dunkirk - both the Dutch East India Company near Madagascar and the Dutch West India Company near the island of Tortuga often faced serious trouble from privateers. || One of these new forms is airplane hijacking.","However, I believe that the Dutch are not entirely innocent in this regard either."
nl.proc.sgd.d.197019710000626.8.40,1970-12-03,van Dis,nl.p.sgp,TG1,SW3,1,1,"Vooral deed het ons genoegen uit de commentaren te vernemen, dat de Minister tijdens zijn verblijf onder geestverwanten nog weer eens geconfronteerd werd met de oude, beproefde statenbijbel, die in menig opzicht een veel juistere en getrouwere vertaling geeft dan de nieuwe vertalingen, waarin veelal de scherpe punten werden afgevijld.","Vooral deed het ons genoegen uit de commentaren te vernemen, dat de Minister tijdens zijn verblijf onder geestverwanten nog weer eens geconfronteerd werd met de oude, beproefde statenbijbel, die in menig opzicht een veel juistere en getrouwere vertaling geeft dan de nieuwe vertalingen, waarin veelal de scherpe punten werden afgevijld.","We were especially pleased to hear from the comments that the Minister, during his stay among like-minded individuals, was once again confronted with the old, proven state Bible, which in many respects provides a much more accurate and faithful translation than the new translations, in which many of the sharp points have often been smoothed out.","We were especially pleased to hear from the comments that the Minister, during his stay among like-minded individuals, was once again confronted with the old, proven state Bible, which in many respects provides a much more accurate and faithful translation than the new translations, in which many of the sharp points have often been smoothed out."
nl.proc.sgd.d.197019710000655.5.20,1971-02-25,Boersma,nl.p.arp,TG1,SW1,2,2,"Daarbij doelde hij vooral op de Gouden Eeuw, de periode waarin de Verenigde Oostindische Compagnie is geboren, die een belangrijke voorloper was van de naamloze vennootschap, zoals wij die sinds een aantal jaren kennen. || Reeds in die tijd was het duidelijk, dat de factor kapitaal het volstrekte primaat had, aanzienlijk volstrekter overigens dan de laatste decennia het geval is.","Daarbij doelde hij vooral op de Gouden Eeuw, de periode waarin de Verenigde Oostindische Compagnie is geboren, die een belangrijke voorloper was van de naamloze vennootschap, zoals wij die sinds een aantal jaren kennen. || Over andere risico's werd in die tijd helemaal niet gesproken.","He was mainly referring to the Golden Age, the period during which the Dutch East India Company was established, which was an important precursor to the joint-stock company as we know it today. || Even back then, it was clear that the factor of capital had absolute primacy, significantly more so than has been the case in recent decades.","He was mainly referring to the Golden Age, the period during which the Dutch East India Company was established, which was an important precursor to the joint-stock company as we know it today. || Other risks were not discussed at all during that time."
nl.proc.sgd.d.197119720000734.5.42,1971-10-26,Jongeling,nl.p.gpv,TG1,SW3,2,2,"Er is vroeger een Nederlandse koopman geweest - in de wel eens te hoog geroemde gouden eeuw - die zei: Als ik er geld mee kan verdienen, ben ik bereid, dwars door de hel te varen, al zal ik daarbij al mijn zeilen moeten verbranden. || Deze mentaliteit zit er nog wel bij veel Nederlanders - en niet alleen bij Nederlanders — in.","Er is vroeger een Nederlandse koopman geweest - in de wel eens te hoog geroemde gouden eeuw - die zei: Als ik er geld mee kan verdienen, ben ik bereid, dwars door de hel te varen, al zal ik daarbij al mijn zeilen moeten verbranden. || Deze mentaliteit zit er nog wel bij veel Nederlanders - en niet alleen bij Nederlanders — in.","There was once a Dutch merchant - in the often overly praised Golden Age - who said: If I can make money from it, I am willing to sail through hell, even if I have to burn all my sails in the process. || This mentality is still present in many Dutch people - and not just among the Dutch.","There was once a Dutch merchant - in the often overly praised Golden Age - who said: If I can make money from it, I am willing to sail through hell, even if I have to burn all my sails in the process. || This mentality is still present in many Dutch people - and not just among the Dutch."
nl.proc.sgd.d.19720000200.3.3,1972-09-27,Walburg,nl.p.arp,TG1,SW1,1,5,"Dat het Fries zich behalve als spreek- ook als schrijftaal heeft gehandhaafd - uit de middeleeuwen is een groot aantal in het oud-Fries geschreven rechtsbronnen bewaard gebleven - is mede te danken aan de zeventiende eeuwse dichter Gysbert Japiks, wiens standbeeld te Bolsward in 1966 onthuld is door H.","Het wordt hoog tijd, dat onze Kamer zich over het rapport Friesetaalpolitiek uitspreekt: Dit rapport, dat in minder dan anderhalf jaar is samengesteld, ligt al meer dan twee jaar voor ons. || Mag ik beginnen met te zeggen dat ik spreek namens de fracties van K. || Een verplichtstelling waarvan onze fracties duidelijk voorstanders zijn, betekent overigens niet dat er geen goede vrijstellingsregeling moet komen. || In de openbare commissievergadering van 5 april 1971 hebben onze fracties erop aangedrongen dat aan dit diploma-Fries voor kleuterleidsters een speciale toelage zou worden verbonden. || Het zal de bewindslieden duidelijk zijn, dat de fracties, namens welke ik gesproken heb, grote waardering hebben voor het rapport van de Commissie Friese-taalpolitiek in het algemeen en voor de daarin gedane voorstellen in het bijzonder en dat zij er bij de Regering op aandringen, ernst te maken met en spoed te betrachten bij de vervulling van de Friese wensen, die naar onze mening alleszins redelijk zijn.","The fact that Frisian has maintained itself not only as a spoken language but also as a written language - a large number of legal sources written in Old Frisian have been preserved from the Middle Ages - is partly due to the seventeenth-century poet Gysbert Japiks, whose statue was unveiled in Bolsward in 1966 by H.","It is high time that our Chamber expresses its opinion on the report on Frisian language policy: This report, which was compiled in less than a year and a half, has been before us for more than two years. || May I start by saying that I speak on behalf of the K. factions. || A mandatory scheme, which our factions clearly support, does not mean that there shouldn't be a good exemption arrangement. || In the public committee meeting on April 5, 1971, our factions urged that a special allowance be attached to this diploma in Frisian for kindergarten teachers. || It will be clear to the ministers that the factions I have spoken on behalf of have great appreciation for the report of the Frisian Language Policy Committee in general and for the proposals made therein in particular, and that they urge the Government to take these Frisian wishes seriously and to act swiftly, which we believe are entirely reasonable."
nl.proc.sgd.d.197219730000462.2.21,1972-12-20,van Rossum,nl.p.sgp,TG2,SW2,2,1,"in de Gouden Eeuw had men bepaald andere opvattinyen, ook geestelijk, dan die, welke de Regering van thans heeft. || Ik wil 6 universiteiten noemen, die binnen 80 jaar werden gesticht;","in de Gouden Eeuw had men bepaald andere opvattinyen, ook geestelijk, dan die, welke de Regering van thans heeft.","In the Golden Age, people had certainly different views, including spiritual ones, than those held by the current government. || I want to mention 6 universities that were founded within 80 years.","In the Golden Age, people had certainly different views, including spiritual ones, than those held by the current government."
nl.proc.sgd.d.197219730000463.7.28,1973-01-23,Drees jr.,nl.p.ds70,TG1,SW1,2,3,"De scheepsbouw heeft ook periodes van gunstig rendement gekend; || misschien in de tijd van de Oostindische Compagnie, maar ook in de jaren twintig en tijdens de Tweede Wereldoorlog.","Men komt dan tot de slotsom dat het dan normaliter aantrekkelijk wordt bij normale projectrendementen onder Nederlandse vlag te registreren. || misschien in de tijd van de Oostindische Compagnie, maar ook in de jaren twintig en tijdens de Tweede Wereldoorlog. || Zo zijn er meer van die periodes geweest;","Shipbuilding has also experienced periods of favorable returns; || perhaps during the time of the Dutch East India Company, but also in the 1920s and during World War II.","It can then be concluded that it normally becomes attractive to register under the Dutch flag with typical project returns. || perhaps during the time of the Dutch East India Company, but also in the 1920s and during World War II. || There have been more of those periods;"
nl.proc.sgd.d.197219730000464.2.4,1973-01-24,Scholten,nl.p.chu,TG3,SW1,2,2,"Hoe gering mijn behoefte is, in het algemeen de stelling te onderschrijven, dat historische bespiegelingen geen waarde hebben voor de positiebepaling in het heden, meen ik op dit punt te kunnen zeggen, dat ik bepaald niet alleen op verouderde, historische gegevens ben afgegaan, doch zeker met de realiteit van vandaag voor ogen tot deze positiebepaling ben gekomen. || Ik wil de geachte afgevaardigde er nog eens met nadruk op wijzen, dat ik bij de beoordeling van de rendementen niet ver in het verleden ben teruggegaan, zeker niet tot de tijd van de Oost-Indische Compagnie, waarover de geachte afgevaardigde de heer Drees schertsenderwijze sprak, maar dat ik mij met zeer recente zaken heb beziggehouden.","Ik wil de geachte afgevaardigde er nog eens met nadruk op wijzen, dat ik bij de beoordeling van de rendementen niet ver in het verleden ben teruggegaan, zeker niet tot de tijd van de Oost-Indische Compagnie, waarover de geachte afgevaardigde de heer Drees schertsenderwijze sprak, maar dat ik mij met zeer recente zaken heb beziggehouden. || Daarin hebben rendementen van zeer moderne schepen meegeteld.","No matter how little I feel the need to generally endorse the statement that historical reflections have no value for determining our position in the present, I believe I can say that I have certainly not relied solely on outdated historical data, but have certainly come to this position with the reality of today in mind. || I would like to emphasize to the esteemed representative that I did not go far back in the past when assessing the returns, certainly not to the time of the Dutch East India Company, which the esteemed representative Mr. Drees jokingly referred to, but that I focused on very recent matters.","I would like to emphasize to the esteemed representative that I did not go far back in the past when assessing the returns, certainly not to the time of the Dutch East India Company, which the esteemed representative Mr. Drees jokingly referred to, but that I focused on very recent matters. || The returns of very modern ships have been included in that."
nl.proc.sgd.d.197219730000468.3.57,1973-02-06,Verbrugh,nl.p.gpv,TG3,SW4,1,2,"De narigheid bij de economie is, dat zij na de tijd van de 17de eeuw heel sterk in - wat ik wil noemen - materialistische handen is gekomen, waarbij de ethiek eruit is gehaald.","Dat leidt tot vele""""moeilijkheden voor de christelijke economie. || Dat is inderdaad een ethisch begrip.","The trouble with the economy is that after the 17th century, it has come very much into what I would call materialistic hands, with ethics being removed from it.",This leads to many difficulties for the Christian economy. || That is indeed an ethical concept.
nl.proc.sgd.d.197219730000469.3.44,1973-02-07,Groensmit-van der Kallen,nl.p.kvp,TG1,SW1,2,2,"Deze ontwikkeling naar een maatschappelijke en economische eenheid is reeds begonnen in de 16e eeuw, met de uitvinding van de windmolen ten bate van de houtindustrie. || De industrie van de 16e eeuw - zij het uiteraard gemoderniseerd - vormt in feite nog steeds de basis van de huidige industrie, de huidige structuur van het sociaalmaatschappelijk en economisch leven van de Zaanstreek.","De Zaanstreek heeft dus - dat heb ik met het voorgaande willen betogen - een geheel eigen industriële ontwikkeling ondergaan met eigen werkgelegenheid die niet was afgeleid van de Amsterdamse havenactiviteiten en die dus ook niet zal worden beïnvloed door het Streekplan Noordzeekanaalgebied. || De basis van het wetsontwerp ligt in de noodzaak, de gegroeide sociaal-maatschappelijke en economische eenheid van de Zaanstreek bestuurlijk af te ronden.","This development towards a social and economic unity began in the 16th century, with the invention of the windmill for the benefit of the wood industry. || The industry of the 16th century - albeit obviously modernized - still forms the basis of the current industry and the current structure of social, societal, and economic life in the Zaan region.","The Zaanstreek has undergone a completely unique industrial development, as I have argued above, with its own employment that was not derived from the activities of the Port of Amsterdam and will therefore not be affected by the Regional Plan for the North Sea Canal Area. || The basis of the bill lies in the necessity to administratively finalize the developed social, societal, and economic unity of the Zaanstreek."
nl.proc.sgd.d.197219730000483.7.4,1973-03-14,Meis,nl.p.cpn,TG3,SW1,1,2,"Wanneer wij bij dit wetsontwerp spreken over bepalingen uit het Wetboek van Strafrecht, welke gelden voor schepelingen, dan spreken wij over een oeroude wet, zo ongeveer uit de tijd van Michiel Adriaanszoon de Ruyter.","Wanneer wij bij dit wetsontwerp spreken over bepalingen uit het Wetboek van Strafrecht, welke gelden voor schepelingen, dan spreken wij over een oeroude wet, zo ongeveer uit de tijd van Michiel Adriaanszoon de Ruyter. || Toch wordt hij, zodra hij op zee is, in een uitzonderingspositie geplaatst ten opzichte van zijn collega's aan de wal.","When we refer to provisions from the Penal Code that apply to sailors in this bill, we are talking about an ancient law, dating back to the time of Michiel Adriaanszoon de Ruyter.","When we refer to provisions from the Penal Code that apply to sailors in this bill, we are talking about an ancient law, dating back to the time of Michiel Adriaanszoon de Ruyter. || However, once he is at sea, he is placed in an exceptional position compared to his colleagues on land."
nl.proc.sgd.d.197319740000729.3.47,1974-02-12,Van Veenen,,TG4,SW4,2,3,"Wij kunnen nu alleen nog maar hopen, dat de Minister niet dezelfde negatieve houding zal aannemen als het om de VOC gaat. || Wij hopen dat daarvoor erkenning zal komen.","Wij kunnen nu alleen nog maar hopen, dat de Minister niet dezelfde negatieve houding zal aannemen als het om de VOC gaat. Wij hopen dat daarvoor erkenning zal komen. || Wij kunnen nu alleen nog maar hopen, dat de Minister niet dezelfde negatieve houding zal aannemen als het om de VOC gaat. || Wij hopen dat daarvoor erkenning zal komen.",We can only hope now that the Minister will not adopt the same negative attitude towards the VOC. || We hope that recognition will come for that.,We can only hope now that the Minister will not adopt the same negative attitude towards the VOC. We hope that recognition will come for that. || We can only hope now that the Minister will not adopt the same negative attitude towards the VOC. || We hope that recognition will come for that.
nl.proc.sgd.d.197319740000755.5.31,1974-05-07,Jurgens,nl.p.ppr,TG1,SW1,1,2,"Ik noem een voorbeeld: Als de overheid beschikt over een kostbare verzameling, bij voorbeeld van zeventiende-eeuwse Nederlandse schilderijen, dan heeft de overheid niet het recht die eenvoudig te vernietigen.","Ik noem een voorbeeld: Als de overheid beschikt over een kostbare verzameling, bij voorbeeld van zeventiende-eeuwse Nederlandse schilderijen, dan heeft de overheid niet het recht die eenvoudig te vernietigen. || Het poneren van algemene stellingen, zoals dè autonomie, dè beschikkingsbevoegdheid, dè democratie, zoals de heer De Koning deed, terwijl het juist gaat om welke autonomie, wiens beschikkingsbevoegdheid, lokale of nationale democratie, achten wij onjuist.","I will give an example: If the government possesses a valuable collection, for instance, of seventeenth-century Dutch paintings, then the government does not have the right to simply destroy it.","I will give an example: If the government possesses a valuable collection, for instance, of seventeenth-century Dutch paintings, then the government does not have the right to simply destroy it. || Posing general statements, such as autonomy, decision-making authority, and democracy, as Mr. De Koning did, while the real issue is which autonomy, whose decision-making authority, and whether local or national democracy, we consider to be incorrect."
nl.proc.sgd.d.197419750000621.4.83,1974-10-24,Verbrugh,nl.p.gpv,TG4,SW4,1,1,Wij noemen een bepaalde eeuw de Gouden Eeuw - ik vind het geen mooie naam terwijl het tegelijkertijd de eeuw van een godsdienstige herleving was.,Wij noemen een bepaalde eeuw de Gouden Eeuw - ik vind het geen mooie naam terwijl het tegelijkertijd de eeuw van een godsdienstige herleving was.,"We refer to a certain century as the Golden Age - I don't think it's a nice name, even though it was also the century of a religious revival.","We refer to a certain century as the Golden Age - I don't think it's a nice name, even though it was also the century of a religious revival."
nl.proc.sgd.d.197419750000644.8.311,1974-12-17,Schaefer,,TG4,SW1,1,1,"Het word t weleens tijd, dat wi j in sommig e arbeiderswijken eens laten zien, dat zij hun eigen monumenten hebben en dat dit niet altijd uitsluitend 17de-eeuwse grachten panden behoeven te zijn.","Het word t weleens tijd, dat wi j in sommig e arbeiderswijken eens laten zien, dat zij hun eigen monumenten hebben en dat dit niet altijd uitsluitend 17de-eeuwse grachten panden behoeven te zijn.",It's about time we show in some working-class neighborhoods that they have their own monuments and that these don't always have to be exclusively 17th-century canal houses.,It's about time we show in some working-class neighborhoods that they have their own monuments and that these don't always have to be exclusively 17th-century canal houses.
nl.proc.sgd.d.197419750000666.13.9.1,1975-03-06,Abma,nl.p.sgp,TG1,SW1,2,2,"Er word t in het bijzonder gesproken over het archief van de Oost-Indische Compagnie. || In de memori e heb ik gelezen, dat 10 jaar nodig zijn o m het meest bedreigde veilig te stellen.","Is het mo gelijk, gelet juist op de benarde werkgelegenheidssituatie, met name in de bouw, o m eventueel via herscholing gekwalificeerde krachten in sterkere mate in te zetten voor het behoud van waardevolle monumenten . || In de memori e heb ik gelezen, dat 10 jaar nodig zijn o m het meest bedreigde veilig te stellen.","Particular attention is given to the archive of the Dutch East India Company. || In the memo, I read that it takes 10 years to secure the most endangered species.","Is it fair, considering the difficult employment situation, especially in construction, to potentially retrain qualified workers to a greater extent for the preservation of valuable monuments? || In the memo, I read that it takes 10 years to secure the most endangered species."
nl.proc.sgd.d.197519760000604.2.19.7,1975-11-19,van Doorn,,TG2,SW1,2,2,Ik kan wel zeggen dat terugrestauratie naar het 17de eeuwse plan niet noodzakelijk duurder zou hoeven uit te vallen dan wat men zou moeten noemen consolidatie van de huidige toestand. || Restauratie naarde 17de eeuwse grondvormen zal overigens de toekomstige exploitatie van het paleismuseum uit verschillende overwegingen in gunstige zin beïnvloeden.,Ik kan wel zeggen dat terugrestauratie naar het 17de eeuwse plan niet noodzakelijk duurder zou hoeven uit te vallen dan wat men zou moeten noemen consolidatie van de huidige toestand. || Men zou meer mensen in contact kunnen brengen met een zo belangrijk monument en omgeving.,I can say that restoring it to the 17th-century plan wouldn't necessarily have to be more expensive than what one would call consolidating the current state. || Restoration to the 17th-century original forms will positively influence the future operation of the palace museum for various reasons.,I can say that restoring it to the 17th-century plan wouldn't necessarily have to be more expensive than what one would call consolidating the current state. || More people could be brought in contact with such an important monument and its surroundings.
nl.proc.sgd.d.197519760000604.4.31.1,1975-11-19,Verbrugh,nl.p.gpv,TG3,SW2,1,2,"De tijd waarin de Heren XVII van de Oostindische Compagnie probeerden de internationale politiek te regelen, is voorbij.","Acht de Minister dit geen presentatie van overschrijding van bevoegdheden? || Dit lijkt me een politiek initiatief, dat wel door of via een politieke partij of persoon bij een regering en door een regering bij de Verenigde Naties aanhangig kan worden gemaakt, maar dat niet moet komen van een ondernemer die slechts economische bevoegdheid heeft.",The time when the Lords XVII of the East India Company tried to manage international politics is over.,"Does the Minister not consider this a presentation of an overstepping of authority? || This seems to me a political initiative that can indeed be brought forward by or through a political party or person to a government and by a government to the United Nations, but it should not come from an entrepreneur who only has economic authority."
nl.proc.sgd.d.197519760000606.3.17.3,1975-11-25,Verbrugh,nl.p.gpv,TG4,SW2,2,3,"De Minister moet dit niet zeggen. Het is niet waar. || Ze zeggen ook altijd, dat de mensen van de Oostindische Compagnie werkten ter ere Gods en tot meerder gewin en tóch zat er een stuk vroomheid in, dat ik waardeer.",De Minister moet dit niet zeggen. Het is niet waar. || Het is onjuist om vroegere regenten te zien als het prototype van gereformeerden. || De Minister moet dit niet zeggen.,"The Minister shouldn't say this. It's not true. || They always say that the people of the East India Company worked for the glory of God and for greater profit, and yet there was a certain piety in it that I appreciate.",The Minister shouldn't say this. It's not true. || It is incorrect to view former regents as the prototype of Reformed individuals. || The Minister shouldn't say this.
nl.proc.sgd.d.197519760000706.1.18.1,1976-02-23,van Hulten,,TG1,SW1,2,1,"Wij hebben overigens dit jaar een herdenking rond Michiel de Ruyter, ter gelegenheid waarvan er een postzegel zal uitkomen. || Misschien moeten wij die gelegenheid meteen aangrijpen om wat aan public relations rond de vloot op te zetten.",Misschien moeten wij die gelegenheid meteen aangrijpen om wat aan public relations rond de vloot op te zetten.,"By the way, we are holding a commemoration this year for Michiel de Ruyter, on the occasion of which a stamp will be issued. || Perhaps we should seize that opportunity to establish some public relations around the fleet.",Perhaps we should seize that opportunity to establish some public relations around the fleet.
nl.proc.sgd.d.197519760000674.11.7.1,1976-06-17,ter Woorst,nl.p.kvp,TG1,SW1,2,3,"Maar ik zou speciaal willen zeggen: Geef een stuk ruimte aan het natuurlijk talent. || Er moet echter ruimte voor zijn, zoals men in de gouden eeuw ook de schilderskunst de kans gaf, waardoor op een bepaald moment ook Rembrandt de kans kreeg.","Ik meen dat de extra begaafden ook een extra verantwoordelijkheid hebben om die begaafdheden volledig te benutten. || Ik vind dat onze maatschappij de extra begaafden ook de kansen moet bieden om die begaafdheden volledig te benutten. || Er moet echter ruimte voor zijn, zoals men in de gouden eeuw ook de schilderskunst de kans gaf, waardoor op een bepaald moment ook Rembrandt de kans kreeg.","But I would like to specifically say: Give some space to natural talent. || However, there must be room for it, just as in the Golden Age the art of painting was given a chance, which at a certain point also allowed Rembrandt to have his opportunity.","I believe that the exceptionally gifted also have an extra responsibility to fully utilize their talents. || I believe that our society should also provide gifted individuals with the opportunities to fully utilize their talents. || However, there must be room for it, just as in the Golden Age the art of painting was given a chance, which at a certain point also allowed Rembrandt to have his opportunity."
nl.proc.sgd.d.197519760000674.7.15.5,1976-06-17,van Doorn,,TG2,SW1,2,2,"Nu wi j dat eenmaal hebben gekozen en dat ook de beste oplossing vinden, mede gelet op de grote bezwaren die er tegen het gepleisterd alternatief bestaan, zullen wi j ook kiezen voor de formele tuin door de eenheid die daardoor zou ontstaan. || Van Doorn dat wij voor de buitenkant kiezen voor de Stadhouderstijd, eind 17de eeuw.","Daarom heb ik nog eens gevraagd naar de toestand van de 'rode' steen. || Nu wi j dat eenmaal hebben gekozen en dat ook de beste oplossing vinden, mede gelet op de grote bezwaren die er tegen het gepleisterd alternatief bestaan, zullen wi j ook kiezen voor de formele tuin door de eenheid die daardoor zou ontstaan.","Now that we have chosen that and also find it the best solution, considering the significant objections to the plastered alternative, we will also opt for the formal garden due to the unity it would create. || From Doorn, we choose the exterior style of the Stadhouder period, late 17th century.","That's why I asked again about the condition of the 'red' stone. || Now that we have chosen that and also find it the best solution, considering the significant objections to the plastered alternative, we will also opt for the formal garden due to the unity it would create."
nl.proc.sgd.d.197519760000674.7.2.1,1976-06-17,de Boois,nl.p.pvda,TG4,SW1,2,2,"Bij de huidige restauratieplannen zal die geschiedenis bijna geheel weggevaagd worden door het teruggaan tot het eind van de 17e eeuw. || Dat is in strijd met het tegenwoordig veelal gevolgde beleid van consolidatie, dat ook berust op de Monumentenwet, die onder 'monument ' onder andere verstaat 'alle zaken en terreinen, welke van algemeen belang zijn wegens de aan die zaken en terreinen verbonden geschiedkundige herinneringen'.","Daardoor kijkt een groot deel van de monu mentenwereld verbaasd, zo niet verbijsterd, toe, nu deze restauratie door Rijksgebouwendienst wèl kan, maar aankoop en onderhoud van waardevolle andere kastelen en buitenplaatsen niet kan plaatsvinden. || Wij willen slechts de nadruk leggen op de cultuurhistorie van dit gebouw, die wi j willen bewaren en zoveel mogelijk zichtbaar maken.","With the current restoration plans, that history will almost entirely be erased by reverting to the end of the 17th century. || That is in conflict with the currently often followed policy of consolidation, which is also based on the Monuments Act, which defines 'monument' as 'all objects and areas that are of general interest due to the historical memories associated with those objects and areas'.","As a result, a large part of the monument world looks on in surprise, if not in disbelief, as this restoration by the National Office for Cultural Heritage can take place, but the purchase and maintenance of other valuable castles and estates cannot. || We only want to emphasize the cultural history of this building, which we want to preserve and make as visible as possible."
nl.proc.sgd.d.197519760000674.7.3.1,1976-06-17,Veder-Smit,nl.p.vvd,TG4,SW1,3,2,"Daardoor gaat een groot stuk van de verdere bouwgeschiedenis verloren en zeker in dit geval komen wij meer tot reconstructiedan restauratie. || Men heeft gekozen voor de vroegste periode: de zeventiende eeuw. || Deze landschapstuin zal juist in het hart worden getroffen, waar de assen samenkomen.","Tenslotte wil ik graag een uitspraak aan de Kamer voorleggen, mijnheer de Voorzitter, over de kwestie van de tuin. || Dit alles zal zeer arbeidsintensief zijn.","As a result, a large part of the subsequent construction history is lost, and in this case, we are more focused on reconstruction than on restoration. || They have chosen the earliest period: the seventeenth century. || This landscape garden will be struck right in the heart, where the axes converge.","Finally, I would like to present a statement to the Chamber, Mr. Chairman, regarding the issue of the garden. || All of this will be very labor-intensive."
nl.proc.sgd.d.197519760000674.7.3.3,1976-06-17,van Veenendaal-van Meggelen,nl.p.ds70,TG4,SW1,2,2,"Het gaat hierbij o m de vraag, of het in- en exterieur gerestaureerd moeten worden naar de 17-de dan wel de 19-de eeuw en om de vraag, of de tuin, het park plaats moet maken voor een 17-de eeuwse tuin, 2 punten die bijzonder nauw met elkaar zijn verbonden. || Ik kan mij niet voorstellen dat mijn kleinkinderen - ik heb er ten slotte tien, dus ik kan mij er iets bij voorstellen - en andere kinderen van deze tijd, opgevoed en opgegroeid met heel andere ideëen en gedachten omtrent eigendom en bezit, met andere begrippen over natuur en natuurschoon, die de toekomstige bezoekers van dit museum worden, met vreugde zullen wandelen langs de mooie, rechte stijve paadjes en de gladgeschoren buxushagen in de 17de-eeuwse tuin.",Daarom komt er vanuit mijn fractie een warme steun voor de motie-De Boois. || beter kan worden besteed als een bijdrage voor het in stand nouden van een aantal mooie buitenplaat,"This concerns the question of whether the interior and exterior should be restored to the 17th or the 19th century, and whether the garden and park should make way for a 17th-century garden, two points that are particularly closely related. || I can't imagine that my grandchildren - I have ten of them, so I can picture it - and other children of this time, raised with very different ideas and thoughts about ownership and possession, with different concepts of nature and natural beauty, who will be the future visitors of this museum, will joyfully stroll along the beautiful, straight, rigid paths and the neatly trimmed boxwood hedges in the 17th-century garden.","Therefore, my party is giving strong support to the De Boois motion. || can be better spent as a contribution to maintaining a number of beautiful outdoor areas."
nl.proc.sgd.d.197519760000674.7.4.1,1976-06-17,van Leijenhorst,nl.p.chu,TG4,SW1,2,2,Alsof er daarma geen geschiedenis meer geweest is! || Anders gezegd: wi l men terug naar 1700 of naar 1900?,"Graag horen wij van de bewindsman argumenten, welke onze definitieve beslissing kunnen vergemakkelijken. || Hoewel wi j niet over de ons verstrekte cijfers kunnen spreken, wi l ik toch vragen waarom , als het gaat over de verwarmingskosten en de kosten van electrotechnische apparatuur, die zoveel hoger zijn bij consolidatie dan bij restauratie.",As if there had been no history after that! || In other words: do we want to go back to 1700 or to 1900?,"We would like to hear from the minister arguments that could facilitate our final decision. || Although we cannot discuss the figures provided to us, I would still like to ask why, when it comes to heating costs and the costs of electrical equipment, these are so much higher in consolidation than in restoration."
nl.proc.sgd.d.197519760000674.7.5.1,1976-06-17,Abma,nl.p.sgp,TG4,SW1,2,2,"Wij hebben onze twijfel ten aanzien van de plannen tot het - zoals het genoemd is -terugrestaureren van het bekende paleis Het Loo. || Bovendien heb ik gelezen dat het in feite toch ook weer niet gaat om een echt restaureren in de 17de-eeuwse situatie, waardoor het plan wellicht toch ook niet aan waarde wint.","Onze voorkeur gaat dus uit naar een sterkere eenheid van het monument en het museum dat geherbergd wordt, met name ook gelet op de financiële consequenties maar stellig niet alleen. || Het is de bedoeling per dag 5 a 6000 bezoekers te verwerken.","We have our doubts about the plans to - as it is called - restore the famous palace Het Loo. || Moreover, I have read that it is actually not about a true restoration of the 17th-century situation, which may mean that the plan does not gain value after all.","Our preference is therefore for a stronger unity between the monument and the museum that houses it, particularly considering the financial implications, but certainly not exclusively. || The goal is to process 5,000 to 6,000 visitors per day."
nl.proc.sgd.d.197519760000674.7.6.1,1976-06-17,Cornelissen,nl.p.kvp,TG2,SW1,2,2,"Dit onderzoek, de samenstelling van de in 1972 geïnstalleerde commissie en daarnaast de deskundigheid van de architect geven ons het vertrouwen, dat met de nodige zorgvuldigheid en wijsheid, met begrip en met veel liefde voor het cultuur-historische en het landschappelijke uiteindelijk een definitief plan is opgesteld, waarvan wij kennis hebben kunnen nemen en dat inhoudt dat het paleis wordt gerestaureerd en teruggebracht tot de tijd van de koning-stadhouder - tot de 17de eeuw - , waardoor de buitenzijde wordt ontdaan van het witte pleisterwerk en de als het ware overtollige bovenverdieping, terwijl het interieur wordt teruggebracht in de oude situatie, waardoor veel aan het oog onttrokken kunstwerken weer zichtbaar worden. || De tuin, die destijds toen Lodewijk Napoleon in 1806 zijn intrede deed in Het Loo werd volgestort om daardoor een landschapstuin mogelijk te maken, zal worden hersteld wat inhoudt het herstel van de tuinmuur, een verdiepte tuin met parterres en wandelterrassen en het weer aanleggen van waterpartijen.","Met respect voor deze opvattingen menen wi j toch, dat een uitwendige restauratie in plaats van een consolidatie aanbeveling verdient, mede ook gelet op de financiële consequenties voor de toekomst. || Nagenoeg alle leden van onze fracties kunnen zich verenigen met de aanleg van de geometrische tuin, die past in de totaliteit van de restauratie van het paleis.","This research, the composition of the commission installed in 1972, and the expertise of the architect give us confidence that, with the necessary care and wisdom, understanding, and a great love for the cultural-historical and landscape aspects, a definitive plan has ultimately been developed, which we have been able to review. This plan entails the restoration of the palace and its return to the time of the king-stadtholder - to the 17th century - which will remove the white plaster from the exterior and the seemingly excessive upper floor, while the interior will be restored to its original state, making many previously hidden artworks visible again. || The garden, which was filled in when Louis Napoleon made his entrance at Het Loo in 1806 to create a landscape garden, will be restored. This includes the restoration of the garden wall, a sunken garden with parterres and walking terraces, and the re-establishment of water features.","With respect for these views, we believe that an external restoration, rather than a consolidation, deserves recommendation, especially considering the financial implications for the future. || Almost all members of our factions agree with the creation of the geometric garden, which fits into the overall restoration of the palace."
nl.proc.sgd.d.197519760000674.7.7.3,1976-06-17,van Winkel O.S.B.,nl.p.ppr,TG4,SW1,2,2,De keuze tussen 19de en 17de eeuw is voor ons moeilijk geweest. Eigenlijk zijn wij er nog niet helemaal uit. || Wij schorten ons oordeel op tot na het antwoord van de bewindsman.,Partijgenoten in de regio rond Apeldoorn hebben mij laten weten dat de Apeldoornse gemeenschap enigszins teleurgesteld is. || Kan de Minister globaal schetsen hoe hij zich de massarecreatie-effecten indenkt?,"The choice between the 19th and 17th centuries has been difficult for us. In fact, we haven't completely decided yet. || We will suspend our judgment until after the minister's response.",Party members in the region around Apeldoorn have informed me that the Apeldoorn community is somewhat disappointed. || Can the Minister provide a general outline of how he envisions the effects of mass recreation?
nl.proc.sgd.d.197519760000674.7.8.1,1976-06-17,de Koning,nl.p.bp,TG4,SW1,2,2,Wij zijn van mening dat Het Loo de stijl moet behouden die het nu heeft. || Toen het door het Koninklijk Huis werd bewoon d werd van die zijde nooit gezegd dat het moest worden teruggebracht naar de staat van de zeventiende eeuw.,Wij vinden het terugbrengen van de tuin tot een andere staat geldverspilling. || Verwacht word t dat het ongeveer f 63 min.,"We believe that Het Loo should maintain the style it currently has. || When it was inhabited by the Royal House, it was never said from that side that it should be returned to its seventeenth-century state.",We consider restoring the garden to a different state a waste of money. || It is expected to take about 63 minutes.
nl.proc.sgd.d.197519760000674.7.9.9,1976-06-17,van Doorn,,TG4,SW1,2,2,"De centrale stelling in de motie van mevrouw De Boois is: tevens van oordeel dat terugbrengen van het gebouw tot een staat, die het aan het eind van de zeventiende eeuw ongeveer had, inhoudt dat een groot stuk bouw- en bewoningsgeschiedenis zal verdwijnen. || Het is dus geheel onjuist, dit zo te stellen.","Er zullen zeer vele bezoekers komen, daarom behoeft mevrouw De Boois zich bepaald ook geen zorgen te maken over de economische zijde van de zaak. || Wij staan voor de vraag: Wat kunnen wi j met het gebouw doen, gezien die uitgangspunten?",The central statement in Ms. De Boois's motion is: also of the opinion that restoring the building to a state similar to what it had at the end of the seventeenth century means that a significant part of its construction and habitation history will be lost. || It is therefore completely incorrect to state it this way.,"There will be many visitors, so Mrs. De Boois certainly doesn't need to worry about the economic side of the matter. || We are faced with the question: What can we do with the building, considering those principles?"
nl.proc.sgd.d.197519760000683.7.10.2,1976-09-01,Drees jr.,nl.p.ds70,TG3,SW1,2,3,Het is een prettiger systeem dan dat in de tijd van de godsdienstoorlogen van de 16e en 17e eeuw. || De parlementaire democratie is in belangrijke mate ingevoerd als vervangingsmiddel van burgeroorlog.,"Het is het begin van het uitschakelen van de oppositie, wanneer men zegt dat oppositioneel optreden het schragen van een onwettige actie buiten het parlement betekent. || Dat betekent, dat het parlement het laatste woor d heeft, al kan de Regering bij niet-wetsontwerpen natuurlijk zelfstandig beslissen. || Voor het overige, bij wetsontwerpen, heeft het parlement het laatste woord .",It is a more pleasant system than that during the time of the religious wars of the 16th and 17th centuries. || Parliamentary democracy has largely been implemented as a substitute for civil war.,"It is the beginning of the suppression of the opposition when it is said that opposition activities mean supporting an unlawful action outside of parliament. || This means that Parliament has the final word, although the Government can of course make independent decisions on non-legislative proposals. || For the rest, in the case of legislative proposals, Parliament has the final say."
nl.proc.sgd.d.197619770000542.7.2.4,1976-11-02,Dankert,nl.p.pvda,TG3,SW1,2,1,De Nederlandse marine hoeft het toch niet alleen tegen de Sovjet-Unie op te nemen? || Wij zijn toch al verder dan de 17e eeuw.,De Nederlandse marine hoeft het toch niet alleen tegen de Sovjet-Unie op te nemen?,"The Dutch navy doesn't have to face the Soviet Union alone, does it? || We are already beyond the 17th century.","The Dutch navy doesn't have to face the Soviet Union alone, does it?"
nl.proc.sgd.d.197619770000555.15.17.1,1976-12-02,Verbrugh,nl.p.gpv,TG1,SW1,2,2,"Wij hebben wel degelijk confederaties gehad die een belangrijke rol in de geschiedenis hebben gespeeld. || Nederland was in de 17e eeuw een confederatie en als Indonesië in 1949 een confederatie was gebleven,hadden alle Zuid-Molukkers daar nu in vrede geleefd.","Nederland was in de 17e eeuw een confederatie en als Indonesië in 1949 een confederatie was gebleven,hadden alle Zuid-Molukkers daar nu in vrede geleefd. || Die werkelijkheid is, dat de Negen een statenbond vormen , die samenwerken waar het kan en die bij voorbeeld een lange opzegtermijn kennen, zodat de EG niet zo maar door een slechte conjunctuur uit elkaar zal vallen.","We have indeed had confederations that played an important role in history. || The Netherlands was a confederation in the 17th century, and if Indonesia had remained a confederation in 1949, all South Moluccans would now be living there in peace.","The Netherlands was a confederation in the 17th century, and if Indonesia had remained a confederation in 1949, all South Moluccans would now be living there in peace. || The reality is that the Nine form a confederation of states that cooperate where possible and, for example, have a long notice period, so that the EC will not simply fall apart due to a poor economic situation."
nl.proc.sgd.d.197619770000579.14.4.1,1977-02-17,Beekmans,nl.p.d66,TG1,SW1,1,1,Wellicht kunnen wi j uit de geschiedenis ook nog wat leren.,Wellicht kunnen wi j uit de geschiedenis ook nog wat leren.,Perhaps we can learn something from history as well.,Perhaps we can learn something from history as well.
nl.proc.sgd.d.197619770000611.1.21.1,1977-02-21,Wolff,nl.p.cpn,TG1,SW1,2,2,In de 17de eeuw waaiert het uit over de zuidelijke Nederlanden. || Wij kunnen de zaak er niet bij laten staan als thans het geval is.,"Ik wil de Minister graag verzoeken, daarbij ook te bezien of er niet ook de mogelijkheid is, een zekere expansie naar het contemporaine glas toe te laten. || Wij willen hem vragen, de gehele glaskunst nog eens nader te bezien en deze in te passen in zijn beleid, al beseffen wij dat dit niet reeds direct zo velen zal raken.","In the 17th century, it spreads across the Southern Netherlands. || We cannot leave the matter as it currently stands.","I would like to request the Minister to also consider whether there is a possibility of allowing a certain expansion towards contemporary glass. || We want to ask him to take another look at the entire glass art and incorporate it into his policy, although we realize that this may not directly affect many people right away."
nl.proc.sgd.d.197619770000614.1.8.1,1977-03-09,van Dis jr.,nl.p.sgp,TG1,SW1,3,2,Nederland is vanouds een natie die nauw is verbonden met de zee. Onze 'Gouden Eeuw' was mede mogelijk door de handelsgeest en de zeevaart. || Onze 'Gouden Eeuw' was mede mogelijk door de handelsgeest en de zeevaart. || Nederland is vanouds een natie die nauw is verbonden met de zee.,"Wij hebben met het ons bij de brief van de Ministers toegezonden rapport een vraagstuk op tafel gekregen dat een bijzonder gecompliceerd karakter draagt, waarbij niet alleen moet worden gedacht aan de scheepsbouw - met name de nieuwbouwsector - als zodanig maar ook aan de toeleveringsbedrijven en, uiteindelijk, aan de rederijen. || Onze 'Gouden Eeuw' was mede mogelijk door de handelsgeest en de zeevaart.",The Netherlands has long been a nation closely connected to the sea. Our 'Golden Age' was made possible in part by our spirit of trade and seafaring. || Our 'Golden Age' was made possible by the spirit of trade and maritime navigation. || The Netherlands has traditionally been a nation closely connected to the sea.,"We have received a complex issue with the report sent by the Ministers along with the letter, which involves not only shipbuilding—particularly the new construction sector—but also the suppliers and, ultimately, the shipping companies. || Our 'Golden Age' was made possible by the spirit of trade and maritime navigation."
nl.proc.sgd.d.197619770000597.4.6.1,1977-04-21,Waltmans,nl.p.ppr,TG3,SW1,2,2,"De belangrijkste achtergrond van de hele discussie die wi j thans voeren is het feit dat de economische belangen wereldwijd een zodanige rol gaan spelen, dat wel gebroken moet worden met een aantal zogenaamde rechtsregels die in het verleden golden, maar die, zo meen ik, belangenregels waren. || De Minister weet ongetwijfeld, dat Grotius later zijn stelling op wens van de Vereenigde Oostindische Compagnie, als zijnde haar advocaat, wat moest ondergraven.","Op grond van het voorafgaande kan men zich over het EEG-voorstel tot uitbreiding van de visserijgrenzen een aantal zaken afvragen. || De belangrijkste achtergrond van de hele discussie die wi j thans voeren is het feit dat de economische belangen wereldwijd een zodanige rol gaan spelen, dat wel gebroken moet worden met een aantal zogenaamde rechtsregels die in het verleden golden, maar die, zo meen ik, belangenregels waren.","The main background of the entire discussion we are currently having is the fact that global economic interests are playing such a significant role that we must break with a number of so-called legal rules that applied in the past, which, I believe, were actually rules of interest. || The Minister undoubtedly knows that Grotius later had to undermine his position at the request of the Dutch East India Company, as their lawyer.","Based on the above, one can question several aspects of the EU proposal to extend fishing limits. || The main background of the entire discussion we are currently having is the fact that global economic interests are playing such a significant role that we must break with a number of so-called legal rules that applied in the past, which, I believe, were actually rules of interest."
nl.proc.sgd.d.19770000078.2.5.1,1977-08-24,Abma,nl.p.sgp,TG3,SW1,2,2,Wij zien geen doorslaggevende argumenten waarom nu juist de zeventiende-eeuwse tuin moet worden hersteld. || Er is voor ons dan ook geen reden o m ons de extra kosten te getroosten.,Wij zien geen doorslaggevende argumenten waarom nu juist de zeventiende-eeuwse tuin moet worden hersteld. || Destijds was de geometrische tuin ommuur d om het Veluwse zand tegen te houden.,We see no compelling arguments for why the seventeenth-century garden should be restored now. || There is therefore no reason for us to incur the extra costs.,"We see no compelling arguments for why the seventeenth-century garden should be restored now. || At that time, the geometric garden was walled to keep the Veluwe sand out."
nl.proc.sgd.d.19770000078.4.2.7,1977-08-24,van Doorn,,TG2,SW1,2,2,"Dit baroklaan tje is een historisch gegeven. || De situatie waarvan sprake is en die is gecreëerd aan het einde van de 17e eeuw, heeft van 1685 tot 1811 -ee n niet weg te poetsen periode!","Overigens beschik ik over alternatieven die in min of meer sterke mate positief zijn ten aanzien van de regeringskeuze en over een maximum-advies van de LooCommissie dat mij met grote stelligheid aanbeveelt, voort te gaan op de weg die mij voor ogen stond en met even grote klem mij ontraadt, een compromis te kiezen zoals is aangeduid in het advies van de 'drie'. || Wij hebben berekend, dat wij in de nieuwe situatie van 8 op - schrikt U niet - maar liefst 10tuinlieden komen.","This baroque lane is a historical fact. || The situation in question, which was created at the end of the 17th century, lasted from 1685 to 1811 - an undeniable period!","Furthermore, I have alternatives that are positively inclined, to a greater or lesser extent, regarding the government choice, as well as a maximum recommendation from the Loo Commission that strongly advises me to continue on the path I envisioned and equally strongly discourages me from choosing a compromise as indicated in the advice of the 'three'. || We have calculated that in the new situation, we will have 10 gardeners, so don't be alarmed."
nl.proc.sgd.d.197719780000538.2.7.1,1978-04-10,Salomons,nl.p.pvda,TG1,SW1,1,2,"Als ik het mij overigens goed herinner, waren zowel de VOC als de WIC evenmin puur private enterprise!","Als ik het mij overigens goed herinner, waren zowel de VOC als de WIC evenmin puur private enterprise! || Nieuwe zich hiermee bezighoudende diensten en onderzoeksapparaten zullen bij uitstek in de perifere regio's moeten worden gevestigd.","If I remember correctly, both the VOC and the WIC were not purely private enterprises either!","If I remember correctly, both the VOC and the WIC were not purely private enterprises either! || New services and research facilities dealing with this should be established primarily in the peripheral regions."
nl.proc.sgd.d.197719780000494.8.3.7,1978-04-13,Verbrugh,nl.p.gpv,TG1,SW3,2,2,De vrijheid van drukpers kennen wij evenals andere vrijheden al uit de zestiende en de zeventiende eeuw. || Wij waren al een beetje vroeger dan de Franse revolutie.,De vrijheid van drukpers kennen wij evenals andere vrijheden al uit de zestiende en de zeventiende eeuw. || Het woor d 'wij ' slaat op ons land.,"We have known the freedom of the press, as well as other freedoms, since the sixteenth and seventeenth centuries. || We were already a bit earlier than the French Revolution.","We have known the freedom of the press, as well as other freedoms, since the sixteenth and seventeenth centuries. || The word 'we' refers to our country."
nl.proc.sgd.d.197819790000676.4.6.13,1978-12-19,van der Hek,nl.p.pvda,TG1,SW2,3,2,"Er was een leuze in de Gouden Eeuw die luidde: Voor de Nederlandse politiek rust, vrede en commercie. Zelfs het laatste dreigt ons hierdoor te ontvallen. || Er was een leuze in de Gouden Eeuw die luidde: Voor de Nederlandse politiek rust, vrede en commercie. || Zelfs het laatste dreigt ons hierdoor te ontvallen.",Essentieel daarbij is de vraag: Waarom is dat totale pakket niet in een eerder stadium in een politieke context op tafel gekomen? || Zelfs het laatste dreigt ons hierdoor te ontvallen.,"There was a slogan in the Golden Age that went: For Dutch politics, rest, peace, and commerce. Even the last one threatens to slip away from us because of this. || There was a slogan in the Golden Age that went: For Dutch politics, rest, peace, and commerce. || Even the last one threatens to slip away from us because of this.",The essential question is: Why was that entire package not presented in a political context at an earlier stage? || Even the last one threatens to slip away from us because of this.
nl.proc.sgd.d.197919800000657.5.3.1,1979-12-12,van der Sanden,nl.p.cda,TG1,SW1,2,2,"daartoe heeft zich, misschien wel beginnend met de Acta Diurna in het oude Rome, de troubadours der vroege Middeleeuwen en de uitgevers van scheepsberichten en koopmansbrieven in de Gouden Eeuw, het huidige beroep van journalist ontwikkeld. || De journalist, die de middelaar is tussen het nieuws in de meest brede zin van het woor d en degenen die op het ontvangen van dat nieuws recht hebben, Grondwet ten einde als goed geïnformeerde burgers anno 1979 in onze democratie te kunnen functioneren.",Waarom - zo vraag ik mij nog steeds in gemoede af - zouden wij dat dan niet ook in onze eigen Grondwet vastleggen? || Dat recht heeft onderstreping en uitwerking wellicht meer nodig dan vele andere grondrechten.,"To this end, perhaps starting with the Acta Diurna in ancient Rome, the troubadours of the early Middle Ages, and the publishers of shipping news and merchant letters in the Golden Age, the current profession of journalism has developed. || The journalist, who acts as the intermediary between news in the broadest sense of the word and those who have the right to receive that news, is essential for functioning as well-informed citizens in our democracy in 1979, as stipulated by the Constitution.",Why - I still wonder in a calm manner - shouldn't we also enshrine that in our own Constitution? || That right may need more emphasis and elaboration than many other fundamental rights.
nl.proc.sgd.d.197919800000657.5.4.1,1979-12-12,Eversdijk,nl.p.cda,TG3,SW1,2,2,"De goede oude tijden kenden ook nog wat problemen op sociaal gebied! || In het jaar 1614, het begin van de zeventiende eeuw toen ook in Zeeland relatief de weivaart toenam, bepaalden de staten van Zeeland, vrijwel alleen bestaande uit Heren, het volgende.","Door het vervallen van dit additioneel aitikel zijn wi j weer een stapje dichter bij het totale verdwijnen van de heerlijke rechten. || In het jaar 1614, het begin van de zeventiende eeuw toen ook in Zeeland relatief de weivaart toenam, bepaalden de staten van Zeeland, vrijwel alleen bestaande uit Heren, het volgende.","The good old days also had their share of social issues! || In the year 1614, at the beginning of the seventeenth century when shipping also increased relatively in Zeeland, the states of Zeeland, almost entirely composed of Lords, determined the following.","With the removal of this additional article, we are one step closer to the complete disappearance of the delightful rights. || In the year 1614, at the beginning of the seventeenth century when shipping also increased relatively in Zeeland, the states of Zeeland, almost entirely composed of Lords, determined the following."
nl.proc.sgd.d.197919800000761.1.4.1,1980-03-17,Verbrugh,nl.p.gpv,TG2,SW1,2,2,In verschillende documenten uit de 16e en 17e eeuw was men op weg daaraan vorm te geven; || Moeten we daarom niet terugkomen op de oorspronkelijke opzet van de mensenrechten als bevoegdheidsgrenzen voor de overheid?,"Moet de Regering bij haar benadering van buitenlandse regimes ook niet wijzen op de grote winst van het westen, namelijk dat wij door schade en schande hebben geleerd hier niet een geconcentreerde eenheidsmacht van de volkswil in de staat in te voeren, maar in plaats daarvan een systeem van checks and balances te bevorderen, van elkaar wederkerig, onder uitwisseling van argumenten, beperkende organen? || Moeten we daarom niet terugkomen op de oorspronkelijke opzet van de mensenrechten als bevoegdheidsgrenzen voor de overheid?","In various documents from the 16th and 17th centuries, efforts were being made to give shape to that; || Shouldn't we therefore return to the original concept of human rights as limits on government authority?","Should the government, in its approach to foreign regimes, not also point out the great benefit of the West, namely that we have learned through trial and error not to establish a concentrated unitary power of the people's will in the state, but instead to promote a system of checks and balances, mutually interdependent, through the exchange of arguments and limiting bodies? || Shouldn't we therefore return to the original concept of human rights as limits on government authority?"
nl.proc.sgd.d.197919800000697.5.8.1,1980-04-22,van Dijk,nl.p.cda,TG1,SW1,1,2,"De multinationale onderneming is geen nieuw verschijnsel - de Verenigde Oostindische Compagnie, die in 1602 werd opgericht, was reeds een multinationale onderneming - , maar vooral in onze tijd is de onderneming waarvan de activiteiten ver over de nationale grenzen heenreiken een veel belangrijker, ik zou bijna zeggen een dominerende rol gaan spelen op het internationale economische terrein en daarmee tevens een grote machtsfactor gaan vormen binnen de nationale economieën.","Kortom, deze punten verschaffen ons voldoende reden om met meer dan bijzondere aandacht te vragen Tweede Kamer 22 april 1980 naar en aan te dringen op een werkelijk effectieve democratische controle op het handelen van deze ondernemingen. || De multinationale onderneming is geen nieuw verschijnsel - de Verenigde Oostindische Compagnie, die in 1602 werd opgericht, was reeds een multinationale onderneming - , maar vooral in onze tijd is de onderneming waarvan de activiteiten ver over de nationale grenzen heenreiken een veel belangrijker, ik zou bijna zeggen een dominerende rol gaan spelen op het internationale economische terrein en daarmee tevens een grote machtsfactor gaan vormen binnen de nationale economieën.","The multinational corporation is not a new phenomenon - the Dutch East India Company, founded in 1602, was already a multinational corporation - but especially in our time, companies whose activities extend far beyond national borders have come to play a much more important, I would almost say a dominant role in the international economic arena, thereby also becoming a significant power factor within national economies.","In short, these points provide us with sufficient reason to request the House of Representatives on April 22, 1980, to urge for truly effective democratic oversight of the actions of these companies. || The multinational corporation is not a new phenomenon - the Dutch East India Company, founded in 1602, was already a multinational corporation - but especially in our time, companies whose activities extend far beyond national borders have come to play a much more important, I would almost say a dominant role in the international economic arena, thereby also becoming a significant power factor within national economies."
nl.proc.sgd.d.197919800000767.1.3.2,1980-04-28,Beinema,nl.p.cda,TG3,SW2,2,2,"Braams moet plaatsvinden, toen de ene hoogleraar zes keer zoveel verdiende als de andere? || Bedoelt de heer Braams dat, wat dit betreft, een teruggang naar de zeventiende eeuw","Bedoelt de heer Braams dat, wat dit betreft, een teruggang naar de zeventiende eeuw || Braams moet plaatsvinden, toen de ene hoogleraar zes keer zoveel verdiende als de andere?","Should it take place when one professor earned six times as much as the other? || Does Mr. Braams mean that, in this regard, there is a regression to the seventeenth century?","Does Mr. Braams mean that, in this regard, there is a regression to the seventeenth century? || Should it take place when one professor earned six times as much as the other?"
nl.proc.sgd.d.197919800000767.1.3.3,1980-04-28,Braams,nl.p.vvd,TG3,SW2,1,2,Ik ben niet voor een teruggang naar de zestiende of de zeventiende eeuw.,"Zekere verschillen zou ik echter n>et a priori willen uitsluiten, als zij functioneel zijn voor de primaire doelstellingen, waarover wij spreken. || Ik ben niet voor een teruggang naar de zestiende of de zeventiende eeuw.",I am not in favor of a return to the sixteenth or seventeenth century.,"However, I would not want to exclude certain differences a priori if they are functional for the primary objectives we are discussing. || I am not in favor of a return to the sixteenth or seventeenth century."
nl.proc.sgd.d.197919800000719.13.4.1,1980-06-19,Nijhof,nl.p.ds70,TG3,SW4,1,2,"Met de onafhankelijkheid van lndonesië, vanaf de 17e eeuw onze belangrijkste kolonie, verloor Nederland definitief haar status als wereldmacht.","Als het debat dat wij vandaag voeren zin wil hebben is het noodzakelijk dat kamerbreed het morele onrecht dat thans drieëneenhalf decennium voortduurt word t erkend en ingelost. || Het Koninkrijk Nederland mag niet langer in de unieke en beschamende situatie blijven volharden dat het 'het enige land ter wereld is dat een aantal van zijn soldaten - rond de 37 500 man uit de oorlog in Zuidoost-Azië - 3V2 jaar salaris onthoudt', o m ir.","With the independence of Indonesia, our most important colony since the 17th century, the Netherlands definitively lost its status as a world power.","If the debate we are having today is to make sense, it is essential that the moral injustice that has persisted for three and a half decades is recognized and addressed across the board. || The Kingdom of the Netherlands can no longer persist in the unique and embarrassing situation of being ""the only country in the world that withholds salaries from a number of its soldiers - around 37,500 men from the war in Southeast Asia - for 3.5 years."""
nl.proc.sgd.d.197919800000719.13.5.1,1980-06-19,Waltmans,nl.p.ppr,TG1,SW4,2,5,"In 1602 werd de Vereenigde Nederlandsche Geoctroyeerde Oost-Indische Compagnie opgericht, waaraan de Staten-Generaal, voor zover Indië betreft, verschillende harer soevereine rechten overdroeg. || Er was Nederlandse opperheerschappij, Nederlandse opperverantwoordelijkheid voor Indië.","De PPR-fractie hoopt en vertrouwt erop, dat de eenstemmigheid van de Kamer zal leiden tot een snelle en af- doende regeling, die het ook de betrokkenen mogelijk maakt deze te aanvaarden en werkelijk te beschouwen zoals wi j het bedoelen: een aflossing van een morele schuld tegenover deze slachtoffers van het kolonialisme van Nederland. || De latere beschamende periode van onderdrukking van het Indonesische verzet van nationalisten en communisten, het inrichten van concentratiekampen als op Boven Digoel (lees het boek van Salim : Vijftien jaar Boven Digoel) doen de vraag rijzen, wie daarvoor de uiteindelijke verantwoordelijkheid draagt. || Wie draagt nu de uiteindelijke verantwoordelijkheid voor de totale || Men heeft zelfs de verantwoordelijkheid voor twee nieuwe koloniale oorlogen genomen, met alle gruwelen van dien. || Nederland zelf droeg de hoogste verantwoordelijkheid voor de aangelegenheden betreffende Nederlands-ln Tweede Kamer 19 juni 1980 dië.","In 1602, the United Dutch East India Company was established, to which the States-General transferred various sovereign rights concerning India. || There was Dutch supremacy, Dutch oversight over India.","The PPR faction hopes and trusts that the unanimity of the Chamber will lead to a swift and adequate resolution, which will also allow those involved to accept it and truly see it as we intend: a repayment of a moral debt to the victims of Dutch colonialism. || The later shameful period of repression against the Indonesian resistance of nationalists and communists, the establishment of concentration camps like in Boven Digoel (read Salim's book: Fifteen Years in Boven Digoel) raises the question of who ultimately bears the responsibility for this. || Who now bears the ultimate responsibility for the total? || They have even taken on the responsibility for two new colonial wars, with all the horrors that come with them. || The Netherlands itself bore the highest responsibility for the matters concerning the Dutch Parliament on June 19, 1980."
nl.proc.sgd.d.197919800000719.13.8.1,1980-06-19,Verbrugh,nl.p.gpv,TG1,SW4,6,7,"De jaren van Oldenbarneveldts Oostindische Compagnie zijn ten slotte ouder dan de jaren waarin Venlo en Roermond bij het Nederlandse gebied gingen behoren (waarbij ik opmerk dat de integratie van Venlo en Roermond wel veel beter mogelijk was). || Zoals de nazi's naar zogenaamde raskenmerken van Joden zochten, werd het bezit van een oog met blauwe iris door Japanners in hun dwaasheid aangewezen als het teken van de Nederlandse vijand. || Deze Nederlanders, die de goede strijd tegen het geweld en de oprukkende wereldmacht van het fascisme hebben willen strijden, zijn vaak verbitterd omdat de luitenant-gouverneur generaal hun rechten niet heeft erkend en omdat de Nederlandse ministers 5505 || Ik heb mij in die tijd wel eens afgevraagd of velen in die eerste jaren na 1945 niet zo geobsedeerd waren door nieuwe bestuurs- en rechtsvormen voor lndonesië, dat Nederlandse ambtenaren uit het oude Indië bij voorbaat als een soort van onbruikbare reactionaire lieden werden beschouwd, waar men liever niet aan werd herinnerd. || Had dan niet de Nederlandse Regering kort na 1945 zich minder gemakkelijk bij Van Mooks rehabilitatie-methode moeten neerleggen en op grond van haar politieke bevoegdheden het niet-betaalde salaris voor haar rekening moeten nemen? || f 1500, uitbetaald worden aan de mensen met sterkere schouders en laat het resterende bij voorbeeld ten goede komen aan fondsen van Nederlandse militaire verenigingen of tehuizen, als een present om hen nog eens sympathiek te doen denken aan hun oud-collega's uit het vroegere Nederlands-lndië.","Had dan niet de Nederlandse Regering kort na 1945 zich minder gemakkelijk bij Van Mooks rehabilitatie-methode moeten neerleggen en op grond van haar politieke bevoegdheden het niet-betaalde salaris voor haar rekening moeten nemen? || Het Koninkrijk der Nederlanden om vat het grondgebied van Nederland, Nederlands-lndië, Suriname en Curacao. || Of, o m het een beetje moderner te zeggen, zij voelden zich als het ware Nederlands vertegenwoordiger van de toenmalige nauwe staatkundige en maatschappelijke banden tussen het industrie- en wetenschapsgebied Nederland en het ontwikkelingsgebied Nederlands-lndië. || Nadat in 1940 Nederland door Duitsland bezet was, werden in Indië de Duitsers en NSB'ers geïnterneerd en werd de staat van beleg afgekondigd. || Nederland hield het been stijf en toonde toenadering tot Amerika, de Britten en de Australiërs. || Het was toen wel duidelijk aan welke kant Nederland in geval van een gewapend conflict zou staan. || Met het bedrag van f 7500, netto te betalen voor elke in Nederland gevestigde exgevangene gaat mijn fractie akkoord.","The years of Oldenbarnevelt's East India Company are ultimately older than the years in which Venlo and Roermond became part of the Dutch territory (noting that the integration of Venlo and Roermond was much more feasible). || Just as the Nazis searched for so-called racial characteristics of Jews, the possession of an eye with a blue iris was foolishly identified by the Japanese as a sign of the Dutch enemy. || These Dutch people, who have wanted to fight the good fight against the violence and the advancing world power of fascism, are often bitter because the lieutenant governor general has not recognized their rights and because the Dutch ministers... || I have often wondered during that time whether many in those early years after 1945 were so obsessed with new forms of governance and law for Indonesia that Dutch officials from the old Indies were automatically regarded as a kind of useless reactionaries, whom people preferred not to be reminded of. || Shouldn't the Dutch government have been less willing to accept Van Mook's rehabilitation method shortly after 1945 and, based on its political authority, taken responsibility for the unpaid salary? || 1500 should be paid out to the people with stronger shoulders, and let the remainder, for example, benefit funds of Dutch military associations or homes, as a gift to remind them fondly of their former colleagues from the old Dutch East Indies.","Shouldn't the Dutch government have been less willing to accept Van Mook's rehabilitation method shortly after 1945 and, based on its political authority, taken responsibility for the unpaid salary? || The Kingdom of the Netherlands comprises the territory of the Netherlands, Dutch East Indies, Suriname, and Curaçao. || Or, to put it a bit more modernly, they felt like the Dutch representatives of the close political and social ties between the industrial and scientific sectors of the Netherlands and the development area of the Dutch East Indies at that time. || After the Netherlands was occupied by Germany in 1940, Germans and NSB members were interned in the Indies, and a state of siege was declared. || The Netherlands stood firm and sought rapprochement with America, the British, and the Australians. || It was clear at that time which side the Netherlands would be on in the event of an armed conflict. || My party agrees to the amount of f 7500, net to be paid for each ex-prisoner based in the Netherlands."
nl.proc.sgd.d.197919800000789.1.7.33,1980-09-15,van der Klaauw,,TG3,SW1,2,1,De VOC is ten slotte ook geen succes geweest. || An ders gaan wij naar de Heren Zeventien.,Wij willen de zaak openhouden.,The VOC ultimately was not a success either. || Then we will go to the Lords Seventeen.,We want to keep the business open.
nl.proc.sgd.d.198019810000736.2.7.1,1980-11-19,Hennekam,nl.p.cda,TG3,SW2,2,2,"Die tijden zijn voorbij ! || De heer De Beer (VVD) in gesprek met voorzitter Schakel Wie kennis neemt van de toelichting op de begroting van Verkeer en Waterstaat zou tussen de regels door kunnen lezen, dat de Minister terugverlangt naar de tijden, waarin Nederland tot dé zeevarende naties behoorde, het glorietijdperk van de Gouden Eeuw.","De heer De Beer (VVD) in gesprek met voorzitter Schakel Wie kennis neemt van de toelichting op de begroting van Verkeer en Waterstaat zou tussen de regels door kunnen lezen, dat de Minister terugverlangt naar de tijden, waarin Nederland tot dé zeevarende naties behoorde, het glorietijdperk van de Gouden Eeuw. || Sindsdien evenwel is veel veranderd en het belang datthans aan de zeescheepvaart onder Nederlandse vlag moet worde n gehecht, kan niet slechts gemotiveerd worde n door een verlangen naar hegemonistische sferen van weleer.","Those times are over! || Mr. De Beer (VVD) in conversation with Chairman Schakel. Anyone who takes note of the explanation of the budget for Transport and Water Management could read between the lines that the Minister longs for the times when the Netherlands was one of the leading maritime nations, the glory days of the Golden Age.","Mr. De Beer (VVD) in conversation with Chairman Schakel. Anyone who takes note of the explanation of the budget for Transport and Water Management could read between the lines that the Minister longs for the times when the Netherlands was one of the leading maritime nations, the glory days of the Golden Age. || Since then, however, much has changed, and the importance that must now be attached to shipping under the Dutch flag cannot be motivated solely by a desire for the hegemonic spheres of the past."
nl.proc.sgd.d.198019810000785.11.2.1,1981-04-28,Niessen,nl.p.pvda,TG1,SW1,1,3,"' Mede dank zij deze culturele en gedeeltelijk ook financiële injecties uit het Zuiden kan in het Noorden de Gouden Eeuw een aanvang nemen en ontstaat, in wat nu de Randstad heet, het Algemeen Beschaafd Nederlands uit een osmose van het Hollandse dialect met Vlaamse en Brabantse streektalen.","Het Taalunieverdrag, dat wij vandaag bespreken, is van dit alles de afronding en vorm t tevens een nieuw begin. || Het Taalunieverdrag dat wij vandaag bespreken, vorm t de officiële bevestiging van de gelijkwaardigheid van taal en literatuur - in alle gewenste diversiteit — in de staatkundig gescheiden delen van de Nederlandse taalgemeenschap. || Indien het Taalunieverdrag zo verstaan moet worde n - daarover kan naar onze mening geen twijfel bestaan kan mijn fractie er volledig mee instemmen.","'Thanks to these cultural and partially financial injections from the South, the Golden Age can begin in the North, and what is now known as the Randstad sees the emergence of General Civilized Dutch from an osmotic blend of the Holland dialect with Flemish and Brabant regional languages.'","The Language Union Treaty, which we are discussing today, is the culmination of all this and also marks a new beginning. || The Language Union Treaty that we are discussing today serves as the official confirmation of the equality of language and literature - in all desired diversity - in the politically separated parts of the Dutch language community. || If the Language Union Treaty must be understood in this way - there can be no doubt about that in our opinion - my faction can fully agree with it."
nl.proc.sgd.d.198019810000785.11.3.1,1981-04-28,Verbrugh,nl.p.gpv,TG1,SW3,2,2,"Geyl, naar wiens boek over de Geschiedenis van de Nederlandse stam de memorie van toelichting wijst, sprak van een overleefde klein-Nederlandse traditie en van het Calvinisme, dat sedert 17e eeuw grote invloed op ons land zou hebben gehad, en dat er mede oorzaak van zou zijn, dat wat er in België gebeurde, tot de Vlaamse taalstrijd toe, ons eigenlijk weinig interesseerde. || Of is het eigenlijk zo, dat de lauwheid en onverschilligheid op het gebied van onze taal nog steeds overheerst?","Wij hebben een lange tijd gekend van Noordnederlands exclusivisme ten opzichte van de Zuidelijke Nederlanden. || Of is het eigenlijk zo, dat de lauwheid en onverschilligheid op het gebied van onze taal nog steeds overheerst?","Geyl, to whose book on the History of the Dutch people the explanatory memorandum refers, spoke of a surviving small Dutch tradition and of Calvinism, which since the 17th century has had a significant influence on our country, and which would also be a reason why what happened in Belgium, up to the Flemish language struggle, actually interested us little. || Or is it actually the case that the lukewarmness and indifference towards our language still prevail?",We have experienced a long period of Northern Dutch exclusivism towards the Southern Netherlands. || Or is it actually the case that the lukewarmness and indifference towards our language still prevail?
nl.proc.sgd.d.198119820000953.2.8.1,1982-01-18,Schutte,nl.p.gpv,TG2,SW1,2,2,"Zou Nederland in de 17e eeuw wel zoveel kunstenaars gekend hebben, als er nu in de regeling zitten? || Schutte kijken naar het gebruik van deze, als tijdelijk bedoelde sociale regeling, dan komen vergelijkingen op met de Gouden Eeuw.","Mijns inziens zouden vanuit Cultuur, Recreatie en Maatschappelijk Werk initiatieven moeten worde n ontwikkeld o m te komen tot vervanging van deze regeling door een die echt beantwoordt aan de doelstellingen van een kunstbeleid. || Met een kunstbeleid dat erop gericht is, de kunst dichter bij de mensen te brengen, heeft de BKR niet veel te maken.","Would the Netherlands have had so many artists in the 17th century as there are now in the program? || Looking at the use of this temporarily intended social scheme, comparisons arise with the Golden Age.","In my opinion, initiatives should be developed from Culture, Recreation, and Social Work to replace this scheme with one that truly meets the objectives of an arts policy. || With an arts policy aimed at bringing art closer to the people, the BKR has little to do with it."
nl.proc.sgd.d.198119820000897.9.6.13,1982-02-16,Tommel,nl.p.d66,TG3,SW2,1,3,Michiel de Ruyter is inmiddels overleden.,Welke concrete maatregelen stelt de heer Eversdijk dan voor? Michiel de Ruyter is inmiddels overleden. || Welke concrete maatregelen stelt de heer Eversdijk dan voor? || Michiel de Ruyter is inmiddels overleden.,Michiel de Ruyter has since passed away.,What specific measures does Mr. Eversdijk propose then? Michiel de Ruyter has since passed away. || What specific measures does Mr. Eversdijk propose? || Michiel de Ruyter has since passed away.
nl.proc.sgd.d.198119820000918.6.4.5,1982-04-21,van Dis jr.,nl.p.sgp,TG3,SW1,1,1,"De eerlijkheid gebiedt ons te erkennen dat er in de loop der tijden, sinds de 17e eeuw, niet alleen aan de kant van de staat, maar ook aan de kant van kerk het nodige veranderd is.","Misschien kunt u tegen deze achtergrond verstaan dat wi j in het definitieve doorsnijden van de financiële band tussen kerk en staat geen reden tot vreugde, opluchting of zelfs tot juichen vinden.","Honesty compels us to acknowledge that over the course of time, since the 17th century, there have been significant changes not only on the part of the state but also on the part of the church.","Perhaps you can understand against this background that we find no reason for joy, relief, or even celebration in the definitive severing of the financial ties between church and state."
nl.proc.sgd.d.198119820000939.3.9.1,1982-06-23,van Rossum,nl.p.sgp,TG1,SW1,2,2,Sinds de tijd van de Verenigde Oost-Indische Compagnie is er in Nederland een bewustwordingsproces aan de gang inzake de vaak armoedige levensomstandigheden in ontwikkelingslanden. || Door de loop der eeuwen hebben de kerken en de maatschappelijke organisaties zich onder wisselende omstandigheden - ik denk daarbij ook aan zendingsactiviteiten - grote inspanningen getroost o m de eigen leden bewust te maken van de grote noden in de Derde Wereld.,Onze fractie heeft aan de NCO op zichzelf al geen behoefte maar er moet iets gebeuren o m de subsidiëring van eenzijdige linkse ideologieën in onze samenleving af te remmen en voor de ontwikkelingssamenwerking weer bij zeer brede lagen van het Nederlandse volk belangstelling te wekken. || De hoorzitting en in meerderheid de brieven bewijzen echter heel duidelijk dat alleen al o m redenen van grensoverschrijding het mandaat van de NCO grondig moet worde n bijgesteld.,"Since the time of the Dutch East India Company, there has been a growing awareness in the Netherlands regarding the often impoverished living conditions in developing countries. || Over the centuries, churches and social organizations have made significant efforts under varying circumstances - including missionary activities - to raise awareness among their members about the great needs in the Third World.","Our faction does not have a need for the NCO itself, but something must be done to curb the funding of one-sided leftist ideologies in our society and to rekindle interest in development cooperation among a very broad segment of the Dutch population. || The hearing and, for the most part, the letters clearly demonstrate that, for reasons of overstepping boundaries alone, the mandate of the NCO must be thoroughly revised."
nl.proc.sgd.d.198219830000730.3.3.1,1982-12-09,Schutte,nl.p.gpv,TG1,SW3,2,2,"Men ervaart dan een soort van nationale eenheid in de tijd, waarbij de eeuwen tussen het produceren en het genieten van de kunst wegvallen. || Immers, met het voortschrijden van de secularisatie zou het bij voorbeeld moeilijker worde n om veel kunstzinnige uitingen uit de late Middeleeuwen en de Gouden Eeuw inhoudelijk te verstaan.","Dat zou kunnen betekenen, dat ons land zich op dit punt meer en meer gaat vervreemden van een in meer dan in één opzicht rijk stuk geschiedenis. || Wanneer men in musea in steden als Londen, Parijs of New York rondloopt en men op de afdeling Hollandse kunst komt, dan zal vrijwel elke Nederlander wel een gevoel van vertrouwdheid en herkenning ervaren, of - zo men wil een gevoel van 'dat is eigenlijk allemaal van ons'.","One experiences a kind of national unity in time, where the centuries between the creation and enjoyment of art disappear. || Indeed, with the progress of secularization, it would become more difficult, for example, to understand many artistic expressions from the late Middle Ages and the Golden Age in terms of their content.","This could mean that our country is increasingly becoming estranged from a piece of history that is rich in more than one respect. || When walking through museums in cities like London, Paris, or New York, and one arrives at the Dutch art section, almost every Dutch person will experience a sense of familiarity and recognition, or, if you will, a feeling of 'that's actually all ours.'"
nl.proc.sgd.d.198219830000730.3.5.1,1982-12-09,van der Vlies,nl.p.sgp,TG1,SW1,5,2,"Nog steeds spreken wij bij voorbeeld over de zeventiende eeuw als 'de Gouden Eeuw' en terecht, omdat het een tijdperk was van grote bloei en welvaart en vooral een tijdperk waarin het beslag van de waarheid van Gods woor d op heilzame wijze in onze samenleving aanwezig was en werken denkkaders bepaalde. || Onze fractie heeft goede nota genomen van de in de schriftelijke stukken voorkomende beschouwingen over de grondslag van onze nationale beschaving, de wordingsgeschiedenis van onze nationale cultuur en cultuurgoederen. || De centrale begrippen waarop het wetsontwerp tot behoud van cultuurbezit is gebaseerd, te weten nationale cultuur, nationaal cultuurbezit of nationaal cultureel erfgoed, zijn niet zonder deze fundamentele beschouwingen te omschrijven. || De Nederlandse samenleving is zo complex - alleen al door de diversiteit instreekculturen, geloof en dergelijke dat een duidelijke vaststelling van het begrip 'nationale cultuur' niet mogelijk doch slechts te benaderen is. || De conclusie is namelijk dat de wet slechts op die archiefstukken betrekking zou hebben, die museale en/of visuele waarde hebben, die deze onvervangbaar maken voor ons nationale cultuurbezit.","Daarom staat onze fractie in principe positief tegenover het nu in behandeling zijnde wetsontwerp tot behoud van cultuurbezit, dat bepalingen vaststelt die de mogelijkheid openen om te voorkomen dat voorwerpen van bijzondere cultuurhistorische of wetenschappelijke betekenis teloorgaan voor het Nederlandse cultuurbezit. || Onze fractie pleit daarom in het bijzonder voor veiligstelling van die voorwerpen op volwaardige wijze die de godsdienstige ontwikkeling van ons land de eeuwen door inzichtelijk maakt.","We still refer to the seventeenth century as 'the Golden Age,' and rightly so, because it was a period of great flourishing and prosperity, and especially a time when the truth of God's word was beneficially present in our society and shaped our frameworks of thought. || Our faction has taken good note of the observations in the written documents regarding the foundation of our national civilization, the history of the development of our national culture, and cultural assets. || The central concepts on which the draft law for the preservation of cultural property is based, namely national culture, national cultural property, or national cultural heritage, cannot be described without these fundamental considerations. || Dutch society is so complex—due to the diversity of regional cultures, religions, and so on—that a clear definition of the concept of 'national culture' is not possible, but can only be approached. || The conclusion is that the law would only apply to those archival pieces that have museum and/or visual value, making them irreplaceable for our national cultural heritage.","Therefore, our faction is generally positive about the current draft law on the preservation of cultural property, which establishes provisions that open up the possibility to prevent objects of particular cultural-historical or scientific significance from being lost to Dutch cultural heritage. || Our faction therefore particularly advocates for the proper safeguarding of those objects that illustrate the religious development of our country throughout the centuries."
nl.proc.sgd.d.198219830000733.9.5.18,1982-12-16,Leerling,nl.p.rpf,TG3,SW2,1,1,"Ik hoor dit nu allemaal aan, maar ik krijg langzamerhand de indruk dat de heer Willems het idee heeft dat wi j nog in de Gouden Eeuw leven.","Ik hoor dit nu allemaal aan, maar ik krijg langzamerhand de indruk dat de heer Willems het idee heeft dat wi j nog in de Gouden Eeuw leven.","I'm listening to all of this now, but I'm gradually getting the impression that Mr. Willems thinks we are still living in the Golden Age.","I'm listening to all of this now, but I'm gradually getting the impression that Mr. Willems thinks we are still living in the Golden Age."
nl.proc.sgd.d.198219830000733.9.5.19,1982-12-16,Willems,nl.p.psp,TG3,SW1,1,2,"Je hoeft niet in de Gouden Eeuw te leven om te constateren dat nu, anno 1982, die mensen niet in hun huishoudboekje uitkomen.","Die f7,5 miljoen zal ergens vandaan moeten komen. || Het gaat om de vraag, of je dit nog wel aan die bijstandsmoeders kunt vragen, die dit nu uit hun nevenverdiensten moeten opbrengen.","You don't have to live in the Golden Age to notice that now, in 1982, those people are not making ends meet.","That 7.5 million will have to come from somewhere. || The question is whether you can still ask this of those single mothers on welfare, who now have to cover this from their side incomes."
nl.proc.sgd.d.198219830000812.2.12.1,1983-01-17,Wagenaar,nl.p.rpf,TG1,SW1,1,2,"Voor een land dat een Verenigde Oostindische Compagnie heeft gekend, liggen hier naar onze mening toch mogelijkheden.","Wij zien daarom graag een nadere concretisering van de 'ruime plaats' die volgens de Exportnota voor de versterking van de oriëntatie op deze verre markten zal worden ingeruimd. || Voor een land dat een Verenigde Oostindische Compagnie heeft gekend, liggen hier naar onze mening toch mogelijkheden.","For a country that has experienced a Dutch East India Company, we believe there are still opportunities here.","We would therefore like to see a more detailed specification of the 'ample space' that, according to the Export Note, will be allocated for strengthening the focus on these distant markets. || For a country that has experienced a Dutch East India Company, we believe there are still opportunities here."
nl.proc.sgd.d.198219830000817.2.13.66,1983-01-31,Kappeyne van de Coppello,,TG1,SW1,2,2,Ik wijs de heer Schutte er ten overvloede nog op dat de Staten-Generaal in de 17e eeuw de opdracht hebben gegeven tot het opstellen van de Statenbijbel. || Het betrof een zeer directe ingreep in het taalgebruik.,O m die reden verdient dit op zich zelf niet erg grote probleem de aandacht. || Het betrof een zeer directe ingreep in het taalgebruik.,I would like to remind Mr. Schutte that the States General commissioned the creation of the States Bible in the 17th century. || It was a very direct intervention in the use of language.,"For that reason, this issue does not deserve much attention in itself. || It was a very direct intervention in the use of language."
nl.proc.sgd.d.198219830000746.4.12.57,1983-02-09,van Aardenne,,TG1,SW1,2,1,"Dit jaar is het 200 jaar geleden dat de Vereenigde Oost-Indische Compagnie zei dat er vele arbeidsplaatsen mee gemoeid waren, als zij geen 14 min. || De geschiedenis herhaalt zich.","Ik merk wel op dat ik de verantwoordelijkheid heb o m te bekijken, of het van overheidswege verantwoord is o m het geld te geven.","This year marks 200 years since the Dutch East India Company stated that there were many jobs involved, if they did not have 14 min. || History repeats itself.",I do notice that I have the responsibility to assess whether it is justifiable from a governmental perspective to provide the funding.
nl.proc.sgd.d.198219830000746.4.14.1,1983-02-09,Engwirda,nl.p.d66,TG4,SW2,2,2,"De Minister heeft zijn betoog afgesloten met een mijns inziens buitengewoon ongelukkige vergelijking met de Verenigde Oostindische Compagnie. || Ik vind de vergelijking in het geheel niet opgaan, omdat - dat is al gebleken - de Minister in dit geval wel steun verleent, namelijk 150 min.","De Minister ziet over het hoofd dat alleen al het feit dat de vier bedrijven die niet voor het boedelkrediet in aanmerking komen, het stempel onrendabel opgeplakt krijgen, een psychologische uitwerking heeft. || Ik vind dat absoluut onvoldoende om de zaak te kunnen beoordelen.","The Minister concluded his argument with what I believe to be an extraordinarily unfortunate comparison to the Dutch East India Company. || I don't think the comparison holds at all, because - as has already been shown - the Minister does provide support in this case, namely 150 million.",The Minister overlooks the fact that the mere labeling of the four companies that do not qualify for the bankruptcy credit as unprofitable has a psychological effect. || I find that absolutely insufficient to assess the matter.
nl.proc.sgd.d.198219830000746.4.15.1,1983-02-09,van der Hek,nl.p.pvda,TG1,SW2,3,2,"De Minister eindigde zijn betoog met een uitsmijter over de Verenigde Oostindische Compagnie. Hij toont daar eigenlijk maar één ding mee aan, namelijk dat als men te weinig doet en men het niet goed doet, dit altijd fout is. || Hij toont daar eigenlijk maar één ding mee aan, namelijk dat als men te weinig doet en men het niet goed doet, dit altijd fout is. || De Minister eindigde zijn betoog met een uitsmijter over de Verenigde Oostindische Compagnie.",Het is niet de eerste keer dat deze Minister in het geval van de RSV-problematiek iets te weinig en niet goed heeft gedaan. || De Minister behoort daarom op zijn minst enige bescheidenheid tijdens een dergelijk debat te demonstreren.,"The Minister concluded his speech with a punchline about the Dutch East India Company. What he actually demonstrates with this is that if one does too little and does it poorly, it is always wrong. || He is actually demonstrating just one thing with that, namely that if one does too little and does it poorly, it is always wrong. || The Minister concluded his speech with a punchline about the Dutch East India Company.",This is not the first time that this Minister has done too little and not well regarding the RSV issue. || The Minister should therefore demonstrate at least some modesty during such a debate.
nl.proc.sgd.d.198219830000746.4.18.7,1983-02-09,van der Hek,nl.p.pvda,TG3,SW2,2,1,"Om legendevorming te voorkomen wijs ik er echter op, dat niemand een pleidooi heeft gehouden voor handhaving van de grote scheepsbouw. || Precies, en toen ging het nog voortreffelijk met de Oost-Indische Compagnie.",De Minister heeft toen de ROS niet opgericht.,"To prevent the creation of legends, I would like to point out that no one has advocated for the maintenance of large shipbuilding. || Exactly, and then it was still going excellently with the East India Company.",The Minister did not establish the ROS at that time.
nl.proc.sgd.d.198219830000822.2.14.1,1983-02-21,Konings,nl.p.pvda,TG1,SW1,2,2,"Vele schilderijen uit de Gouden Eeuw laten ons zien, dat ook toen al de oester een gewaardeerde delicatesse was. || Omdat deze cultuur zich daar nog bevindt, moet zich daar in de loop der generaties een grote kennis van zaken hebben opgebouwd.","Kan de Minister van Landbouw verzekeren, dat alvorens de blokkendam word t gesloten, het oppervlak van de Oosterschelde de kleinst geplande oppervlakte bereikt heeft? || Is het beleid erop gericht te komen tot volledige onafhankelijkheid van importen van oesterbroed en daarmee van mee geïmporteerde ziekten?","Many paintings from the Golden Age show us that even back then, oysters were a valued delicacy. || Because this culture still exists there, a great deal of expertise must have been built up over the generations.","Can the Minister of Agriculture assure that before the closure of the dam, the surface area of the Oosterschelde has reached the smallest planned area? || Is the policy aimed at achieving complete independence from imports of oyster larvae and thus from co-imported diseases?"
nl.proc.sgd.d.198219830000752.3.7.3,1983-02-23,Gualthérie van Weezel,nl.p.cda,TG1,SW2,3,2,"Die banden gaan tot de zeventiende eeuw terug ! Sterker nog, het is niet uitgesloten dat Marokko het eerste land is dat aan het Haagse hof geaccrediteerd is geweest. || Sterker nog, het is niet uitgesloten dat Marokko het eerste land is dat aan het Haagse hof geaccrediteerd is geweest. || Die banden gaan tot de zeventiende eeuw terug !","Ik vraag mij in dit verband af, of de door de heer Van der Spek gevolgde procedure geen novum vorm t in de parlementaire geschiedenis. || Ik vraag mij ook af, in hoeverre het optreden van de heer Van der Spek niet contra-produktief is.","Those ties date back to the seventeenth century! In fact, it is not excluded that Morocco was the first country to be accredited at the Hague court. || In fact, it is not excluded that Morocco was the first country to be accredited by the Hague court. || Those bands date back to the seventeenth century!","In this context, I wonder whether the procedure followed by Mr. Van der Spek constitutes a novelty in parliamentary history. || I also wonder to what extent Mr. Van der Spek's actions are counterproductive."
nl.proc.sgd.d.198219830000771.3.3.2,1983-04-21,Beinema,nl.p.cda,TG3,SW1,2,2,In de 16e en 17e eeuw werd immers menigeen hoogleraar en hij bereikte daarmee de laatste fase van een wetenschappelijke loopbaan op een leeftijd waarop men in onze eeuw de eerste fase van het wetenschappelijk onderwijs nauwelijks of niet voltooid kan hebben. || Zowel de ingewikkeldheid van de wetenschap als de hoogte van de gemiddelde leeftijd zijn in de loop van de 19e en 20e eeuw danig toegenomen.,Eén van de te verwachten effecten van de invoering van het aan de orde zijnde wetsontwerp zal enige verhoging van de mobiliteit zijn. || Wij zien dat als een pluspunt.,"In the 16th and 17th centuries, many became professors, reaching the final stage of an academic career at an age when in our century, one can hardly or not at all have completed the first stage of scientific education. || Both the complexity of science and the average life expectancy have significantly increased during the 19th and 20th centuries.",One of the expected effects of the introduction of the proposed legislation will be a slight increase in mobility. || We see that as a positive.
nl.proc.sgd.d.198319840000888.2.11.18,1983-11-23,Brokx,,TG1,SW1,1,3,"Ik denk niet aan degenen, die vallen binnen de hoogste inkomensgroepen, want het is al eeuwenlang een gegeven, dat degenen die het meeste verdienen de stad ontvluchten.","Een stad kan niet alleen leven met de laagst betaalden. || Van betekenis is, dat ook mensen, die vallen in de middelbare-inkomensgroepen, in de stad blijven wonen, respectievelijk komen te wonen. || Ik denk niet aan degenen, die vallen binnen de hoogste inkomensgroepen, want het is al eeuwenlang een gegeven, dat degenen die het meeste verdienen de stad ontvluchten.","I don't think about those who fall within the highest income groups, because it has been a given for centuries that those who earn the most flee the city.","A city cannot survive on the lowest paid alone. || It is significant that people who fall into the middle-income groups also continue to live in the city or move there. || I don't think about those who fall within the highest income groups, because it has been a given for centuries that those who earn the most flee the city."
nl.proc.sgd.d.198319840000028.6.15.1,1984-05-01,Verbeek,nl.p.vvd,TG2,SW1,2,1,"De economische prestatie in ons land in de afgelopen tien jaar bleef ver beneden het niveau van wat nu 'de gouden eeuw van stabiliteit en groei' van de jaren vijftig en zestig blijkt te zijn geweest. || Zelfs indien ook rekening wordt gehouden met andere factoren die een druk teweegbrengen tot structurele aanpassing, zoals vraagverschuivingen, veranderingen in de omvang en samenstelling van het arbeidsmarktpotentieel, de introductie van nieuwe technologieën, stringentere milieu-eisen en nieuwe patronen in de internationale handel en kapitaalstromen, dan nog zou een goed functionerende markteconomie tegen zulke uitdagingen opgewassen moeten zijn.","Slechts door het beleid conform de in het regeerakkoord vastgelegde en in de Miljoenennota uitgewerkte meerjarenbasis vorm te geven, kan er weer een stevig fundament worden gelegd onder onze economie en kan zowel nationaal als internationaal het vertrouwen in het ondernemingsklimaat in ons land worden hersteld.","The economic performance in our country over the past ten years has remained far below the level of what has now proven to be 'the golden age of stability and growth' of the 1950s and 1960s. || Even if other factors that create pressure for structural adjustment are taken into account, such as shifts in demand, changes in the size and composition of the labor market potential, the introduction of new technologies, stricter environmental requirements, and new patterns in international trade and capital flows, a well-functioning market economy should still be able to cope with such challenges.","Only by implementing the policy in accordance with the multi-year framework established in the coalition agreement and detailed in the Budget Memorandum can a solid foundation be laid for our economy, and both nationally and internationally, trust in the business climate in our country can be restored."
nl.proc.sgd.d.198319840000836.4.3.1,1984-05-16,van Rossum,nl.p.sgp,TG1,SW1,2,2,In 1658 had Blokzijl 160 grote schepen voor de afvoer van turf over de Zuiderzee naar Holland. || De haven maakt ook terecht deel uit van een beschermd dorpsgezicht en daardoor mogen er geen ingrijpende wijzigingen plaatshebben.,"Mag worden gerekend op steun van Monumentenzorg, als aan die kaden wel wat nodig is, of moet het uit een andere pot komen? || Afgezien van de lange golfbeweging van het steeds weer naar de éne of naar de andere zijde overdragen, komt de vraag op, of dat nu zo fragmentarisch moet of dat men deze overdrachten in een algemene filosofie, zoals ook in 1821 is geschied, in breder verband dient te bezien.","In 1658, Blokzijl had 160 large ships for transporting peat across the Zuiderzee to Holland. || The harbor is rightly part of a protected village view, and therefore no significant changes are allowed.","Can we count on support from Heritage Conservation if something is needed for those quays, or does it have to come from another source? || Aside from the long wave movement of repeatedly transferring to one side or the other, the question arises whether this needs to be so fragmented or if these transfers should be viewed in a broader context within a general philosophy, as was done in 1821."
nl.proc.sgd.d.198319840000842.7.9.1,1984-05-30,van Rossum,nl.p.sgp,TG3,SW1,2,5,De historie voert ons terug tot de tijd van de Verenigde Oostindische Compagnie. Het reglement vertoont daar duidelijk de sporen van. || Het reglement stamt dus zelfs nog uit de tijd van de Oostindische Compagnie en is naderhand voor de Westindische Compagnie overgenomen.,"Er zijn namelijk nogal wat punten die voor vernieuwing in aanmerking komen. || Dank aan de minister voor de beantwoording. || De minister heeft duidelijk uiteengezet || Op de periode van vijf jaar behoef ik nauwelijks meer terug te komen, omdat de minister zeer duidelijke toezeggingen gedaan heeft. || Een en ander is later weer door de Tweede Kamer met de minister van Koloniën besproken.",The history takes us back to the time of the Dutch East India Company. The regulations clearly show traces of that. || The regulations date back to the time of the Dutch East India Company and were later adopted for the Dutch West India Company.,"There are quite a few points that are eligible for renewal. || Thank you to the minister for the response. || The minister has clearly outlined. || In the five-year period, I hardly need to come back, as the minister has made very clear commitments. || Some matters were later discussed again by the House of Representatives with the Minister of Colonies."
nl.proc.sgd.d.198419850001034.2.25.1,1984-11-19,Eshuis,nl.p.cpn,TG3,SW4,2,2,"Bestond er tot in de zeventiende eeuw niet het 'tuchtigingsrecht' voor de man? || Het voornemen van de regering om de beperking te laten vervallen, dat verkrachting alleen buiten de echt strafbaar is, betekent dat wordt afgerekend met een aspect van de hoofdregel van dat huwelijksrecht, namelijk dat de man het hoofd van de echtvereniging was.","Es huis Voor ons als medewetgever is het interessant om vast te stellen, dat de wetgever heel lang die maatschappelijke structuren heeft vastgelegd, en daarmee 'aanleiding heeft gegeven' tot seksueel geweld, namelijk via het huwelijksrecht. || Ik kom nog even terug op dat verschrikkelijke huwelijksrecht, in het bijzonder op de rechten op seksueel verkeer.","Did the 'right to discipline' for men not exist until the seventeenth century? || The government's intention to lift the restriction that rape is only punishable outside of marriage means that an aspect of the main principle of marital law is being addressed, namely that the man was the head of the marital union.","As co-legislators, it is interesting for us to note that the legislator has long enshrined those social structures, thereby 'giving rise' to sexual violence, namely through marriage law. || I want to return to that terrible marriage law, particularly regarding the rights to sexual relations."
nl.proc.sgd.d.198419850000960.4.15.3,1985-02-27,Eshuis,nl.p.cpn,TG3,SW2,1,2,"Een staatsgodsdienst kennen wij niet in Nederland, de Tachtigjarige oorlog is lang geleden en er is wel een Statenbijbel, maar geen staatsbijbel.","Waarop baseert het kabinet zijn moraal? || Een staatsgodsdienst kennen wij niet in Nederland, de Tachtigjarige oorlog is lang geleden en er is wel een Statenbijbel, maar geen staatsbijbel.","We do not have a state religion in the Netherlands, the Eighty Years' War was a long time ago, and there is a States Bible, but no state Bible.","On what does the cabinet base its morality? || We do not have a state religion in the Netherlands, the Eighty Years' War was a long time ago, and there is a States Bible, but no state Bible."
nl.proc.sgd.d.198419850000960.4.16.1,1985-02-27,Janmaat,nl.p.cd,TG1,SW1,1,2,In het begin van de zeventiende eeuw schreef Geeraardt Brandt: van dien eedelen Schrijver en zyne schriften;,"Als wij dit lezen en wij horen de veelvuldige kritiek op de schrijver, die vandaag ter discussie staat, meen ik dat die prijs voor deze gelegenheid een andere naam moet krijgen. || Ik onderschrijf het beleid van de minister volledig.","At the beginning of the seventeenth century, Geeraardt Brandt wrote: about that noble writer and his writings;","As we read this and hear the numerous criticisms of the writer currently under discussion, I believe that the award for this occasion should be given a different name. || I fully endorse the minister's policy."
nl.proc.sgd.d.198419850000962.12.11.1,1985-03-05,Schutte,nl.p.gpv,TG1,SW1,1,2,Enigszins spectaculair was wellicht de januari-reis van de minister naar China waar hij zich met het nodige historische besef presenteerde als een nazaat van onze 17de-eeuwse 'roodharige barbaren'.,"Ik herinner de minister aan deze uitspraak om hem eens de vraag voor te houden in hoeverre hij het tot zijn taak rekent, zich in te zetten voor de eer van Nederland in de internationale staten-samenleving. || Was dit nu echter niet bij uitstek een taak van de minister van Buitenlandse Zaken?","Somewhat spectacular was perhaps the minister's trip to China in January, where he presented himself with a sense of historical awareness as a descendant of our 17th-century 'red-haired barbarians'.","I remind the minister of this statement to pose the question to him to what extent he considers it his duty to advocate for the honor of the Netherlands in the international community of states. || Was this not, in fact, a task that was particularly suited for the Minister of Foreign Affairs?"
nl.proc.sgd.d.198419850001005.3.12.1,1985-08-27,van Eekelen,,TG1,SW1,8,2,"Vervolgens zijn er landen waarvan een belangrijk deel van hun bevolking in Nederland leeft. || Na de Turkse bevolkingsgroep is de groep Marokkanen de grootste in Nederland. || 000 Marokkanen in Nederland woonachtig. || Te zamen vormen zij ongeveer 20% van de in Nederland wonende buitenlanders. || Wij vinden dat Nederland hierbij niet mag achterblijven. || Het beleid dat wordt gevoerd om de culturele betrekkingen te versterken met landen waaruit in Nederland woonachtige culturele minderheden afkomstig zijn, is dan opnieuw bepalend. || Naar aanleiding van een opmerking van de heer Van der Vlies kan ik dan ook meedelen dat er zowel op cultureel als op wetenschappelijk gebied in Nederland een toenemende belangstelling voor de Arabische wereld is te constateren. || Dit is echter een algemeen aanvaarde ontwikkeling, die aanvankelijk is begonnen bij de Unesco en die internationaal, ook in Nederland, ingang heeft gevonden.",Om die reden is de totstandkoming van een culturele overeenkomst met Marokko opportuun. || Daarom benadruk ik nog eens dat het hier niet gaat om een 'aangekleed' onderwijsakkoord.,"There are also countries where a significant part of their population lives in the Netherlands. || After the Turkish population group, the Moroccan group is the largest in the Netherlands. || 000 Moroccans living in the Netherlands. || Together, they make up about 20% of the foreigners living in the Netherlands. || We believe that the Netherlands should not lag behind in this. || The policy being implemented to strengthen cultural relations with countries from which cultural minorities residing in the Netherlands originate is once again decisive. || In response to a comment from Mr. Van der Vlies, I can also report that there is an increasing interest in the Arab world in the Netherlands, both culturally and scientifically. || This is, however, a generally accepted development that initially started with UNESCO and has gained traction internationally, including in the Netherlands.","For that reason, the establishment of a cultural agreement with Morocco is timely. || Therefore, I want to emphasize once again that this is not about a 'dressed-up' education agreement."
nl.proc.sgd.d.198419850001005.3.18.1,1985-08-27,Schutte,nl.p.gpv,TG1,SW1,2,2,"Ik vind het prettig te vernemen dat de belangstelling voor Michiel Adriaanszoon de Ruyter ook nu kennelijk aanwezig is in Marokko. || Ik hoop dat daarmee een toenemend begrip in Marokko gepaard gaat voor de relatie die in de 1 7e eeuw en ook nu nog in Nederland bestond en bestaat tussen cultuur en christendom, zodat de nazaten van maraboet Sidi Ali ben Mohammed ben Moussa minder vreemd aankijken tegen de christenen dan de maraboet tegen Michiel Adriaanszoon de Ruyter.","Wat is nu voor de Marokkaanse overheid de drijfveer, de noodzaak om een bepaling zoals nu in artikel 5 staat, zo ruim geformuleerd, met althans in theorie zo veel mogelijkheden, aan Nederland voor te stellen en wat is het argument voor de Nederlandse regering geweest een dergelijke ruime formulering de accepteren? || In mijn eerste termijn heb ik gepoogd duidelijk te maken dat mijn moeite zich vooral toespitst op het feit van dit verdrag, en met name op de tekst van artikel 5, een tekst waarover ook de heer Van Ooijen vragen heeft gesteld die grotendeels parallel liepen aan mijn vragen.","I am pleased to hear that there is still interest in Michiel Adriaanszoon de Ruyter in Morocco. || I hope that this will lead to an increasing understanding in Morocco of the relationship that existed and still exists in the Netherlands between culture and Christianity, so that the descendants of the marabout Sidi Ali ben Mohammed ben Moussa view Christians with less suspicion than the marabout did towards Michiel Adriaanszoon de Ruyter.","What is the motivation for the Moroccan government to propose a provision like the one currently stated in Article 5, formulated so broadly, with theoretically so many possibilities, to the Netherlands, and what argument led the Dutch government to accept such a broad formulation? || In my first term, I tried to make it clear that my concerns mainly focus on the fact of this treaty, and specifically on the text of Article 5, a text about which Mr. Van Ooijen also raised questions that largely paralleled mine."
nl.proc.sgd.d.198419850001005.3.6.1,1985-08-27,Schutte,nl.p.gpv,TG1,SW1,2,2,"Tussen Nederland en Marokko bestaan reeds eeuwenlang diplomatieke contacten. || Reeds in het begin van de zeventiende eeuw was er een levendige handel tussen Nederland en Marokko, waarbij de keizers van Marokko zich via Joodse kooplieden in de Republiek lieten vertegenwoordigen.",Ik wil voorop stellen dat een cuitureel verdrag met Marokko onze positieve benadering verdient. || Waardering voor geschiedkundige feiten uit een ver verleden behoeft ons evenwel niet de kritische zin voor nieuwe betrekkingen in het heden te doen verliezen.,"Diplomatic relations between the Netherlands and Morocco have existed for centuries. || Already in the early seventeenth century, there was a lively trade between the Netherlands and Morocco, with the emperors of Morocco being represented in the Republic by Jewish merchants.",I want to emphasize that a cultural treaty with Morocco deserves our positive approach. || Appreciation for historical facts from a distant past should not cause us to lose our critical sense for new relationships in the present.
nl.proc.sgd.d.198519860000865.2.2.1,1985-10-28,Niessen,nl.p.pvda,TG1,SW1,3,2,"Daarmee zouden wij tevens weer aansluiting vinden bij de allerslechtste elementen in het beeld dat eeuwenlang van de Hollanders in het buitenland heeft bestaan. || Zojuist sprak ik over de negatieve kanten van het beeld dat eeuwenlang van de Hollander in het buitenland bestond. || Sir William Temple, in de zeventiende eeuw Engels ambassadeur in Den Haag, schreef in een befaamd boek dat bij ons 'voordeel meer gezocht is dan eer'.","Wij gaan echter volstrekt de verkeerde kant op, wanneer deze kop in Export Magazine, 'Economie en cultuur straks twee-eenheid', de trend wordt in onze internationale culturele betrekkingen. || Daarom zeg ik tot de regering: verval niet in historische fouten en voorkom vooral, dat Nederland zich tot de risee van de internationale culturele betrekkingen maakt in een poging, kikker en nachtegaal in een duet te doen optreden.","This would also reconnect us with the very worst elements of the image that has existed of the Dutch abroad for centuries. || I just talked about the negative aspects of the image that has existed of the Dutch abroad for centuries. || Sir William Temple, the English ambassador in The Hague in the seventeenth century, wrote in a famous book that 'more advantage is sought than honor' among us.","However, we are completely heading in the wrong direction when this headline in Export Magazine, 'Economy and culture soon to be a unity', becomes the trend in our international cultural relations. || Therefore, I say to the government: do not fall into historical mistakes and, above all, prevent the Netherlands from becoming the laughingstock of international cultural relations in an attempt to make a frog and a nightingale perform in a duet."
nl.proc.sgd.d.198519860000775.8.8.1,1985-10-29,van Iersel,nl.p.cda,TG1,SW1,2,2,"Opmerkelijk is, dat beide landen, in strijd gewikkeld, in dezelfde periode hun gouden eeuw hebben gekend. || Het gaat om een herijking van een historische verhouding en het is een uiting van gemeenschappelijke solidariteit.","Alvorens nader op de historische, politieke en economische betekenis van deze toetreding in te gaan, wil ik namens de fractie van het CDA gaarne tegenover deze Kamer en tegenover de regering verklaren dat het CDA instemt met deze toetreding en Spanje en Portugal van harte verwelkomt in onze Europese Gemeenschap. || Met de uitbreiding van de Europese Gemeenschap met het Iberisch schiereiland gaat de Gemeenschap in een aantal opzichten een nieuw stadium in.","It is remarkable that both countries, involved in conflict, experienced their golden age during the same period. || It is about a recalibration of a historical relationship and is an expression of shared solidarity.","Before delving into the historical, political, and economic significance of this accession, I would like to express, on behalf of the CDA faction, our agreement with this accession and warmly welcome Spain and Portugal to our European Community. || With the expansion of the European Community to include the Iberian Peninsula, the Community is entering a new phase in several respects."
nl.proc.sgd.d.198519860000868.2.10.1,1985-11-04,van Aardenne,,TG3,SW1,1,1,"Ik vrees dat wij dan ongeveer terug zouden zijn in de zeventiende eeuw, met een sterke samenballing in het westen van het land.","Als elke provincie en misschien nog wel kleinere eenheden, dus elke gemeente, een eigen industriebeleid zouden gaan voeren, zou het eindresultaat niet erg gunstig zijn, niet alleen voor ons land maar vooral niet voor de zwakke regio's.","I fear that we would then be roughly back in the seventeenth century, with a strong concentration in the western part of the country.","If every province and perhaps even smaller units, such as each municipality, were to implement their own industrial policy, the end result would not be very favorable, not only for our country but especially not for the weaker regions."
nl.proc.sgd.d.198519860000868.2.17.1,1985-11-04,Lankhorst,nl.p.ppr,TG4,SW2,3,2,"'Terug naar de zeventiende eeuw', noemt de minister dat. Afgezien van het feit dat de zeventiende eeuw de Gouden Eeuw was || Afgezien van het feit dat de zeventiende eeuw de Gouden Eeuw was || 'Terug naar de zeventiende eeuw', noemt de minister dat.",Het is daarom teleurstellend dat dit zozeer door de minister van Economische Zaken wordt afgewezen. || Afgezien van het feit dat de zeventiende eeuw de Gouden Eeuw was,"""Back to the seventeenth century,"" the minister calls it. Aside from the fact that the seventeenth century was the Golden Age. || Aside from the fact that the seventeenth century was the Golden Age || ""Back to the seventeenth century,"" the minister calls it.",It is therefore disappointing that this is so strongly rejected by the Minister of Economic Affairs. || Aside from the fact that the seventeenth century was the Golden Age
nl.proc.sgd.d.198519860000868.2.35.20,1985-11-04,van Aardenne,,TG3,SW1,3,2,"Ik wil niet naar deze situatie toe, maar ben er voorstander van, Nederland als eenheid te bezien en dan zijn er grenzen aan de decentralisatie. || Dan zitten wij in een verbrokkelde situatie en Nederland is al een klein land. || Dan zitten wij in de Zeven Verenigde Nederlanden.","Ik wil niet naar deze situatie toe, maar ben er voorstander van, Nederland als eenheid te bezien en dan zijn er grenzen aan de decentralisatie. || Als de provincies inderdaad zouden uitmaken welke kernen in de provincie voor IPR in aanmerking komen, gebeurt precies dat, wat wij de Bondsrepubliek Duitsland wel eens verwijten, namelijk dat men tegen de buitenwereld zegt dat men geen steun geeft, maar dat hier en daar de Lander wel steun geven.","I don't want to go towards this situation, but I support viewing the Netherlands as a unity, and there are limits to decentralization. || Then we find ourselves in a fragmented situation, and the Netherlands is already a small country. || Then we are in the Seven United Netherlands.","I don't want to go towards this situation, but I support viewing the Netherlands as a unity, and there are limits to decentralization. || If the provinces were indeed to decide which centers in the province qualify for IPR, it would be exactly what we sometimes accuse the Federal Republic of Germany of, namely that they tell the outside world that they do not provide support, but that here and there the states do provide support."
nl.proc.sgd.d.198519860000875.2.8.7,1985-11-14,van Aardenne,,TG1,SW1,1,1,"Het dienstenverkeer dat in de zeventiende eeuw met zeilschepen plaatsvond, komt in wezen en qua mentaliteit ongeveer overeen met de diensten die nu in het westen verricht worden.",Wij hebben gelukkig een zeer gevarieerde economie.,The trade services that took place in the seventeenth century with sailing ships are essentially similar in nature and mentality to the services that are now provided in the West.,"Fortunately, we have a very diverse economy."
nl.proc.sgd.d.198519860000888.2.7.1,1985-12-09,Brinkman,,TG3,SW1,2,2,Het gaat erom dat de musea een actieve rol spelen in de culturele beeldvorming in brede zin. || Het cultuurbegrip is niet beperkt tot de schilders van de zeventiende eeuw of tot oude monumenten.,Het gaat erom dat de musea een actieve rol spelen in de culturele beeldvorming in brede zin. || Het gaat er nu om hoe wij invulling zouden willen geven aan onze verantwoordelijkheid voor het museale bestel.,The point is that museums play an active role in cultural representation in a broad sense. || The concept of culture is not limited to the painters of the seventeenth century or to ancient monuments.,The point is that museums play an active role in cultural representation in a broad sense. || It is now about how we would like to fulfill our responsibility for the museum system.
nl.proc.sgd.d.198519860000897.2.5.7,1986-02-10,Brinkman,,TG1,SW1,4,1,"De schatgraver die onlangs het schip de Geldermalsen heeft kunnen opsporen, heeft 'om niet' de archieven van de VOC kunnen raadplegen. || Het is de taak van de openbare archiefdiensten om wezenlijke informatie over het niet-recente overheidsbeleid te bewaren en voor onderzoek beschikbaar te stellen. || Die zijn doorgaans een aanvullende bron voor historisch onderzoek op de overheidsarchieven, soms zelfs een unieke bron. || De geldende tariefbeschikking van de Rijksarchiefdienst heeft betrekking op het verstrekken van kopieën en films van originele archiefbescheiden, op het verrichten van ambtelijk onderzoek op verzoek van derden en op het gebruik van apparatuur.",De archieven in de bewaarplaatsen zijn openbaar en ze kunnen door een ieder 'om niet' worden geraadpleegd.,"The treasure hunter who recently located the ship Geldermalsen was able to consult the VOC archives for free. || It is the responsibility of public archival services to preserve essential information about non-recent government policy and make it available for research. || They are generally an additional source for historical research on government archives, sometimes even a unique source. || The current tariff decision of the National Archive Service pertains to the provision of copies and films of original archival documents, the conduct of official research at the request of third parties, and the use of equipment.",The archives in the repositories are public and can be accessed by anyone free of charge.
nl.proc.sgd.d.198519860000852.2.5.1,1986-09-10,van der Vlies,nl.p.sgp,TG1,SW1,2,1,"Ik denk niet in de laatste plaats aan de reformatie en de nadere reformatie in de 16e en 17e eeuw, toch zo bepalend voor de wordingsgeschiedenis van onze natie. || Enkele trefwoorden: provocatie van waarden en normen, zo wezenlijk bepalend geweest en nog voor onze samenleving, waarin de christelijke levenshouding zulke diepe sporen trok.","Dat neemt niet weg dat mijn fractie voluit in rechte staat, de overheid — in dezen te beschouwen als regering en parlement — op deze zaken te blijven aanspreken.","I think not least of the Reformation and the further Reformation in the 16th and 17th centuries, which were so decisive for the formative history of our nation. || Some keywords: provocation of values and norms, which has been and still is so fundamentally determining for our society, in which the Christian way of life left such deep marks.",That does not change the fact that my party is fully entitled to hold the government — in this case considered as the cabinet and parliament — accountable for these matters.
nl.proc.sgd.d.198619870000928.20.5.1,1987-06-23,Leerling,nl.p.rpf,TG1,SW1,1,2,"De Goudse pijpen zijn dan ook al sinds de Gouden Eeuw bekend en de nostalgische plaatjes van Van Rossums Troost maken duidelijk, dat de rookgewoonte als honderden jaren in zwang is.","Nu wij inmiddels ook aan de weet zijn gekomen dat niet-rokers gezondheidsschade of in ieder geval grote hinder ervaren als er in de directe omgeving wordt gerookt, is er naar de opvatting van mijn fractie alle aanleiding voor een wetsvoorstel om het gebruik van tabak te ontmoedigen, zoals dat nu voor ons ligt. || Het roken is als gewoonte diep geworteld en sociaal geaccepteerd, zo stelt de memorie van toelichting terecht, of wij dat nu leuk vinden of niet.","The Gouda pipes have been known since the Golden Age, and the nostalgic images from Van Rossum's Troost make it clear that the smoking habit has been in vogue for hundreds of years.","Now that we have also learned that non-smokers experience health damage or at least significant discomfort when smoking occurs in their immediate environment, my party believes there is every reason to propose a law to discourage tobacco use, as is currently presented to us. || Smoking is a deeply rooted habit and socially accepted, as the explanatory memorandum rightly states, whether we like it or not."
nl.proc.sgd.d.198619870000939.6.2.1,1987-09-10,Beckers-de Bruijn,nl.p.ppr,TG3,SW2,2,8,"Maar, mijnheer de Voorzitter, de mensheid heeft intussen wel geleerd dat, waar het om oorlog en vrede gaat, jongensdromen gevaarlijk zijn. || — met een Stingerraketje van grote oogafstand kunnen neerhalen, van een roemruchte traditie — waarin Michiel de Ruyter ons voorging — in het schoonvegen van de zeeën.","Een sfeer van verwachting en dadendrang: Wi m van Eekelen als de Piet Heyn van de twintigste eeuw. Zijn jongensdromen konden nu eindelijk in vervulling gaan. || Daar bleek mij dat de minister van Defensie wel indruk heeft gemaakt in de Hollandse huiskamers, met zijn aanwijsstok, maar vooral met de uitspraak van de admiraal: één fregat is geen fregat. || De minister echter, gisterenmiddag met opgerolde hemdsmouwen voor de landkaart, zag het allemaal veel minder zwart. || Het antwoord van de minister van Defensie op die vraag, dat Iran nog steeds mijnen lijkt te kopen hoe weet hij dat eigenlijk, van zijn Italiaanse collega? || Ik verneem graag de mening van de ministers, van de minister van Buitenlandse Zaken in het bijzonder, over de Amerikaanse politiek in de Golf en over het waarom van de Amerikaanse actie. || De minister van Buitenlandse Zaken was daar gisteren nogal fel over. || Als straks Italiaanse mijnenvegers mijnen van Italiaanse makelij opvegen, kan de minister van Buitenlandse Zaken dat wel pijnlijk noemen, maar hij zal het toch wel met mij eens moeten zijn dat van geloofwaardigheid van de westerse landen die daar. || Ik wil daarop graag de reactie van de minister van buitenlandse Zaken hebben.","But, Mr. Chairman, humanity has learned in the meantime that when it comes to war and peace, boyhood dreams are dangerous. || — with a Stinger missile from a great distance, following a glorious tradition — in which Michiel de Ruyter led us — in clearing the seas.","An atmosphere of anticipation and drive: Wi m van Eekelen as the Piet Heyn of the twentieth century. His childhood dreams could finally come true. || It became clear to me that the Minister of Defense has indeed made an impression in Dutch living rooms, with his pointer, but especially with the admiral's statement: one frigate is not a frigate. || The minister, however, yesterday afternoon with rolled-up shirt sleeves in front of the map, saw it all in a much less negative light. || The Minister of Defense's response to that question, that Iran still seems to be buying mines, how does he actually know that, from his Italian colleague? || I would like to hear the opinion of the ministers, particularly the Minister of Foreign Affairs, on American politics in the Gulf and the reasons behind American actions. || The Minister of Foreign Affairs was quite outspoken about it yesterday. || When Italian mine sweepers clear mines of Italian origin, the Minister of Foreign Affairs may find that painful, but he will have to agree with me that it affects the credibility of the Western countries involved. || I would like to have the response from the Minister of Foreign Affairs on that."
nl.proc.sgd.d.198619870000939.6.9.1,1987-09-10,van Heemskerck Pillis-Duvekot,nl.p.vvd,TG3,SW1,2,8,Wij leven echter niet meer in de 17de eeuw. || Wij kunnen het niet meer alleen. Internationale samenwerking is noodzakelijk.,"Het handhaven van een onbelemmerde doorvaart is een belangrijk principe binnen de internationale rechtsorde. || Landen dienen, waar mogelijk, aan deze principes bij te dragen, niet alleen vanuit ideëel oogpunt en internationale loyaliteit, maar ook om nationale belangen veilig te stellen, in dit geval een deel van onze energievoorziening. || Internationale samenwerking is noodzakelijk. || Ook hier liepen wij stuk op de onwil om werkelijk internationale samenwerking aan te gaan. || Beide ministers hebben er gisteren de nadruk op gelegd, dat dit smalle internationale samenwerkingsverband wellicht nog verbreed wordt. || Dan ligt nu voor ons het besluit van het kabinet om twee mijnenjagers naar de Golf te sturen. || Tweede Kamer Mijnenjagers 10 september 1987 TK10 1 101-5245 || Er gaan twee mijnenjagers van de Alkmaar-klasse naar de Golf, onder eigen Nederlands commando , maar in nauwe samenwerking met de Britten.","However, we no longer live in the 17th century. || We can no longer do it alone. International cooperation is essential.","Maintaining an unobstructed passage is an important principle within the international legal order. || Countries should, where possible, contribute to these principles, not only from an idealistic perspective and international loyalty but also to safeguard national interests, in this case, a part of our energy supply. || International cooperation is essential. || Here too, we stumbled over the unwillingness to truly engage in international cooperation. || Both ministers emphasized yesterday that this narrow international cooperation may be expanded. || The cabinet's decision to send two minehunters to the Gulf is now before us. || House of Representatives Mine Hunters September 10, 1987 TK10 1 101-5245 || Two minehunters of the Alkmaar class are going to the Gulf, under their own Dutch command, but in close cooperation with the British."
nl.proc.sgd.d.198719880000815.4.2.1,1988-03-03,Dees,,TG1,SW1,2,2,"In de zeventiende eeuw kwam immers in het oud-vaderlands recht een verbod voor tot artsenijbereidkunst, de geneesmiddelenvoorziening, door artsen. || Het beginsel van scheiding van uitoefening van de geneeskunst en van de artsenijbereidkunst, de geneesmiddelenvoorziening, blijft dus onverzwakt gelden.","Het thans aan de orde zijnde wetsvoorstel regelt wel omschreven en beter omschreven dan in de oude we t de uitzondering die op het beginsel moet worden gegeven. || Ik wil er echter geen misverstand over laten bestaan, dat ik de functionele beroepenscheiding zoals die in de we t word t verankerd een groot goed vind.","In the seventeenth century, there was indeed a prohibition in the old national law against the practice of medicine and the provision of medicines by physicians. || The principle of separating the practice of medicine from the practice of pharmacy, the provision of medicines, therefore remains firmly in place.","The current bill addresses the exception to the principle in a well-defined manner, and more clearly than in the old law. || However, I want to make it clear that I consider the functional separation of professions, as enshrined in the law, to be a great asset."
nl.proc.sgd.d.198719880000815.4.5.1,1988-03-03,van der Vlies,nl.p.sgp,TG3,SW1,2,2,"Hij herinnerde daarbij aan de situatie in de zeventiende eeuw. || Ik weet niet of in alle opzichten bij alle wetgeving die ons bezighoudt op het terrein van de volksgezondheid, deze referentie te hanteren is.","De staatssecretaris heeft niet ten onrechte centraal gesteld dat de kern van wat ons bij deze wetswijziging beweegt, de beroepenscheiding is. || Ik weet niet of in alle opzichten bij alle wetgeving die ons bezighoudt op het terrein van de volksgezondheid, deze referentie te hanteren is.",He recalled the situation in the seventeenth century. || I don't know if this reference can be applied in all respects to all legislation concerning public health that concerns us.,The state secretary has rightly emphasized that the core of what drives us in this legislative change is the separation of professions. || I don't know if this reference can be applied in all respects to all legislation concerning public health that concerns us.
nl.proc.sgd.d.198719880000826.2.18.7,1988-03-30,van Mierlo,nl.p.d66,TG1,SW2,2,2,Daarna voer iedereen terug naar huis en zeiden zij allemaal dat zij gewonnen hadden. || Voorshands lijkt het nog het meest op de wijze waarop wij in de zeventiende eeuw onze zeeslagen met de,"Daarna voer iedereen terug naar huis en zeiden zij allemaal dat zij gewonnen hadden. || Het brandpunt van onze belangstelling is vanmiddag in een mist van woorden , in een moeras van verwarring, weggezakt.","After that, everyone went back home and they all said that they had won. || For now, it most resembles the way we fought our naval battles in the seventeenth century with the","After that, everyone went back home and they all said that they had won. || The focus of our attention has sunk this afternoon into a fog of words, into a swamp of confusion."
nl.proc.sgd.d.198719880000830.4.3.1,1988-04-19,Nuis,nl.p.d66,TG1,SW1,3,2,"Wij kunnen daar nog steeds van leren. Ook nu nog floreren monumenten alleen als ze er niet bij liggen als heilige koeien van steen in het gebouwde landschap, maar als ze volledig en zinvol zijn opgenomen in de omgeving en het leven van de stad en/of het dorp. || Blijkbaar vond men indertijd dat je monumenten niet eerde door ze in een vitrine van stofvrije eerbied te zetten. || Simon Schrama, de laatste commentator van de Nederlandse cultuur in de gouden eeuw, wijet erop hoe opvallend vaak je iets dergelijks ziet op afbeeldingen uit die tijd.","Nog steeds moeten niet alleen de kenners en de direct betrokkenen, maar ook de burgerij in het algemeen warm lopen voor monumenten om de toekomst ervan veilig te stellen. || Daarom is mijn fractie voorstander van decentralisatie van de monumentenzorg;","We can still learn from that. Even now, monuments only thrive when they are not just lying there like sacred cows of stone in the built landscape, but when they are fully and meaningfully integrated into the environment and the life of the city and/or village. || Apparently, at that time, people believed that you did not honor monuments by placing them in a dust-free display of reverence. || Simon Schrama, the last commentator on Dutch culture in the Golden Age, points out how strikingly often you see something like this in images from that time.","Still, not only experts and those directly involved, but also the general public must warm up to monuments to secure their future. || That is why my party supports the decentralization of heritage conservation;"
nl.proc.sgd.d.198719880000831.3.2.1,1988-04-20,Niessen,nl.p.pvda,TG1,SW2,3,2,"De verleiding is groot om nog allerlei andere parallellen met onze tijd te vermelden. || Ik beperk mij tot het relevante feit, dat de eerste drukkers er zich herhaaldelijk over beklagen, dat de Staat zijn verplichtingen niet of uiterst moeizaam nakomt. || Mijn Drucker leeft in droeven druck, Wan t drucken druckt hem weinigh druck.","Ik zinspeelde er in mijn inleiding al op, dat de fractie van de PvdA van mening is, dat de Nederlandse overheid zich in de afgelopen jaren — en nu druk ik mij buitengewoon mild uit — in een aantal opzichten weinig chique en weinig correct ten opzichte van de Staatsdrukkerij/Uitgeverij heeft gedragen. || Wij zijn van mening dat een overheid die op zo'n slordige wijze met de eigen voorschriften omspringt, zich maar moeilijk kan beklagen, wanneer burgers zich navenant gaan gedragen.","The temptation is great to mention various other parallels with our time. || I limit myself to the relevant fact that the first printers repeatedly complain that the State does not fulfill its obligations or does so with great difficulty. || My printer lives in sad pressure, because printing gives it little pressure.",I hinted at it in my introduction that the PvdA faction believes that the Dutch government has behaved in a rather ungracious and incorrect manner towards the State Printing Office/Publisher in several respects over the past years. || We believe that a government that handles its own regulations so carelessly cannot complain when citizens behave accordingly.
nl.proc.sgd.d.198719880000865.2.14.1,1988-09-14,Nuis,nl.p.d66,TG1,SW1,2,2,"Zelf zou ik misschien nog een stap verder gaan: ik denk dat Nederland een enorm voordeel kan hebben van de toevloed van allochtonen, als wij het goed oplossen. || Historici zeggen ons tenminste almaar, dat de Gouden Eeuw voor het leeuwendeel te danken is geweest aan import-Nederlanders, te beginnen met Willem van Oranje, en aan het tolereren van de eigen manier van leven en denken van die import-Nederlanders.","Zelf zou ik misschien nog een stap verder gaan: ik denk dat Nederland een enorm voordeel kan hebben van de toevloed van allochtonen, als wij het goed oplossen. || Amsterdam was er toen trouwens ook al een goed voorbeeld van.","I would perhaps go a step further: I believe that the Netherlands can gain a huge advantage from the influx of immigrants if we handle it well. || Historians keep telling us that the Golden Age was largely due to imported Dutch people, starting with William of Orange, and to the tolerance of their own way of life and thinking by these imported Dutch.",I would perhaps go a step further: I believe that the Netherlands can gain a huge advantage from the influx of immigrants if we handle it well. || Amsterdam was already a good example of that back then.
nl.proc.sgd.d.198819890000870.5.9.47,1988-11-03,Nijpels,,TG3,SW1,2,3,"Ik vond dit al geen opmerking die getuigt van het doordringen van de gedachte van de verinnerlijking, maar wa t ik in hetzelfde artikel las, was dat op schilderijen van Potgieter uit de zeventiende eeuw de natuur er ook al zo beroerd uit zag. || Laten we dus van die gegevens uitgaan en niet meer praten over zeventiende eeuwse schilderijen van boeren en bomen, want alle drie zijn mooi.","Laten we dus van die gegevens uitgaan en niet meer praten over zeventiende eeuwse schilderijen van boeren en bomen, want alle drie zijn mooi. || Tijdens de discussie over de verzuring hebben wij al gesproken over het aantal zuurequivalenten. || Het is natuurlijk niet zinvol de discussie over de verzuring in ons land te voeren aan de hand van de vraag: bomen of boeren.","I didn't find this comment to reflect an understanding of the idea of internalization, but what I read in the same article was that in paintings by Potgieter from the seventeenth century, nature already looked so poor. || Let's base our discussion on that data and stop talking about seventeenth-century paintings of farmers and trees, because all three are beautiful.","Let's base our discussion on that data and stop talking about seventeenth-century paintings of farmers and trees, because all three are beautiful. || During the discussion about acidification, we already talked about the number of acid equivalents. || It is of course not meaningful to conduct the discussion about acidification in our country based on the question: trees or farmers."
nl.proc.sgd.d.198819890000881.2.3.11,1988-11-30,Koning,,TG1,SW1,2,2,"Wa t dat betreft, zijn de Domeinen dus nog veel ouder dan de belastingdienst op zichzelf. || Ik las gisteren nog een artikel waarin stond dat er in de zeventiende eeuw al sprake was van de Nassause domeinraad.","Aangezien de Dienst der domeinen altijd de redelijkheid in acht neemt, veronderstel ik dat men daar op redelijke wijze uitkomt. || Ik las gisteren nog een artikel waarin stond dat er in de zeventiende eeuw al sprake was van de Nassause domeinraad.","In that regard, the Domains are much older than the tax authority itself. || I read an article yesterday that mentioned the Nassau domain council already existed in the seventeenth century.","Since the Land Registry always takes reasonableness into account, I assume that they will come to a reasonable conclusion. || I read an article yesterday that mentioned the Nassau domain council already existed in the seventeenth century."
nl.proc.sgd.d.198819890000976.2.4.1,1989-02-20,van Vlijmen,nl.p.cda,TG3,SW1,2,5,Wij leven niet meer in de 17de eeuw; || wij zijn sinds die tijd al niet meer een van de great powers die op alle gebieden toonaangevend kunnen zijn.,"De neiging om ons in dezen als een kleine superpowert e blijven gedragen, komt nog wel eens op, maar als het erop aankomt, moeten wij toch vaststellen dat wij soms nog geen vuist kunnen maken. || Deze zijn van invloed of kunnen van invloed worden op het Nederlandse defensiebeleid en dus op het materiële beleid in de toekomst. || De door president Bush aangekondigde nulgroei voor het Pentagon — gezien in relatie tot de nu voorziene groei van het Nederlandse defensiebudget — maakt dit minder waarschijnlijk. || Daarbij denken wij ook aan de nota's """"Welvaren onder Nederlandse vlag """" en """"Nederland distributieland"""". || De Nederlandse markt, de omvang van de strijdkrachten en de reikwijdte van de Nederlandse defensie-industrie zijn te beperkt om alles zelf te kunnen doen.","We no longer live in the 17th century; || Since that time, we are no longer one of the great powers that can be leading in all areas.","The tendency to behave like a small superpower in this regard occasionally arises, but when it comes down to it, we must acknowledge that we sometimes still cannot make a strong impact. || These have an impact or could impact Dutch defense policy and thus the material policy in the future. || The zero growth announced by President Bush for the Pentagon — when viewed in relation to the now anticipated growth of the Dutch defense budget — makes this less likely. || We also think of the reports ""Well-being under the Dutch flag"" and ""The Netherlands as a distribution country."" || The Dutch market, the size of the armed forces, and the scope of the Dutch defense industry are too limited to do everything on their own."
nl.proc.sgd.d.198819890000904.5.8.9,1989-02-23,Korthals Altes,,TG1,SW1,1,2,"Wat die oorringen betreft, zijn wij net zo ver als bij die eerste processuele regelingen die de minister van Defensie noemde uit de zeventiende eeuw, want toen was dat ook niet ongebruikelijk.","Het is dus niet nu pas zo ver dat er op het gebied van haardracht mogelijkheden ontstaan die er vroeger niet waren. || Wat die oorringen betreft, zijn wij net zo ver als bij die eerste processuele regelingen die de minister van Defensie noemde uit de zeventiende eeuw, want toen was dat ook niet ongebruikelijk.","As far as the earrings are concerned, we are just as far along as with those first procedural arrangements mentioned by the Minister of Defense from the seventeenth century, because that was also not unusual at that time.","It is not the case that opportunities in hairstyles are only now emerging that didn't exist before. || As far as the earrings are concerned, we are just as far along as with those first procedural arrangements mentioned by the Minister of Defense from the seventeenth century, because that was also not unusual at that time."
nl.proc.sgd.d.198919900000818.2.2.1,1990-02-07,Koning,nl.p.vvd,TG1,SW1,1,7,Er liggen enkele droogmakerijen uit de zeventiende eeuw in.,"Het gebied dat wij nu bespre– ken, is een gebied dat historisch is bepaald door de natuur en door het ingrijpen van de mens. || Voor pas beginnende kamerleden is het een aantrekkelijk onderwerp om te mogen spreken over een gemeentelijke herindeling. || 15 uur het woord te mogen voeren over een gemeentelijke herindeling waarbij de gemeenten Noorddijk en Hoogkerk werden opgeheven en werden gevoegd bij de gemeente Groningen. || De gemeentelijke herindeling van Groningen was er een die haar oorzaak vond in de ruimtenood van de centrumgemeente. || Daarna is de gemeentelijke herindeling meer systematisch aangepakt. || Tweede Kamer Gemeentelijke herindeling Waterland 7 februari 1990 TK3 7 37-1987 || Tweede Kamer Gemeentelijke herindeling Waterland 7 februari 1990 TK3 7 37-1988",There are several polders from the seventeenth century.,"The area we are now discussing is one that has been historically shaped by nature and by human intervention. || For newly elected council members, discussing a municipal reorganization is an appealing topic. || At 3 PM, to discuss a municipal reorganization in which the municipalities of Noorddijk and Hoogkerk were dissolved and merged into the municipality of Groningen. || The municipal reorganization of Groningen was driven by the spatial needs of the central municipality. || After that, the municipal reorganization was approached more systematically. || House of Representatives Municipal Reorganization Waterland February 7, 1990 TK3 7 37-1987 || House of Representatives Municipal Reorganization Waterland February 7, 1990 TK3 7 37-1988"
nl.proc.sgd.d.198919900000901.2.10.1,1990-03-19,Dales,,TG2,SW1,3,9,"Regionale politie is dus niets nieuws. Zij moet alleen wederom tot stand worden gebracht. || Overigens wijs ik erop dat de gewesten en alles wat men toentertijd politie en justitie noemde, aan het eind van de zeventiende eeuw geheel zelfstandig waren. Regionale politie is dus niets nieuws. || Zij moet alleen wederom tot stand worden gebracht.","Regionale politie is dus niets nieuws. Zij moet alleen wederom tot stand worden gebracht. || Wij lopen het gevaar dat de lange duur van de discussie over de reorganisatie van de politie van ruim twintig jaar straks wordt vertaald in """"het is allemaal bijzonder moeilijk"""" en dat dit een legitimering wordt voor opnieuw een lange duur. || Ook wij ervaren dat betrekkelijke toevalligheden van eeuwen geleden thans een belangrij– ke rol spelen bij de reorganisatie van de Nederlandse politie. || Vanuit mijn persoonlijke en vakmatige ervaring wil ik met klem zeggen, dat wij niet mogen toelaten dat de nu aanwezig zijnde verande– ringsbereidheid wegspoelt in langdurige discussies, omdat wij wederom niet in staat zouden zijn om hierop snel en slagvaardig in te spelen en die besluiten te nemen die nodig zijn om op voortvarende en zorgvuldige wijze de reorganisatie van de politie gestalte te geven. || Wanneer de reorganisatie van de politie zou blijven steken in het verhangen van de bordjes, het aanpassenvan structuren en het schuiven met bevoegdheden, zou de winst voor de burger, het bestuur en het openbaar ministerie te gering zijn, gezien de onvermijdelijke lasten die met een reorganisatie samenhangen. || Bij de feitelijke uitvoering van de reorganisatie — ik kan een kleine overlapping hier en daar niet vermijden; || Het is mede tegen die achtergrond dat de minister-presi– dent in het debat over de regerings– verklaring tot uitdrukking heeft gebracht dat de reorganisatie van de politie een dynamisch proces moet zijn en dat, onverlet de vereiste wetgeving, niet alles op papier geregeld behoeft te zijn, voordat met de werkzaamheden gestart kan worden. || De afgelopen weken is er op het departement van Binnenlandse Zaken een groot aantal reacties binnengekomen, waarin, naast positief-kritische kanttekeningen, heel nadrukkelijk instemming wordt betoond met de reorganisatie van de politie en wordt aangespoord om het tempo erin te houden. || Ik denk — ik wil dit niet strikt formeel toezeggen — dat wij bij de discussie in mei in staat zullen zijn om de Kamer een aanmerkelijk duidelijker inzicht te geven in de financiën die gemoeld zijn met de reorganisatie.","Regional police is nothing new. It just needs to be established again. || Furthermore, I would like to point out that the regions and everything that was referred to as police and justice at that time were completely independent by the end of the seventeenth century. Regional police is therefore nothing new. || She must be established again on her own.","Regional police is nothing new. It just needs to be established again. || We run the risk that the lengthy discussion about the reorganization of the police, which has lasted over twenty years, will be translated into ""it's all particularly difficult,"" and that this will serve as a justification for yet another prolonged process. || We also experience that relatively random events from centuries ago now play an important role in the reorganization of the Dutch police. || From my personal and professional experience, I want to emphasize that we must not allow the current willingness to change to wash away in prolonged discussions, as we would again be unable to respond quickly and effectively, and make the necessary decisions to implement the reorganization of the police in a prompt and careful manner. || If the reorganization of the police were to get stuck in changing signs, adjusting structures, and shifting powers, the benefits for the citizen, the administration, and the public prosecutor would be too limited, given the inevitable burdens associated with a reorganization. || In the actual implementation of the reorganization — I can't avoid a small overlap here and there; || It is against that background that the Prime Minister expressed in the debate on the government statement that the reorganization of the police must be a dynamic process and that, notwithstanding the required legislation, not everything needs to be arranged on paper before work can begin. || In recent weeks, the Department of Internal Affairs has received a large number of responses, which, in addition to positive critical remarks, clearly express support for the reorganization of the police and encourage maintaining the pace. || I think — I don't want to commit to this strictly formally — that during the discussion in May we will be able to provide the Chamber with a significantly clearer insight into the finances involved in the reorganization."
nl.proc.sgd.d.198919900000905.2.2.317,1990-05-02,te Veldhuis,nl.p.vvd,TG1,SW1,1,2,Je zit daar met vervuiling uit de 16de en 17de eeuw.,"Dan kom je voor het probleem te staan, zoals in de Vierde nota staat, dat knooppunten alleen voorrang hebben als er gelijke urgentie is met andere plaatsen. || In de grote steden heb je met een geweldig vervuilingsprobleem te kampen.",You're sitting there with pollution from the 16th and 17th centuries.,"Then you face the problem, as stated in the Fourth Memorandum, that nodes only have priority if there is equal urgency with other locations. || In the big cities, you are dealing with a significant pollution problem."
nl.proc.sgd.d.199019910000885.2.3.1,1990-11-19,Feenstra,nl.p.pvda,TG1,SW3,1,1,"De geschiedenis van de Hanzesteden en van de Verenigde Oostindische Compagnie leert dat de aanduiding """"Nederland distributieland"""" geen vinding is van recente datum.","De geschiedenis van de Hanzesteden en van de Verenigde Oostindische Compagnie leert dat de aanduiding """"Nederland distributieland"""" geen vinding is van recente datum.","The history of the Hanseatic cities and the Dutch East India Company shows that the designation ""Netherlands as a distribution country"" is not a recent invention.","The history of the Hanseatic cities and the Dutch East India Company shows that the designation ""Netherlands as a distribution country"" is not a recent invention."
nl.proc.sgd.d.199019910000793.6.6.1,1990-11-29,Maij-Weggen,,TG1,SW1,1,2,"Vanaf de Gouden Eeuw zijn wij immers al vervoerders bij uitstek, in Europa en daarbuiten.","Als Nederland zijn verkeersproblemen niet in de hand houdt, dan tast het niet alleen || Vanaf de Gouden Eeuw zijn wij immers al vervoerders bij uitstek, in Europa en daarbuiten.","Since the Golden Age, we have indeed been the premier carriers, both in Europe and beyond.","If the Netherlands does not manage its traffic problems, it will not only affect... || Since the Golden Age, we have indeed been the premier carriers, both in Europe and beyond."
nl.proc.sgd.d.199019910000892.2.6.1,1990-12-10,Feenstra,nl.p.pvda,TG1,SW1,1,2,De geschiedenis van de handelssteden en van een Verenigde Oostindische compagnie geven dat aan.,"Ik wil op twee elementen ingaan, de C-havens en in aansluiting daarop - u mag dat vrij letterlijk nemen — ook de vaarwegen. || Sterke uitgangsposities moet je hanteren, handhaven en, waar mogelijk, uitbouwen.",The history of the trading cities and the United East India Company indicates that.,"I want to address two elements, the C ports and, in connection with that — you may take that quite literally — also the waterways. || You must maintain strong starting positions and, where possible, expand them."
nl.proc.sgd.d.199019910000816.3.5.1,1991-02-21,Schutte,nl.p.gpv,TG1,SW1,1,2,"Halverwege de 17de eeuw waren de heffingen op bier zo zwaar gewor– den, dat men massaal op melk overschakelde.","Een te zware heffing kan ook onbedoelde, zij het niet altijd onaardige, neveneffecten hebben. || Daarom is het een goede zaak dat een en ander nu in een wettelijke regeling opgenomen wordt en dat er één regime gaat gelden voor het moment van heffing.","By the mid-17th century, the taxes on beer had become so heavy that people switched en masse to milk.","A too heavy levy can also have unintended, though not always unpleasant, side effects. || Therefore, it is a good thing that this is now being included in a legal regulation and that there will be a single regime for the moment of assessment."
nl.proc.sgd.d.199019910000826.12.6.1,1991-03-19,Wolffensperger,nl.p.d66,TG1,SW1,1,1,"Ik zou erop willen zeggen: net zoals een mooi 17de eeuws grachtenpand voortdurend restauratie behoeft om de tand des tijds te kunnen doorstaan, evenzo mag in een levende democratie de discussie over verbetering en vernieuwing van het staatsbestel nooit tot stilstand komen, zeker niet","Ik zou erop willen zeggen: net zoals een mooi 17de eeuws grachtenpand voortdurend restauratie behoeft om de tand des tijds te kunnen doorstaan, evenzo mag in een levende democratie de discussie over verbetering en vernieuwing van het staatsbestel nooit tot stilstand komen, zeker niet","I would like to say: just as a beautiful 17th-century canal house constantly needs restoration to withstand the test of time, so too must the discussion about improvement and renewal of the state system in a living democracy never come to a standstill, especially not.","I would like to say: just as a beautiful 17th-century canal house constantly needs restoration to withstand the test of time, so too must the discussion about improvement and renewal of the state system in a living democracy never come to a standstill, especially not."
nl.proc.sgd.d.199019910000836.2.7.1,1991-04-24,van der Vlies,nl.p.sgp,TG3,SW2,1,3,"Ik zeg dat niet vanwege ons beider oriëntatie in zekere omstandigheden des levens, op de koning-stadhouder Willem III uit de zeventiende eeuw, maar vooral vanwege ons principiële motief, het vierde gebod van de Wet Gods, dat ik reeds noernde, en de authentieke taak van de overheid in dezen.","Ik zeg dat niet vanwege ons beider oriëntatie in zekere omstandigheden des levens, op de koning-stadhouder Willem III uit de zeventiende eeuw, maar vooral vanwege ons principiële motief, het vierde gebod van de Wet Gods, dat ik reeds noernde, en de authentieke taak van de overheid in dezen. || Ikgun collega Beinema uiteraard de CDA-score van de geboekte tijdwinst op het punt van het oprukken van de commercialise– ring; || ik gun hem vooral de overwin– ning op het punt van het verbod van zondagsreclame.","I say this not because of our mutual orientation in certain circumstances of life, regarding King-Stadtholder William III from the seventeenth century, but mainly because of our principled motive, the fourth commandment of God's Law, which I have already mentioned, and the authentic role of the government in this matter.","I say this not because of our mutual orientation in certain circumstances of life, regarding King-Stadtholder William III from the seventeenth century, but mainly because of our principled motive, the fourth commandment of God's Law, which I have already mentioned, and the authentic role of the government in this matter. || Of course, I will inform colleague Beinema about the CDA score regarding the time savings achieved in the context of advancing commercialization. || I especially wish him victory regarding the ban on Sunday advertising."
nl.proc.sgd.d.199019910000842.6.5.4,1991-05-14,Andriessen,,TG1,SW1,1,1,"Er is een heel oude regel die al stamt uit de tijd van de VOC: je verlies moet je onmiddel– lijk nemen, al voel je het maar even aan.",Die regel wil ik staande houden.,"There is a very old rule that dates back to the time of the Dutch East India Company: you must immediately accept your loss, even if you only feel it for a moment.",I want to uphold that rule.
nl.proc.sgd.d.199119920000965.2.11.6,1991-10-28,de Graaf,nl.p.cda,TG1,SW1,2,2,"Welnu, de Oostzee wordt weer een echte Europese binnenzee door de opening van de Poolse havens, de Baltische havens en waarschijnlijk ook van Sint Peters– burg voor westerse schepen. || Allerwegen heerst de gedachte dat Nederland in het verleden de Gouden Eeuw te danken heeft gehad aan de grote vaart op Indië en andere streken in het Verre Oosten.","Een moderne vorm van kustvaart zal voor een groot deel direct via Rotterdam geschie– den, doch ook via andere, kleinere zeehavens. || Nu wil het Rijk zich trugtrekken uit diverse havenschap– pen.","Well, the Baltic Sea is becoming a true European inland sea again with the opening of Polish ports, Baltic ports, and likely also St. Petersburg to Western ships. || It is widely believed that the Netherlands owed its Golden Age in the past to the extensive trade with India and other regions in the Far East.","A modern form of coastal shipping will largely take place directly through Rotterdam, but also via other, smaller seaports. || Now the government wants to withdraw from various port authorities."
nl.proc.sgd.d.199119920000885.6.11.3,1991-11-21,Janmaat,nl.p.cd,TG1,SW2,2,2,"Deze zegt, dat daar waar een nationale staat nalaat haar burgers te beschermen en niet in staat is het eigen leefritme te handhaven, desintegratie optreedt. || Ik verwijs naar de Engelse filosoof Thomas Hobbes uit de 17de eeuw.",De politiek zorgt voortdurend voor toenemende spanningen. || De burgers zijn volgens die filosoof gerechtigd eigenmachtig op te treden.,"This states that where a national state fails to protect its citizens and is unable to maintain its own way of life, disintegration occurs. || I am referring to the 17th-century English philosopher Thomas Hobbes.","Politics constantly creates increasing tensions. || According to that philosopher, citizens are entitled to act on their own authority."
nl.proc.sgd.d.199119920000949.5.4.26,1992-06-17,Sipkes,nl.p.gl,TG1,SW1,2,2,"Verstekelingen aan boord bestaan volgens mij al zolang boten varen. || Ik herinner me nog allerlei spannende kinderboeken daarover te hebben gelezen, en ik meen zelfs dat Michiel de Ruyter begon als verstekeling!","Hoe denkt de regering dat een kapitein uit dit dilemma komt? || Denkt de regering nu dat het begrip """"verste– keling"""", dat we altijd al kennen, door deze wetswijziging wordt veranderd?","Stowaways on board have existed, in my opinion, as long as boats have been sailing. || I still remember reading all sorts of exciting children's books about it, and I even believe that Michiel de Ruyter started as a stowaway!","How does the government think a captain can get out of this dilemma? || Does the government now think that the concept of ""tightening,"" which we have always known, will change due to this legislative amendment?"
nl.proc.sgd.d.199119920001009.2.2.1,1992-06-22,Mulder-van Dam,nl.p.cda,TG1,SW1,2,1,"Het Hollan– dische Viertel in Potsdam, het voormalige slot Oranienburg en, naar mij later ter ore kwam, het slot Oranienbaum met 17de-eeuwse Nederlandse bouwkunst zijn, hoewel verwaarloosd, bewijzen hiervan. || Ik verzoek de minister, bij de beant– woording van de vragen die door de leden van de commissie zijn gesteld over mogelijke ondersteuning bij de restauratie van Oranienburg, in haar antwoord te betrekken of dit ook kan gelden voor het slot Oranienbaum.","Ik verzoek de minister, bij de beant– woording van de vragen die door de leden van de commissie zijn gesteld over mogelijke ondersteuning bij de restauratie van Oranienburg, in haar antwoord te betrekken of dit ook kan gelden voor het slot Oranienbaum.","The Dutch Quarter in Potsdam, the former Oranienburg Palace, and, as I later learned, the Oranienbaum Palace with 17th-century Dutch architecture are, although neglected, evidence of this. || I request the minister to include in her response to the questions posed by the committee members regarding possible support for the restoration of Oranienburg, whether this could also apply to Oranienbaum Castle.","I request the minister to include in her response to the questions posed by the committee members regarding possible support for the restoration of Oranienburg, whether this could also apply to Oranienbaum Castle."
nl.proc.sgd.d.199219930000818.8.3.32,1992-11-03,de Korte,nl.p.vvd,TG2,SW1,1,2,Voor Amsterdam als financieel centrum betekent de vestiging van de Europese centrale bank omstreeks 2000 zoiets als een herleving van de Gouden Eeuw.,"De ECB-zetel heeft een """"oneindig"""" grotere meerwaarde voor de Nederlandse samenleving dan een """"kortstondig"""" voorzitter– schap van de Europese Commissie of presidentschap van de ECB. || Voor Amsterdam als financieel centrum betekent de vestiging van de Europese centrale bank omstreeks 2000 zoiets als een herleving van de Gouden Eeuw.","For Amsterdam as a financial center, the establishment of the European Central Bank around 2000 represents something akin to a revival of the Golden Age.","The ECB seat has an ""infinitely"" greater value for Dutch society than a ""short-lived"" presidency of the European Commission or presidency of the ECB. || For Amsterdam as a financial center, the establishment of the European Central Bank around 2000 represents something akin to a revival of the Golden Age."
nl.proc.sgd.d.199219930000823.5.6.3,1992-11-12,van Dis jr.,nl.p.sgp,TG1,SW1,2,2,Men mag niet licht– vaardig omgaan met wat God ons heeft geschonken. || Zij houden verband met de nauwe relatie tussen onze zelfstan– digwording ais Nederlandse Staat en de Kerkhervorming in de 16de en 17de eeuw.,"Men mag niet licht– vaardig omgaan met wat God ons heeft geschonken. || Wij wijzen de EMU ook af, omdat daarmee de nationale zelfstandigheid op monetair en in belangrijke mate ook op economisch gebied wordt ondergraven.",One should not treat lightly what God has given us. || They are related to the close connection between our independence as the Dutch State and the Reformation in the 16th and 17th centuries.,"One should not treat lightly what God has given us. || We also reject the EMU because it undermines national independence in monetary matters and, to a significant extent, in economic matters as well."
nl.proc.sgd.d.199219930000843.2.9.93,1993-01-27,Brouwer,nl.p.gl,TG3,SW1,1,2,"Geïnspi– reerd door verhalen dat er veel aanstellers in de WAO zitten, heeft het kabinet zijn heil gezocht bij een wetenschappelijk begrip uit de 17de eeuw, namelijk dat arbeidsonge– schiktheid medisch objectief moet worden vastgesteld Eeuwen geleden was het inderdaad zo dat iemand alleen maar ziek was als hij aantoonbaar een been of arm miste of een oog had verloren in deze of gene oorlog, terwijl een psychisch gestoorde door de duivel was","Met andere woorden: wat wil het kabinet met het begrip medisch objectief? || Ik kan er niets aan doen, maar ik vind dat ook dit arbeidsongeschiktheidsbegrip enigszins op illusie berust.","Inspired by stories that there are many malingerers in the disability benefits system, the cabinet has sought refuge in a scientific concept from the 17th century, namely that disability must be medically assessed objectively. Centuries ago, it was indeed the case that someone was only considered sick if they could demonstrably show that they were missing a leg or an arm or had lost an eye in one war or another, while a mentally disturbed person was thought to be possessed by the devil.","In other words: what does the cabinet mean by the term medical objective? || I can't help it, but I believe that this concept of disability is somewhat based on illusion as well."
nl.proc.sgd.d.199219930000844.3.2.93,1993-01-28,ter Veld,,TG3,SW1,3,2,"Mevrouw Brouwer zei dat de term """"objectief medisch vaststelbaar"""" 17de-eeuws is. || Het is echter absoluut niet de bedoeling, terug te gaan naar de 17de eeuw. || Wij houden rekening met de moderne opvattingen.","Wij volgen hiermee het SER-advies. || Desalniet– temin is het belangrijk, vast te leggen dat het in de WAO gaat om loonderving als gevolg van ziekte of gebrek en dat het niet gaat om een verzekering tegen loonderving op grond van welke andere oorzaak dan ook.","Mrs. Brouwer said that the term ""objectively medically ascertainable"" is from the 17th century. || However, it is absolutely not the intention to go back to the 17th century. || We take modern views into account.","We are following the SER advice with this. || Nevertheless, it is important to establish that the WAO concerns loss of income due to illness or disability and that it is not an insurance against loss of income for any other reason."
nl.proc.sgd.d.199219930000844.3.2.95,1993-01-28,ter Veld,,TG3,SW1,2,3,"Het is niet de 17de-eeuwse opvatting dat er een been af moet zijn, nog afgezien van het feit dat je daardoor niet arbeids– ongeschikt hoeft te zijn, omdat je je werk dan nog zou kunnen doen. || Het SER-advies volgend is het de bedoeling om nog eens expliciet vast te leggen dat het bij de arbeidsonge– schiktheidsverzekering gaat om loonschade als gevolg van ziekte of gebrek.","Het SER-advies volgend is het de bedoeling om nog eens expliciet vast te leggen dat het bij de arbeidsonge– schiktheidsverzekering gaat om loonschade als gevolg van ziekte of gebrek. || Net zo goed als bij de afschaffing van de verdiscontering is geprobeerd om de zogenaamde verborgen werkloosheid in de WAO weg te werken, moet men dit zien als het nog eens expliciet vastleggen - daarom hebben wij het ook van de SER overgenomen - dat het niet gaat om een werkloosheidsregeling, maar om een regeling die loonschade als gevolg van ziekte of gebrek beschermt. || Het is niet de 17de-eeuwse opvatting dat er een been af moet zijn, nog afgezien van het feit dat je daardoor niet arbeids– ongeschikt hoeft te zijn, omdat je je werk dan nog zou kunnen doen.","It is not the 17th-century notion that a leg must be amputated, not to mention the fact that you wouldn't necessarily be unfit for work, as you could still perform your job. || Following the SER advice, the intention is to explicitly establish that the disability insurance concerns wage loss due to illness or disability.","Following the SER advice, the intention is to explicitly establish that the disability insurance concerns wage loss due to illness or disability. || Just as with the abolition of the discounting, efforts have been made to address the so-called hidden unemployment in the WAO; this should be seen as explicitly reaffirming—hence we have also adopted it from the SER—that this is not an unemployment scheme, but a scheme that protects against wage loss due to illness or disability. || It is not the 17th-century notion that a leg must be amputated, not to mention the fact that you wouldn't necessarily be unfit for work, as you could still perform your job."
nl.proc.sgd.d.199219930000844.3.2.96,1993-01-28,Brouwer,nl.p.gl,TG3,SW1,2,1,"Staatssecretaris Ter Veld In de 17de eeuw was je arbeidsongeschikt als je je been kwijt was. || Ik zei: het hoeft niet zo te zijn dat je als gevolg van het verliezen van een been - hoe erg ook- loonschade lijdt, want het is mogelijk dat je je werk nog kunt voortzetten, waardoor je geen loonschade hebt.","Ik zei: het hoeft niet zo te zijn dat je als gevolg van het verliezen van een been - hoe erg ook- loonschade lijdt, want het is mogelijk dat je je werk nog kunt voortzetten, waardoor je geen loonschade hebt.","Secretary of State Ter Veld: In the 17th century, you were considered unfit for work if you had lost a leg. || I said: it doesn't have to be the case that you suffer wage loss as a result of losing a leg - no matter how severe - because it is possible that you can continue your work, which means you don't have any wage loss.","I said: it doesn't have to be the case that you suffer wage loss as a result of losing a leg - no matter how severe - because it is possible that you can continue your work, which means you don't have any wage loss."
nl.proc.sgd.d.199219930000913.2.3.1,1993-02-18,Blaauw,nl.p.vvd,TG1,SW1,3,2,"Nederland kent al eeuwenlang een vooraanstaande positie als maritieme handeldrijvende natie, die haar wortels heeft in de Gouden Eeuw. || Vrijhandel, vrij transport, cabotage, het zijn begrippen die toen belangrijk waren en nu nog niets van hun waarde hebben verloren. || Dat deed zij toen niet en dat dient zij ook nu niet te doen.",Dat wil echter niet zeggen dat de Staat zich per definitie afzijdig moet houden. || Voor de komende drie jaar stelt de regerlng ter verbetering van de concurrentie– positie een aantal maatregelen voor die de exploitatie van schepen onder Nederlandse vlag moet bevorderen en verbeteren.,"The Netherlands has held a prominent position as a maritime trading nation for centuries, with its roots in the Golden Age. || Free trade, free transport, cabotage; these are concepts that were important then and have not lost any of their value today. || She didn't do that then, and she shouldn't do it now either.","However, that does not mean that the State must necessarily remain neutral. || For the next three years, the government proposes a number of measures to improve the competitive position that should promote and enhance the operation of ships under the Dutch flag."
nl.proc.sgd.d.199219930000913.2.8.1,1993-02-18,Blaauw,nl.p.vvd,TG2,SW1,1,2,"Misschien is het gewenst dat men op DGSM de boeken van Schrama en Jonathan Israels over de Gouden Eeuw eens gaat lezen, want in die periode zijn bijzonder interessante maatregelen genomen door de Heeren Zeventien, maar ook gewoon door de Staten-Generaal als het erom ging om op de juiste momenten te reageren met de juiste maatregelen, die niet eeuwigdurend hoefden te zijn.","Ik ben wat verbaasd als ik hoor dat het zo lang heeft geduurd voordat Brussel kon worden overtuigd met betrekking tot de nieuwe voorge– stelde maatregelen. || Misschien is het gewenst dat men op DGSM de boeken van Schrama en Jonathan Israels over de Gouden Eeuw eens gaat lezen, want in die periode zijn bijzonder interessante maatregelen genomen door de Heeren Zeventien, maar ook gewoon door de Staten-Generaal als het erom ging om op de juiste momenten te reageren met de juiste maatregelen, die niet eeuwigdurend hoefden te zijn.","Perhaps it would be advisable for people at DGSM to read the books by Schrama and Jonathan Israel about the Golden Age, as particularly interesting measures were taken during that period by the Heeren Zeventien, but also by the States General when it came to responding at the right moments with the appropriate measures, which did not need to be permanent.","I am somewhat surprised to hear that it took so long for Brussels to be convinced regarding the newly proposed measures. || Perhaps it would be advisable for people at DGSM to read the books by Schrama and Jonathan Israel about the Golden Age, as particularly interesting measures were taken during that period by the Heeren Zeventien, but also by the States General when it came to responding at the right moments with the appropriate measures, which did not need to be permanent."
nl.proc.sgd.d.199219930000854.3.3.18,1993-03-09,te Veldhuis,nl.p.vvd,TG1,SW1,2,2,"Ik geef als voorbeeld de koperverontrei– niging van koperslagers uit de Gouden Eeuw die onder de monumenten van bijna alle grote steden aangetroffen wordt maar die omdat ze immobiel is, absoluut ongevaarlijk is. || Dat ligt er al 300 jaar en niemand heeft er last van.",Wij willen naar een situatie toe waarin wij die gevallen saneringsgevallen noemen waarin inderdaad wordt overgegaan tot het schoonmaken ervan. || Die gevallen moeten niet de naam saneringsnoodzaak meekrijgen.,"I give as an example the copper contamination from copper smelters from the Golden Age, which can be found among the monuments of almost all major cities, but which is absolutely harmless because it is immobile. || It's been there for 300 years and no one has been bothered by it.",We want to move towards a situation where we refer to those cases as remediation cases in which cleaning is indeed carried out. || Those cases should not be labeled as a need for remediation.
nl.proc.sgd.d.199219930000858.11.2.1,1993-03-23,Valk,nl.p.pvda,TG1,SW1,2,1,"Het lijkt mij een goede zaak dat de RBK eens in kaart brengt waar deze lacunes precies zitten, zodat daarop het aankoopbeleid kan worden afgestemd. || Zo ontbreekt er nogal wat 16de-eeuwse kunst maar ook de 17de-eeuwse beeldhouwkunst is mager vertegen–","Het lijkt mij een goede zaak dat de RBK eens in kaart brengt waar deze lacunes precies zitten, zodat daarop het aankoopbeleid kan worden afgestemd.","I think it's a good idea for the RBK to map out where these gaps are, so that the purchasing policy can be aligned accordingly. || There is quite a bit of 16th-century art missing, but the 17th-century sculpture is also poorly represented.","I think it's a good idea for the RBK to map out where these gaps are, so that the purchasing policy can be aligned accordingly."
nl.proc.sgd.d.199319940001089.6.3.2,1993-10-05,van der Vlies,nl.p.sgp,TG1,SW1,2,2,Michiel de Ruyter al hing liever aan het haantje van de kerktoren in zijn plaats dan in de schoolbanken respectievelijk de lijnbaan gekluisterd te zijn. || Dat zijn overigens oude problemen.,Ongeoorloofd schoolverzuim en voortijdig schoolverlaten dienen effectief te worden bestreden. || Michiel de Ruyter al hing liever aan het haantje van de kerktoren in zijn plaats dan in de schoolbanken respectievelijk de lijnbaan gekluisterd te zijn.,"Michiel de Ruyter would rather hang from the rooster on the church tower than be stuck in the school benches or on the line. || Those are, by the way, old problems.",Unauthorized school absenteeism and early school leaving must be effectively addressed. || Michiel de Ruyter would rather hang from the rooster on the church tower than be stuck in the school benches or on the line.
nl.proc.sgd.d.199319940001089.6.4.7,1993-10-05,Huys,nl.p.pvda,TG1,SW1,1,2,"Als die lesbrief er enkele eeuwen geleden was geweest, dan was Michiel de Ruyter waarschijnlijk wel naar school gegaan!","Als die lesbrief er enkele eeuwen geleden was geweest, dan was Michiel de Ruyter waarschijnlijk wel naar school gegaan! || De gedachte van een lesbrief, zoals geopperd door collega Franssen, lijkt mij in leder geval een aardige gedachte.","If that lesson plan had existed a few centuries ago, Michiel de Ruyter would probably have gone to school!","If that lesson plan had existed a few centuries ago, Michiel de Ruyter would probably have gone to school! || The idea of a lesson plan, as suggested by colleague Franssen, seems to me to be a nice thought."
nl.proc.sgd.d.199319940001090.4.2.1,1993-10-06,Ritzen,,TG3,SW1,2,2,"Ik kom toch nog even terug op Michiel de Ruyter en Cornelis Verolme. || Naar mijn mening is het beeld, dat er steeds minder uitzon– dermgen zullen zijn op de regel dat wie niet het minimumkwalificatie– niveau heett, ook moeilijk in staat zal zijn om zich op de arbeidsmarkt te handhaven en daarmee in staat zal zijn, in een eigen inkomen te voorzien.","Als de overheid ergens onomstreden een paternalistische rol mag hebben, dan is het ten aanzien van het onderwijs en de leerplicht. || Er is dus in mijn ogen geen sprake van morele paniek, maar van investeren in menselijk kapitaal als een kwestie van lijfsbehoud.","I want to come back to Michiel de Ruyter and Cornelis Verolme for a moment. || In my opinion, the idea that there will be fewer exceptions to the rule that those who do not meet the minimum qualification level will also struggle to maintain themselves in the job market and thus be able to provide for their own income is concerning.","If there is one area where the government can uncontroversially take on a paternalistic role, it is in relation to education and compulsory schooling. || In my view, there is no moral panic, but rather an investment in human capital as a matter of survival."
nl.proc.sgd.d.199319940001092.7.6.1,1993-10-12,Melkert,nl.p.pvda,TG3,SW1,1,1,Het is even wennen dat wij onze koppositie uit de Gouden Eeuw niet hebben weten vast te houden.,Het is even wennen dat wij onze koppositie uit de Gouden Eeuw niet hebben weten vast te houden.,It's a bit strange that we haven't been able to maintain our leading position from the Golden Age.,It's a bit strange that we haven't been able to maintain our leading position from the Golden Age.
nl.proc.sgd.d.199319940001192.2.7.1,1993-11-22,Schutte,nl.p.gpv,TG3,SW1,1,1,"Dat de Betuwelijn de bloei van de Gouden Eeuw weer terug kan brengen, is misschien wel waar, maar ook in de Gouden Eeuw was het niet allemaal goud wat er blonk.",De voortgaande economische expansiedrift moet worden begrensd door een visie op de ontwikkeling van onze samenleving.,"That the Betuwe Line can bring back the prosperity of the Golden Age may be true, but even in the Golden Age, not everything that glitters was gold.",The ongoing drive for economic expansion must be limited by a vision for the development of our society.
nl.proc.sgd.d.199419950000325.4.2.1,1994-12-06,Voûte-Droste,nl.p.vvd,TG1,SW1,2,2,De concrete resultaten daarvan staan nog altijd aan de Amsterdamse grachtengordel als bewijs van de gunstige gevolgen van vrijhandel. || De Gouden Eeuw en de VOC getuigen hiervan.,De VVD heeft zich altijd voorstander getoond van vrije marktwerking en van een open wereldhandel. || graag mee en zal op deze zesde decemberdag stemmen voor het WTO-verdrag.,The concrete results of that still stand along the Amsterdam canal belt as evidence of the favorable effects of free trade. || The Golden Age and the VOC testify to this.,The VVD has always been an advocate of free market principles and open world trade. || I would like to participate and will vote for the WTO agreement on this sixth day of December.
nl.proc.sgd.d.199419950000325.4.4.1,1994-12-06,de Koning,nl.p.d66,TG3,SW1,1,1,Wij leven niet meer in de Gouden Eeuw en het gaat niet meer alleen om granen en specerijen.,"Onze aanbeveling is vooral deze: Moge de ingewikkelde wereldhandel niet alleen een """"free trade"""", maar vooral ook een """"fair trade"""" zijn.","We no longer live in the Golden Age, and it's not just about grains and spices anymore.","Our recommendation is primarily this: May the complex world trade be not only ""free trade,"" but above all ""fair trade."""
nl.proc.ob.d.h-tk-19941995-49-3158-3177.1.7.8,1995-02-16,Janmaat,nl.p.cd,TG1,SW2,1,2,"Het begrip """"nationale staat"""" heeft zich ontwikkeld sinds de 17de eeuw, maar dat is niet wat mij verbaast.","De CD-fractie is wel een beetje verbaasd over de uitspraak van de heer Apostolou dat wanneer welke fractie dan ook de ideeën van hem persoonlijk dan wel de PvdA niet zou volgen, deze achterhaald zou zijn. || Ik wil niet zeggen dat dit een brutaliteit is, maar wel een geweldige zelfoverschatting.","The concept of ""nation-state"" has developed since the 17th century, but that is not what surprises me.","The CD faction is somewhat surprised by Mr. Apostolou's statement that if any faction does not follow his personal ideas or those of the PvdA, it would be outdated. || I don't want to say that this is audacity, but rather a great overestimation of oneself."
nl.proc.ob.d.h-tk-19941995-57-3517-3546.1.13.8,1995-03-14,Versnel-Schmitz,nl.p.d66,TG1,SW5,3,2,Toch wil ik even wijzen op de situatie in de 17de eeuw. Langs de grachten stonden de herenhuizen en in de zijstraatjes woonden de armere mensen die hun werkzaamheden in de huizen van de rijken verrichtten. || Langs de grachten stonden de herenhuizen en in de zijstraatjes woonden de armere mensen die hun werkzaamheden in de huizen van de rijken verrichtten. || Toch wil ik even wijzen op de situatie in de 17de eeuw.,"Dat zult u ook weten, mijnheer Duivesteijn. || Toch wil ik even wijzen op de situatie in de 17de eeuw.","I would like to point out the situation in the 17th century. Along the canals stood the mansions, and in the side streets lived the poorer people who worked in the houses of the wealthy. || Along the canals stood the mansions, and in the side streets lived the poorer people who worked in the houses of the wealthy. || Still, I want to point out the situation in the 17th century.","You will know that as well, Mr. Duivesteijn. || Still, I want to point out the situation in the 17th century."
nl.proc.ob.d.h-tk-19951996-23-1560-1620.1.9.26,1995-11-08,Patijn,,TG1,SW1,3,2,"Ik zal mij hierover eens met hem verstaan om te kijken of een systematisch beleid en een systematische inventarisatie van mogelijkheden en knelpunten mogelijk zijn. || Ik dank de heer Van Middelkoop voor zijn suggestie om nog eens goed te kijken naar de monumenten van de Verenigde Oostindische Compagnie en de Westindische Compagnie in het buitenland; || ons gemeenschappelijk erfgoed, patrimonium zou je kunnen zeggen, in het buitenland.","Staatssecretaris Nuis heeft al enige extra middelen in zijn budget voor internationaal cultureel beleid uitgetrokken, met name voor restauratieprojecten in Indonesië en Sri Lanka. || Ik zal mij hierover eens met hem verstaan om te kijken of een systematisch beleid en een systematische inventarisatie van mogelijkheden en knelpunten mogelijk zijn.","I will discuss this with him to see if a systematic policy and a systematic inventory of possibilities and bottlenecks are feasible. || I thank Mr. Van Middelkoop for his suggestion to take another good look at the monuments of the Dutch East India Company and the Dutch West India Company abroad; || our shared heritage, you could say, abroad.","State Secretary Nuis has already allocated some additional funds in his budget for international cultural policy, particularly for restoration projects in Indonesia and Sri Lanka. || I will discuss this with him to see if a systematic policy and a systematic inventory of possibilities and bottlenecks are feasible."
nl.proc.ob.d.h-tk-19951996-26-1833-1847.1.8.1,1995-11-15,Schutte,nl.p.gpv,TG4,SW1,2,2,Deze godsdienstige tolerantie zou volgens de minister mede ten grondslag liggen aan het ontstaan van het Nederlandse gedoogbeleid. || Maar het is wel een forse stap van gewetensvrijheid naar het gedogen van wetsovertreding.,"Als schot voor de boeg van mijn kant zou ik willen zeggen: gedogen kan soms onvermijdelijk zijn, maar als gedogen beleid wordt, komt de geloofwaardigheid van het overheidsambt in gevaar. || Hoe verhoudt zich dit tot de taak van justitie ten aanzien van de rechtsorde?","This religious tolerance would, according to the minister, be one of the foundations for the emergence of the Dutch tolerance policy. || But it is quite a significant step from freedom of conscience to tolerating lawbreaking.","As a shot across the bow from my side, I would like to say: tolerating can sometimes be unavoidable, but when tolerance becomes policy, the credibility of the government office is at risk. || How does this relate to the role of justice concerning the legal order?"
nl.proc.ob.d.h-tk-19951996-63-4397-4429.1.12.1,1996-03-19,Rabbae,nl.p.gl,TG1,SW2,2,2,"De Franse filosoof Descartes heeft al in de 17de eeuw gezegd: als er ooit chaos komt in de wereld, ga ik naar Nederland, want daar gebeurt nooit iets. || Ik kan hem geruststellen: in Nederland zal er nooit een revolutie komen.",Ik heb het dan vooral over de fracties van VVD en CDA. || De heer Ten Hoopen loopt te hoop tegen dit wetsvoorstel.,"The French philosopher Descartes said back in the 17th century: if chaos ever comes to the world, I will go to the Netherlands, because nothing ever happens there. || I can reassure him: there will never be a revolution in the Netherlands.",I am mainly referring to the factions of the VVD and CDA. || Mr. Ten Hoopen is rallying against this bill.
nl.proc.ob.d.h-tk-19951996-75-5116-5133.1.8.1,1996-04-23,Stellingwerf,nl.p.rpf,TG1,SW1,2,2,"De Mare Liberum werd op verzoek van de Verenigde Oost-Indische Compagnie gepubliceerd, met als doel de onderhandelingen tussen de Republiek der Zeven Verenigde Nederlanden en Spanje te beïnvloeden. || Deze worsteling zien we ook terugkomen in het jarenlange onderhandelingsproces van het aan de orde zijnde verdrag, zij het dat in deze moderne worsteling het verlichte eigenbelang van de koopman het lijkt te winnen van de morele claim van de dominee.","Deze worsteling zien we ook terugkomen in het jarenlange onderhandelingsproces van het aan de orde zijnde verdrag, zij het dat in deze moderne worsteling het verlichte eigenbelang van de koopman het lijkt te winnen van de morele claim van de dominee. || Daarom kan ik mij goed voorstellen dat in het verslag van de Staten van Aruba wordt gesteld dat de volle zee en haar rijkdommen het gemeenschappelijk erfdeel van de mensheid zijn en dat de uit deze rijkdommen verkregen opbrengsten ten goede moeten komen aan de gehele mensheid en niet aan een beperkte groep landen die over de technische mogelijkheden beschikt om deze rijkdommen te delven.","The Mare Liberum was published at the request of the Dutch East India Company, with the aim of influencing the negotiations between the Republic of the Seven United Netherlands and Spain. || This struggle is also reflected in the years-long negotiation process of the treaty in question, although in this modern struggle, the enlightened self-interest of the merchant seems to prevail over the moral claim of the pastor.","This struggle is also reflected in the years-long negotiation process of the treaty in question, although in this modern struggle, the enlightened self-interest of the merchant seems to prevail over the moral claim of the pastor. || Therefore, I can well imagine that the report from the States of Aruba states that the open sea and its riches are the common heritage of humanity and that the proceeds derived from these riches should benefit all of humanity and not just a limited group of countries that have the technical capabilities to exploit these resources."
nl.proc.ob.d.h-tk-19961997-637-661.1.6.18,1996-10-10,Van Middelkoop,,TG1,SW4,2,2,"Hij gaf daarmee aan dat het besef dat de huidige generatie profiteert van eeuwenlang, zorgvuldig beheer door vorige generaties, constituerend kan zijn voor het verantwoordelijkheidsbesef van ons, gericht op een goed beheer nu met het oog op de levenscondities van latere generaties. || In zijn voordracht voor de commissie zei hij terloops: Als ik in Nederland ben, geven de prachtige gebouwen uit de Gouden Eeuw mij altijd inspiratie om verder vooruit te denken.","Als wij, om een simpel voorbeeld te gebruiken, de architect Jacob van Campen erkentelijk zijn omdat hij 350 jaar geleden ons de schoonheid schonk van het koninklijk paleis op de Dam in Amsterdam, waarom zouden over drieënhalve eeuw na nu de mensen ons niet erkentelijk mogen zijn voor ons goede beheer van natuur en cultuur? || Zo is er een creatuurlijk gegeven, morele gemeenschap van alle generaties, een notie die ons verplicht de belangen van toekomstige generaties te laten meewegen in onze actuele beslissingen.","He indicated that the awareness that the current generation benefits from centuries of careful management by previous generations can be fundamental to our sense of responsibility, aimed at good management now with an eye on the living conditions of future generations. || In his presentation to the committee, he casually mentioned: When I am in the Netherlands, the beautiful buildings from the Golden Age always inspire me to think further ahead.","If we are grateful to the architect Jacob van Campen for giving us the beauty of the royal palace on the Dam in Amsterdam 350 years ago, why shouldn't people three and a half centuries from now be grateful to us for our good management of nature and culture? || Thus, there is a creaturely given, a moral community of all generations, a notion that obliges us to consider the interests of future generations in our current decisions."
nl.proc.ob.d.h-tk-19961997-1045-1069.1.6.17,1996-10-23,Van der Ploeg,nl.p.pvda,TG1,SW1,2,2,Het Nederlandse model gaat terug tot de gouden eeuw. || Dat is dus gebaat bij coöperatieve concurrentie.,Mijn oordeel is dat je in Nederland niet toe moet naar een ongebreidelde concurrentie in de markt. || Dat model moeten wij eigenlijk in Nederland hebben.,The Dutch model dates back to the Golden Age. || That benefits from cooperative competition.,"My judgment is that in the Netherlands, we should not move towards unrestrained competition in the market. || We actually need to have that model in the Netherlands."
nl.proc.ob.d.h-tk-19961997-4846-4860.1.9.5,1997-04-09,Schutte,nl.p.gpv,TG1,SW1,2,1,Gelderblom probeert de door hem gesignaleerde taalarmoede vooral te verklaren aan de hand van de staatsvorm van de Republiek der Verenigde Nederlanden in de 17de eeuw en de ontwikkelingen na de Belgische opstand in 1830. || In dat artikel stelt hij de vraag centraal hoe het nu komt dat de taal in Nederland nauwelijks deel uitmaakt van het nationale bewustzijn.,Daarom is het goed een duidelijk signaal af te geven met het opnemen van een zorgverplichting voor het gebruik van de Nederlandse taal in de Grondwet.,"Gelderblom tries to explain the language poverty he has identified primarily through the form of government of the Republic of the United Netherlands in the 17th century and the developments following the Belgian uprising in 1830. || In that article, he raises the central question of why language in the Netherlands hardly plays a part in the national consciousness.","Therefore, it is important to send a clear signal by including a duty to use the Dutch language in the Constitution."
nl.proc.ob.d.h-tk-19971998-341-361.1.7.13,1997-09-25,De Koning,nl.p.d66,TG2,SW1,3,2,"Het bevreemdt ons dat, terwijl er een VN-gedragscode bestond, vrijwel niemand daar zelfs maar kennis van heeft genomen. Ten tijde van de VOC werd de gedragscode aan de staande bemanning aan het begin van de zeereis voorgelezen. || Ten tijde van de VOC werd de gedragscode aan de staande bemanning aan het begin van de zeereis voorgelezen. || Het bevreemdt ons dat, terwijl er een VN-gedragscode bestond, vrijwel niemand daar zelfs maar kennis van heeft genomen.","Voor mijn fractie vormen een goede maatschappijgerichte opleiding en een specifieke voorbereiding de belangrijkste gegevens, zeker omdat de jonge mensen die zich tegenwoordig aanmelden voor een legerfunctie, vaak minder opleiding en bagage hebben dan vroeger het geval was. || Ten tijde van de VOC werd de gedragscode aan de staande bemanning aan het begin van de zeereis voorgelezen.","It surprises us that, while there was a UN code of conduct, almost no one has even taken notice of it. During the time of the VOC, the code of conduct was read to the crew at the beginning of the sea voyage. || During the time of the VOC, the code of conduct was read to the crew at the beginning of the sea voyage. || We are surprised that, while there was a UN code of conduct, almost no one has even taken notice of it.","For my party, a good society-oriented education and specific preparation are the most important factors, especially since the young people who are applying for a military position nowadays often have less education and background than was the case in the past. || During the time of the VOC, the code of conduct was read to the crew at the beginning of the sea voyage."
nl.proc.ob.d.h-tk-19971998-474-487.1.6.1,1997-10-01,Sipkes,nl.p.gl,TG3,SW2,2,5,"De VOC was indertijd gemachtigd met bepaalde onderkoningen overeenkomsten te sluiten, maar sinds die tijd hebben wij zoiets gekregen als een volkenrecht en jurisprudentie daarop, en bijvoorbeeld arbitragemogelijkheden. || Iets dergelijks, zo heb ik mij laten vertellen, kwam wel voor in de tijd van de Verenigde Oost-Indische Compagnie.","Is dat eenheid van regeringsbeleid? || Uiteraard werd er gezegd dat een en ander zorgvuldig diende te gebeuren. || Dan zeg ik: uitgeprocedeerde asielzoekers zijn uitgeprocedeerde asielzoekers en bij uitzetting moeten wij, ongeacht de nationaliteit, zorgvuldig tewerk gaan. || Dit vind ik niet zorgvuldig; || dit rammelt.","The VOC was at that time authorized to make agreements with certain viceroys, but since then we have developed something like international law and jurisprudence on it, as well as, for example, arbitration options. || Something similar, I have been told, did occur during the time of the Dutch East India Company.","Is that a unity of government policy? || Of course, it was said that everything needed to be done carefully. || Then I say: rejected asylum seekers are rejected asylum seekers, and in the case of deportation, we must proceed carefully, regardless of nationality. || I don't find this careful; || this is shaky."
nl.proc.ob.d.h-tk-19971998-474-487.1.7.3,1997-10-01,Schmitz,,TG3,SW2,2,1,"Vindt u het goed dat ik de historie van de VOC maar even terzijde laat? || Ik was er niet opgekomen, moet ik eerlijk zeggen.",Vindt u het goed dat ik de historie van de VOC maar even terzijde laat?,Do you mind if I set aside the history of the VOC for a moment? || I have to honestly say I hadn't thought of that.,Do you mind if I set aside the history of the VOC for a moment?
nl.proc.ob.d.h-tk-19961997-1754-1801.1.12.3,1997-11-12,J.M. de Vries,nl.p.vvd,TG1,SW1,2,1,Allereerst noem ik ons gemeenschappelijk cultureel erfgoed van het VOC. || Deze VOC-archieven zijn van mondiale betekenis.,Het Nederlandse initiatief onder auspiciën van Unesco om de archieven in die landen uit deze periode te behouden en de vergroting van toegankelijkheid door digitalisering verdient brede steun van de bewindslieden.,"First of all, I mention our shared cultural heritage from the VOC. || These VOC archives are of global significance.",The Dutch initiative under the auspices of UNESCO to preserve the archives in those countries from this period and to increase accessibility through digitization deserves broad support from the ministers.
nl.proc.ob.d.h-tk-19961997-1824-1893.1.7.8,1997-11-13,Ritzen,,TG2,SW1,2,2,"Het succes van de Gouden Eeuw werd mede mogelijk gemaakt door de goede organisatie van de samenleving, zoals blijkt uit het werk van bepaalde geschiedkundigen. || Juist door het onderwijs is het mogelijk om Nederland brainport tot stand te brengen.",Ik spreek graag over onderwijs als een sector waarin nieuwe investeringen zeer goed kunnen renderen. || Juist door het onderwijs is het mogelijk om Nederland brainport tot stand te brengen.,"The success of the Golden Age was made possible by the good organization of society, as evidenced by the work of certain historians. || It is precisely through education that it is possible to establish the Netherlands as a brainport.",I enjoy discussing education as a sector where new investments can yield great returns. || It is precisely through education that it is possible to establish the Netherlands as a brainport.
nl.proc.ob.d.h-tk-19961997-1824-1893.1.9.22,1997-11-13,Nuis,,TG4,SW1,2,2,"Het interessante is dat de belangstelling voor de VOC is verschoven van het idee van kolonialisme, imperialisme en dergelijke associaties naar het idee van het eerste grote internationale handelsnet dat behalve handel ook mensen met elkaar verbond. || Ik zie dat de heer Poppe er nog even moeite mee heeft, maar het is echt een andere kant van dezelfde zaak.",Ik heb in ICES-verband aandacht gevraagd en ook gekregen – wat belangrijker is – voor het geven van een vervolg aan het Deltaplan monumentenzorg. || Mevrouw De Vries heeft gevraagd naar het initiatief met betrekking tot de VOC-archieven.,"The interesting thing is that the interest in the VOC has shifted from the idea of colonialism, imperialism, and similar associations to the idea of the first major international trade network that connected not only trade but also people. || I see that Mr. Poppe is still struggling with it, but it really is a different side of the same issue.","I have raised awareness in the context of ICES and, more importantly, received attention for continuing the Delta Plan for heritage conservation. || Mrs. De Vries has inquired about the initiative regarding the VOC archives."
nl.proc.ob.d.h-tk-19961997-1824-1893.1.9.24,1997-11-13,Nuis,,TG1,SW1,2,2,"Het is een mooi voorbeeld van wat tegenwoordig """"gemeenschappelijk erfgoed"""" heet. || Het is een interessante gedachte om met dit oude internationale netwerk iets te doen in het buitengewoon moderne netwerk van Internet.",Ik wil graag samen met de collega van Buitenlandse Zaken ondersteuning geven aan dit project. || De resolutie in Unesco was ook een Nederlandse resolutie.,"It is a beautiful example of what is now called ""common heritage."" || It is an interesting thought to do something with this old international network in the extraordinarily modern network of the Internet.",I would like to provide support for this project together with the colleague from Foreign Affairs. || The resolution in UNESCO was also a Dutch resolution.
nl.proc.ob.d.h-tk-19981999-264-284.1.5.15,1998-09-29,Van Wijmen,nl.p.cda,TG1,SW1,2,2,"Maar misschien zou een leidend beginsel kunnen zijn het antwoord op de vraag wat ons land in eigen ogen nu werkelijk in het afgelopen millennium aan de wereld heeft 'bijgedragen', in de zin dat het ook niet elders en misschien iets anders ook al gebeurd is? || Ik denk aan onze schilderkunst en de wereldhandel van de 17de eeuw en het prachtige boek van Jonathan Israel, 'The Dutch Republic', het verschijnsel polder (niet: poldermodel) en ten slotte onze Nobelprijswinnaars en hun voorgangers, zoals Huygens.","Wij zouden graag wat meer bijzonderheden vernemen over dit project. || Ik denk dat daar een heel aardig iets van zou zijn te maken, als dat goed wordt ingestoken.","But perhaps a guiding principle could be the answer to the question of what our country has truly 'contributed' to the world in our own eyes over the past millennium, in the sense that it may have also happened elsewhere and perhaps in a slightly different way? || I think of our painting and the world trade of the 17th century, and the beautiful book by Jonathan Israel, 'The Dutch Republic', the phenomenon of the polder (not: polder model), and finally our Nobel Prize winners and their predecessors, such as Huygens.",We would like to hear more details about this project. || I think that could turn into something really nice if it's approached the right way.
nl.proc.ob.d.h-tk-19981999-613-642.1.10.34,1998-10-08,Poppe,nl.p.sp,TG1,SW1,1,1,Ik denk aan de 17de-eeuwse polderlandschappen. Die wilt u beschermen?,Ik denk aan de 17de-eeuwse polderlandschappen. Die wilt u beschermen?,I'm thinking of the 17th-century polder landscapes. You want to protect those?,I'm thinking of the 17th-century polder landscapes. You want to protect those?
nl.proc.ob.d.h-tk-19981999-1231-1245.1.8.3,1998-11-04,Van der Staaij,nl.p.sgp,TG2,SW3,2,2,"Mijn wens is dat de omslag van deze brochure gevolgd zal worden door een omslag in het denken, waarin het fundament van de menselijke wetten wordt gevonden in de wet van God. || Nee, het toont een klassieke afbeelding van een schilderij van de Vlaamse 17de-eeuwse schilder Jordaens.","Hier geen postmodern tafereel, waarin elke samenhang en herkenbaarheid ontbreekt. || De gerechtigheid of de menselijke wet op de Goddelijke gegrondvest, zo luidt de titel van het schilderij, en kernachtiger kan ik de staatkundig-gereformeerde benadering niet samenvatten.","My wish is that the cover of this brochure will be followed by a shift in thinking, where the foundation of human laws is found in the law of God. || No, it shows a classic image of a painting by the Flemish 17th-century painter Jordaens.","Here, there is no postmodern scene in which all coherence and recognizability are absent. || ""Justice or Human Law Based on the Divine,"" is the title of the painting, and I cannot summarize the politically Reformed approach more succinctly."
nl.proc.ob.d.h-tk-19981999-2152-2171.1.8.1,1998-11-26,Borst-Eilers,,TG2,SW1,2,2,"Bij dit alles dreigt één persoon wat uit het oog verloren te worden, namelijk de door Tulp centraal gestelde mens. || Hij en zijn collega's in de 17de eeuw hadden het bepaald niet gemakkelijk.","Als ik het zorgbeleid van dit kabinet moet karakteriseren, wijs ik op de centrale plaats die wij aan de mens willen toekennen. || Ik ben hiermee aangekomen bij de kern van mijn betoog.","In all of this, one person risks being overlooked, namely the human being that Tulp places at the center. || He and his colleagues in the 17th century certainly had it tough.","If I had to characterize the healthcare policy of this cabinet, I would point to the central place we want to assign to the individual. || I have now arrived at the core of my argument."
nl.proc.ob.d.h-tk-19981999-2283-2322.1.7.31,1998-12-02,Hessing,nl.p.vvd,TG1,SW1,2,2,"Zoals bekend, besloten aan het eind van de 16de eeuw zeven Nederlandse gewesten tot samenwerking. || Ik stel voor dat wij de fakkel van de Staten-Generaal uit 1602 overnemen en de regering verzoeken om in 2002 op passende wijze te herdenken dat de VOC dan 400 jaar geleden werd opgericht.","Ik stel voor dat wij de fakkel van de Staten-Generaal uit 1602 overnemen en de regering verzoeken om in 2002 op passende wijze te herdenken dat de VOC dan 400 jaar geleden werd opgericht. || Ik denk dat het gewenst is dat de bewindslieden binnenkort met het bedrijfsleven overleggen over meer stimulerende samenwerking, in het bijzonder met betrekking tot export en buitenlandse investeringen.","As is well known, at the end of the 16th century, seven Dutch provinces decided to cooperate. || I propose that we take over the torch from the States General of 1602 and ask the government to appropriately commemorate the fact that the VOC was established 400 years ago in 2002.","I propose that we take over the torch from the States General of 1602 and ask the government to appropriately commemorate the fact that the VOC was established 400 years ago in 2002. || I believe it is desirable for the ministers to consult with the business community soon about more stimulating collaboration, particularly regarding exports and foreign investments."
nl.proc.ob.d.h-tk-19981999-2283-2322.1.7.36,1998-12-02,Van Middelkoop,nl.p.gpv,TG1,SW1,1,3,"Is het, als wij de VOC gaan herdenken, geen goed idee om verder te gaan met mijn initiatief uit de vorige periode, dat is overgenomen door staatssecretaris Patijn, te weten het besteden van geld aan het cultureel erfgoed in het buitenland?","Is het, als wij de VOC gaan herdenken, geen goed idee om verder te gaan met mijn initiatief uit de vorige periode, dat is overgenomen door staatssecretaris Patijn, te weten het besteden van geld aan het cultureel erfgoed in het buitenland? Dat bestaat immers voor een belangrijk deel uit overblijfselen uit de VOC-tijd. || Is het, als wij de VOC gaan herdenken, geen goed idee om verder te gaan met mijn initiatief uit de vorige periode, dat is overgenomen door staatssecretaris Patijn, te weten het besteden van geld aan het cultureel erfgoed in het buitenland? || Dat bestaat immers voor een belangrijk deel uit overblijfselen uit de VOC-tijd.","Is it, when we commemorate the VOC, not a good idea to continue with my initiative from the previous period, which was taken over by Secretary of State Patijn, namely to allocate funds for cultural heritage abroad?","Is it, when we commemorate the VOC, not a good idea to continue with my initiative from the previous period, which was taken over by Secretary of State Patijn, namely to allocate funds for cultural heritage abroad? After all, it largely consists of remnants from the VOC era. || Is it, when we commemorate the VOC, not a good idea to continue with my initiative from the previous period, which was taken over by Secretary of State Patijn, namely to allocate funds for cultural heritage abroad? || That is largely made up of remnants from the VOC era."
nl.proc.ob.d.h-tk-19981999-2283-2322.1.7.43,1998-12-02,Koenders,nl.p.pvda,TG4,SW4,2,2,"Is het de heer Hessing misschien ontgaan dat de VOC al na een korte periode moest overgaan tot het verdedigen van handelsnegorijen, wat het begin vormde van kolonialisme? || Gelet op die traditie kan ik het mij niet voorstellen om daarvoor speciaal aandacht te vragen.","Is het de heer Hessing misschien ontgaan dat de VOC al na een korte periode moest overgaan tot het verdedigen van handelsnegorijen, wat het begin vormde van kolonialisme? || Gelet op die traditie kan ik het mij niet voorstellen om daarvoor speciaal aandacht te vragen.","Has Mr. Hessing perhaps overlooked that the VOC had to start defending trading posts after a short period, which marked the beginning of colonialism? || Given that tradition, I can't imagine asking for special attention for that.","Has Mr. Hessing perhaps overlooked that the VOC had to start defending trading posts after a short period, which marked the beginning of colonialism? || Given that tradition, I can't imagine asking for special attention for that."
nl.proc.ob.d.h-tk-19981999-2283-2322.1.9.1,1998-12-02,Marijnissen,nl.p.sp,TG4,SW4,2,2,"Ik heb mijn tekst gisterenavond geschreven, maar ik heb er echt deze vraag in staan: lijdt de minister van Buitenlandse Zaken aan een gebrek aan historisch besef of wil hij echt bepleiten dat wij het buitenland weer gaan zien als een onafzienbaar gebied, dat naar hartelust kan worden onderworpen en uitgebuit? || Terecht werd hij door de heer Koenders erop gewezen dat die glorietijd van de VOC wel degelijk een schaduwzijde had.","Terecht werd hij door de heer Koenders erop gewezen dat die glorietijd van de VOC wel degelijk een schaduwzijde had. || Ik heb mijn tekst gisterenavond geschreven, maar ik heb er echt deze vraag in staan: lijdt de minister van Buitenlandse Zaken aan een gebrek aan historisch besef of wil hij echt bepleiten dat wij het buitenland weer gaan zien als een onafzienbaar gebied, dat naar hartelust kan worden onderworpen en uitgebuit?","I wrote my text last night, but I really have this question in it: does the Minister of Foreign Affairs suffer from a lack of historical awareness, or does he genuinely advocate that we should view foreign countries again as an endless territory that can be freely subjected and exploited? || He was rightly pointed out by Mr. Koenders that the glorious era of the VOC indeed had a dark side.","He was rightly pointed out by Mr. Koenders that the glorious era of the VOC indeed had a dark side. || I wrote my text last night, but I really have this question in it: does the Minister of Foreign Affairs suffer from a lack of historical awareness, or does he genuinely advocate that we should view foreign countries again as an endless territory that can be freely subjected and exploited?"
nl.proc.ob.d.h-tk-19981999-2375-2426.1.13.9,1998-12-03,Hessing,nl.p.vvd,TG4,SW2,2,3,"Het vieren van ontluikend ondernemerschap, op 20 maart 1602, spreekt ons uiteraard meer aan. || De staatssecretaris nodigde uit dat te vieren.",Misschien zit er een groot cultuurverschil tussen de staatssecretaris en mijn partij. Het steunen van slechte bedrijven spreekt ons niet zo aan. || Misschien zit er een groot cultuurverschil tussen de staatssecretaris en mijn partij. || Het steunen van slechte bedrijven spreekt ons niet zo aan.,"Celebrating budding entrepreneurship on March 20, 1602, resonates with us more, of course. || The secretary of state invited everyone to celebrate that.",Perhaps there is a significant cultural difference between the state secretary and my party. Supporting bad companies doesn't appeal to us. || There may be a significant cultural difference between the state secretary and my party. || Supporting bad companies doesn't really appeal to us.
nl.proc.ob.d.h-tk-19981999-2375-2426.1.6.57,1998-12-03,Benschop,,TG1,SW1,3,2,"Het is dan uiteraard een goede gelegenheid om aandacht te vragen voor de rol van de Verenigde Oost-Indische Compagnie, maar de viering in het jaar 2002 zal geen doel op zichzelf zijn. || Gisteren toen de heer Hessing begon te spreken over de VOC, schoot door mij heen dat ik als geschiedenisstudent ooit in een leerboek de zin tegenkwam: Op de laatste dag van de 18de eeuw werd de Verenigde Oost-Indische Compagnie opgeheven. || Vanuit het perspectief van het internationaal cultuurbeleid zijn wij niet alleen gericht op eenmalige activiteiten met veel vlagvertoon.","Het kan er wel toe leiden dat er in het jaar 2002 in diverse landen activiteiten gerelateerd aan de geschiedenis van de VOC zullen plaatsvinden. || Het is dan uiteraard een goede gelegenheid om aandacht te vragen voor de rol van de Verenigde Oost-Indische Compagnie, maar de viering in het jaar 2002 zal geen doel op zichzelf zijn.","It is certainly a good opportunity to draw attention to the role of the Dutch East India Company, but the celebration in the year 2002 will not be an end in itself. || Yesterday, when Mr. Hessing started talking about the VOC, it crossed my mind that as a history student, I once came across the sentence in a textbook: On the last day of the 18th century, the Dutch East India Company was dissolved. || From the perspective of international cultural policy, we are not only focused on one-off activities with a lot of fanfare.","It may lead to activities related to the history of the VOC taking place in various countries in the year 2002. || It is certainly a good opportunity to draw attention to the role of the Dutch East India Company, but the celebration in the year 2002 will not be an end in itself."
nl.proc.ob.d.h-tk-19981999-5249-5292.1.10.14,1999-06-23,Crone,nl.p.pvda,TG1,SW1,3,2,"Ik heb het de Gouden Eeuw genoemd. Dat is leuk, omdat je dan leuke dingen voor de mensen kunt doen. || Wij hebben dan voor het zevende achtereenvolgende jaar te maken met een groei van meer dan 2%. || Dat is leuk, omdat je dan leuke dingen voor de mensen kunt doen.","Dat is leuk, omdat je dan leuke dingen voor de mensen kunt doen. || Ik vind het zeker zo belangrijk dat er dan ook ruimte is, te blijven investeren in de toekomst.",I called it the Golden Age. That's nice because you can do fun things for people. || We are experiencing growth of more than 2% for the seventh consecutive year. || That's nice because you can do fun things for people.,That's nice because you can do fun things for people. || I definitely find it important that there is also room to continue investing in the future.
nl.proc.ob.d.h-tk-19981999-5249-5292.1.6.1,1999-06-23,Marijnissen,nl.p.sp,TG1,SW1,2,3,"Ik lees vandaag in de krant dat hij vermoedt dat wij nog in de Gouden Eeuw verkeren. || Ik neem aan dat hij met die opmerking bedoelt: wij zijn een rijk land, een stinkend rijk land, net zo rijk als relatief gesproken in de Gouden Eeuw en dat moet toch betekenen dat wij de grote tegenstellingen in dit land oplossen en belangrijke knelpunten op belangrijke terreinen weten weg te nemen.","Maar omdat de uitwerking van een structurele oplossing nog wel eens even op zich kan laten wachten, is mijn fractie er voorstander van dat er 50 mln. beschikbaar komt voor een noodfonds om op die manier de huidige noodsituatie waarin deze mensen verkeren acuut te kunnen oplossen. || Ik neem aan dat hij met die opmerking bedoelt: wij zijn een rijk land, een stinkend rijk land, net zo rijk als relatief gesproken in de Gouden Eeuw en dat moet toch betekenen dat wij de grote tegenstellingen in dit land oplossen en belangrijke knelpunten op belangrijke terreinen weten weg te nemen. || Wij vragen van de regering eraan mee te werken dat de maximale wachttijd van twee maanden voor alle vormen van jeugdzorg mogelijk wordt.","I read in the newspaper today that he suspects we are still in the Golden Age. || I assume that by that remark he means: we are a wealthy country, a disgustingly wealthy country, just as wealthy as we were relatively speaking in the Golden Age, and that should mean that we need to resolve the great disparities in this country and address significant issues in important areas.","However, since the implementation of a structural solution may take some time, my party supports making 50 million available for an emergency fund to address the current crisis these people are facing immediately. || I assume that by that remark he means: we are a wealthy country, a disgustingly wealthy country, just as wealthy as we were relatively speaking in the Golden Age, and that should mean that we need to resolve the great disparities in this country and address significant issues in important areas. || We ask the government to work towards ensuring that the maximum waiting time of two months for all forms of youth care is achievable."
nl.proc.ob.d.h-tk-19992000-6-79.1.9.1,1999-09-22,Marijnissen,nl.p.sp,TG1,SW2,3,3,"Nog gekker eigenlijk, want wij hadden toch kunnen en moeten leren van het verleden. || Het opmerkelijke van de Gouden Eeuw vond ik altijd dat er in de Gouden Eeuw ook zoveel armen waren. || In de tweede gouden eeuw van dit millennium is het al even gek.","Als die maatschappelijke tweedeling dan toch ontstaat, is dat een politieke keuze. || Een meerderheid van de politiek vindt het kennelijk aanvaardbaar dat zoiets bestaat, hoe vervelend men het wellicht ook persoonlijk vindt. || In de tweede gouden eeuw van dit millennium is het al even gek.","It's actually even crazier because we could and should have learned from the past. || What I always found remarkable about the Golden Age is that there were so many poor people during that time as well. || In the second golden age of this millennium, things are just as strange.","If that social divide does arise, it is a political choice. || A majority of politicians apparently find it acceptable for such a thing to exist, no matter how unpleasant they may personally find it. || In the second golden age of this millennium, things are just as strange."
nl.proc.ob.d.h-tk-19992000-109-154.1.11.4,1999-09-23,Marijnissen,nl.p.sp,TG1,SW2,1,2,"Ik ben mijn bijdrage aan de algemene beschouwingen begonnen met de vaststelling dat wij in de tweede Gouden Eeuw leven, in die zin dat wij rijk zijn maar ook arm.","Ik ben mijn bijdrage geëindigd met de opmerking dat mijn fractie vindt dat Paars het grootste millenniumprobleem is wat wij hebben. || Ik ben mijn bijdrage aan de algemene beschouwingen begonnen met de vaststelling dat wij in de tweede Gouden Eeuw leven, in die zin dat wij rijk zijn maar ook arm.","I began my contribution to the general discussions by stating that we are living in a second Golden Age, in the sense that we are both rich and poor.","I concluded my contribution with the remark that my party believes that Purple is the biggest millennium problem we have. || I began my contribution to the general discussions by stating that we are living in a second Golden Age, in the sense that we are both rich and poor."
nl.proc.ob.d.h-tk-19992000-109-154.1.17.2,1999-09-23,Marijnissen,nl.p.sp,TG1,SW2,1,2,Wij blijven ook in de gouden eeuw te maken hebben met armoede.,"Mij ontgaat dan ook totaal waarom wij daarover gelukkig zouden moeten zijn, ook al steun ik een aantal moties van de heer Melkert omdat het verbeterende amendementen zijn op het beleid. || Waarom zou de SP niet mogen blijven pleiten voor een vermogenswinstbelasting of een maximering van de hypotheekrenteaftrek?",We will still be dealing with poverty during the Golden Age.,"I completely fail to understand why we should be happy about that, even though I support a number of motions from Mr. Melkert because they are improvements to the policy. || Why shouldn't the SP continue to advocate for a capital gains tax or a cap on mortgage interest deduction?"
nl.proc.ob.d.h-tk-19992000-109-154.1.20.1,1999-09-23,Kok,,TG4,SW1,1,2,Naar mijn bescheiden mening wordt soms iets te gemakkelijk gesproken over deze gouden eeuw en deze tijden waarin het allemaal niet op kan.,"In dat evenwicht kijkt het kabinet en kijk ikzelf met veel waardering en dankbaarheid op de gedachtewisseling terug, want wij hebben inderdaad het verlangen naar een aantal intensiveringen en impulsen kunnen combineren met het koers houden, daar waar Nederland in het verleden aan koers houden heel veel heeft gehad. || Dat neemt echter wat af van de ruimte die overigens beschikbaar is.","In my humble opinion, there is sometimes too much ease in discussing this golden age and these times when everything seems possible.","In that balance, the cabinet and I look back on the discussions with great appreciation and gratitude, as we have indeed been able to combine the desire for a number of intensifications and impulses with staying the course, where the Netherlands has greatly benefited from staying the course in the past. || However, that reduces the space that is otherwise available."
nl.proc.ob.d.h-tk-19992000-384-423.1.7.1,1999-10-05,Crone,nl.p.pvda,TG4,SW5,1,1,"Een boeiend debat, zeker ook voor ons land, omdat wij een met de VS vergelijkbare economie hebben gekregen met een sterk aanhoudend hoge groei – het spijt mij dat ik in het debat over de Voorjaarsnota het woord Gouden Eeuw heb gebruikt – een eveneens relatief grote dienstensector, een sterke banengroei en overheidsfinanciën die richting evenwicht gaan.","Een boeiend debat, zeker ook voor ons land, omdat wij een met de VS vergelijkbare economie hebben gekregen met een sterk aanhoudend hoge groei – het spijt mij dat ik in het debat over de Voorjaarsnota het woord Gouden Eeuw heb gebruikt – een eveneens relatief grote dienstensector, een sterke banengroei en overheidsfinanciën die richting evenwicht gaan.","An engaging debate, especially for our country, as we have developed an economy similar to that of the US, characterized by strong and sustained high growth – I regret using the term Golden Age in the debate about the Spring Memorandum – a relatively large service sector, strong job growth, and public finances moving towards balance.","An engaging debate, especially for our country, as we have developed an economy similar to that of the US, characterized by strong and sustained high growth – I regret using the term Golden Age in the debate about the Spring Memorandum – a relatively large service sector, strong job growth, and public finances moving towards balance."
nl.proc.ob.d.h-tk-19992000-702-747.1.12.2,1999-10-13,Poppe,nl.p.sp,TG1,SW1,1,2,"Het is de bedoeling dat de polder waar zij zijn gevestigd, zijn 17de-eeuwse karakter blijft behouden.","Wilt u zich met mij ervoor inzetten dat die boeren kunnen blijven boeren met melkvee? || Het is de bedoeling dat de polder waar zij zijn gevestigd, zijn 17de-eeuwse karakter blijft behouden.",The intention is for the polder where they are located to retain its 17th-century character.,Would you join me in ensuring that those farmers can continue to farm with dairy cattle? || The intention is for the polder where they are located to retain its 17th-century character.
nl.proc.ob.d.h-tk-19992000-806-841.1.6.3,1999-10-14,Gortzak,nl.p.pvda,TG4,SW4,2,2,"Zij vindt het een gemiste kans dat het kabinet in het beknopte historische overzicht in de nota Toekomst in samenwerking van het koloniale verleden niet meer te melden heeft dan dat """"de band tussen Nederland, de Nederlandse Antillen en Aruba teruggaat tot in de 17de eeuw, en in de loop der eeuwen steeds veranderd is"""". || Ook inzicht in de mate waarin het verleden daar en hier nog voortleeft, en in de betekenis van het Antilliaanse erfgoed, draagt bij aan gelijkwaardiger verhoudingen.","Ook het doorwerken van koloniale verhoudingen en slavernij is nog steeds van betekenis. || Om het koloniale verleden definitief te overwinnen, een einde te maken aan de doorwerking ervan in het heden en de culturele verschillen in kaart te brengen, moeten Arubanen, Antillianen en Nederlanders er vrijmoedig over spreken.","She considers it a missed opportunity that the cabinet's brief historical overview in the document ""Future in Cooperation"" has nothing more to say about the colonial past than that ""the relationship between the Netherlands, the Dutch Antilles, and Aruba dates back to the 17th century and has changed over the centuries."" || Insight into the extent to which the past still lives on here and there, and the significance of the Antillean heritage, contributes to more equitable relationships.","The ongoing impact of colonial relations and slavery is still significant. || To definitively overcome the colonial past, to put an end to its ongoing effects in the present, and to map out cultural differences, Arubans, Antilleans, and Dutch people must speak openly about it."
nl.proc.ob.d.h-tk-19992000-1311-1363.1.8.224,1999-11-04,Netelenbos,,TG1,SW1,2,2,Wij vieren niet voor niets 400 jaar VOC. || Ik vind dat Nederland zijn traditionele deltafunctie moet behouden.,"Ik ben een groot voorstander van het ontsluiten van multimodale mainports voor weg, water en rail. || Laten wij doen waar wij goed in zijn, maar wel intelligent en schoon.",We are celebrating 400 years of the VOC for a reason. || I believe that the Netherlands should maintain its traditional delta function.,"I am a strong advocate for unlocking multimodal mainports for road, water, and rail. || Let us do what we are good at, but in an intelligent and clean way."
nl.proc.ob.d.h-tk-19992000-5683-5704.1.11.29,2000-06-20,Crone,nl.p.pvda,TG2,SW1,2,1,"Daar is Nederland mee ten onder gegaan na de Gouden Eeuw, want in de Gouden Eeuw investeerden wij wel en daarna gingen wij rentenieren. || Dat is de afweging die wij moeten maken.","De schuld moet omlaag, maar je moet ook investeren. Dat kan allebei.","That is how the Netherlands went under after the Golden Age, because during the Golden Age we invested, and afterwards we started living off interest. || That is the decision we need to make.","Debt needs to be reduced, but you also have to invest. Both can be done."
nl.proc.ob.d.h-tk-20002001-338-357.1.9.1,2000-09-28,Van Middelkoop,,TG1,SW1,2,2,"Dat was, geloof ik, een deel van onze faam in de Gouden Eeuw. || Nu aan ons de taak om met dit wetsvoorstel die deugd op een nieuwe en moderne wijze vorm te geven voor onze tijd.","Met dit wetsvoorstel begeven wij ons in het hart van een van onze nationale deugden, te weten die van reinheid en properheid van ons erf. || Nu aan ons de taak om met dit wetsvoorstel die deugd op een nieuwe en moderne wijze vorm te geven voor onze tijd.",I believe that was part of our fame in the Golden Age. || Now it is our task to shape this virtue in a new and modern way through this legislative proposal for our time.,"With this bill, we are delving into the heart of one of our national virtues, namely the cleanliness and tidiness of our heritage. || Now it is our task to shape this virtue in a new and modern way through this legislative proposal for our time."
nl.proc.ob.d.h-tk-20002001-387-430.1.9.53,2000-10-03,Van Beek,nl.p.vvd,TG1,SW1,1,3,", een bedrag voor ontwikkeling van ICT binnen het MKB en een bedrag van 8 mln.","voor de viering van 400 jaar VOC. Met het realiseren van eenmalige zaken via de Najaarsnota nemen wij een aanzienlijke druk weg in verband met de keuzen, te maken bij de Voorjaarsnota en de begrotingsbehandeling. || Met het realiseren van eenmalige zaken via de Najaarsnota nemen wij een aanzienlijke druk weg in verband met de keuzen, te maken bij de Voorjaarsnota en de begrotingsbehandeling. || , een bedrag voor ontwikkeling van ICT binnen het MKB en een bedrag van 8 mln.",a sum for the development of ICT within SMEs and an amount of 8 million.,"for the celebration of 400 years of the VOC. By implementing one-time measures through the Autumn Memorandum, we alleviate significant pressure regarding the choices to be made in the Spring Memorandum and the budget discussions. || By implementing one-time measures through the Autumn Memorandum, we alleviate significant pressure regarding the choices to be made in the Spring Memorandum and the budget discussions. || a sum for the development of ICT within SMEs and an amount of 8 million."
nl.proc.ob.d.h-tk-20002001-3596-3628.1.6.1,2001-02-07,Van der Vlies,nl.p.sgp,TG1,SW1,2,1,"Dat zijn factoren die in het geheel meer dan vroeger een rol spelen, zij het dat vroegtijdig schoolverlaten ook vroeger voorkwam. Een beroemd voorbeeld, dat ik vaker heb aangehaald, is Michiel de Ruyter. || Het hoeft niet altijd verkeerd uit te pakken.",Het hoeft niet altijd verkeerd uit te pakken.,"These are factors that play a larger role now than in the past, although early school dropout also occurred more frequently in earlier times. A famous example, which I have mentioned before, is Michiel de Ruyter. || It doesn't always have to turn out badly.",It doesn't always have to turn out badly.
nl.proc.ob.d.h-tk-20022003-1208-1227.1.8.5,2002-11-12,Duivesteijn,nl.p.pvda,TG2,SW1,2,2,"Dat betekent dat al die gezellige ornamentjes van de grachtengordel en de ruimte die daar gecreëerd wordt, vreemd genoeg in onze Gouden Eeuw niet op de Vinex gerealiseerd wordt. || Ik vind dat heel treurig.",Ik wil daarom een onafhankelijke toets instellen op de Vinex. || Ik ben een gelovige als het erom gaat dat we de burger weer het recht moeten teruggeven om te bouwen.,"This means that all those charming ornaments of the canal belt and the space created there, strangely enough, are not realized in our Golden Age in the Vinex. || I find that very sad.",I therefore want to establish an independent assessment on the Vinex. || I believe that we need to give citizens back the right to build.
nl.proc.ob.d.h-tk-20022003-3275-3313.1.8.1,2003-03-18,Marijnissen,nl.p.sp,TG1,SW1,2,2,In zijn speech refereerde hij terecht aan onze grote zeventiende-eeuwse denker en vader van het internationale recht Hugo de Groot. || De vraag dringt zich evenwel op of de Nederlandse regering handelt in de geest van Hugo de Groot wanneer zij steun toezegt aan een militaire aanval van de VS op Irak.,De vraag dringt zich evenwel op of de Nederlandse regering handelt in de geest van Hugo de Groot wanneer zij steun toezegt aan een militaire aanval van de VS op Irak. || Zij doen dat zonder de uitdrukkelijke toestemming van de Veiligheidsraad.,"In his speech, he rightly referred to our great seventeenth-century thinker and father of international law, Hugo Grotius. || The question arises whether the Dutch government is acting in the spirit of Hugo de Groot when it pledges support for a military attack by the US on Iraq.",The question arises whether the Dutch government is acting in the spirit of Hugo de Groot when it pledges support for a military attack by the US on Iraq. || They do that without the explicit permission of the Security Council.
nl.proc.ob.d.h-tk-20022003-3815-3859.1.7.95,2003-04-17,Donner,,TG1,SW1,2,2,"Het betreft een heel oude doctrine, die stamt uit de zeventiende eeuw en geleidelijk is ontwikkeld. || Dat is ook de reden waarom ik hier sta in verband met het onderzoek zoals het vóór die tijd gelopen is.","Zij houdt in dat bij het vertrek van de persoon de opvol-gende minister alsnog de verantwoordelijkheid neemt voor het handelen van het apparaat vóór die tijd. || Het gaat aan de ene kant om het vraagstuk van de ministeriële verantwoording dat inhoudt dat de minister zich niet kan verschuilen achter het feit dat anderen, het staatshoofd of ondergeschikten, hebben gehandeld.",It concerns a very old doctrine that dates back to the seventeenth century and has gradually developed. || That is also the reason why I am here regarding the research as it was conducted before that time.,"This means that upon the departure of the person, the succeeding minister will still take responsibility for the actions of the organization prior to that time. || On one hand, it concerns the issue of ministerial accountability, which means that the minister cannot hide behind the fact that others, such as the head of state or subordinates, have acted."
nl.proc.ob.d.h-tk-20032004-2805-2831.1.10.5,2003-12-18,Herben,nl.p.lpf,TG1,SW1,3,2,Het is niet denkbeeldig dat je een groot Europa krijgt waarin Brussel even ver van de randen is verwijderd als destijds Wenen van Nederland of van Madrid in de zestiende en zeventiende eeuw. || de eenheid verdwijnt en je krijgt weer verdeeldheid. || Je roept juist de geesten op die je wilt bezweren;,Het is niet denkbeeldig dat je een groot Europa krijgt waarin Brussel even ver van de randen is verwijderd als destijds Wenen van Nederland of van Madrid in de zestiende en zeventiende eeuw. || De subsidiariteit is een heel belangrijk punt voor de Lijst Pim Fortuyn.,It is not unimaginable that you could have a large Europe where Brussels is as far from the edges as Vienna was from the Netherlands or Madrid in the sixteenth and seventeenth centuries. || Unity disappears and you get division again. || You are calling upon the spirits you want to summon;,It is not unimaginable that you could have a large Europe where Brussels is as far from the edges as Vienna was from the Netherlands or Madrid in the sixteenth and seventeenth centuries. || Subsidiarity is a very important point for the Pim Fortuyn List.
nl.proc.ob.d.h-tk-20032004-5282-5297.1.13.19,2004-06-09,Balemans,nl.p.vvd,TG1,SW1,2,2,"Een van Nederlands grootste dichters Bredero moest het in de Gouden Eeuw ook zonder vaste boekenprijs doen. || De man was vaandrig en ontving uit dien hoofde een bescheiden inkomen, maar ook zonder die vaste boekenprijs was in de Gouden Eeuw het aanbod divers en wijd verspreid.","Als de prijs van een boek daalt door de onderlinge concurrentie, wordt weliswaar de winstmarge per boek kleiner maar worden naar alle waarschijnlijkheid meer boeken verkocht. || Waarom zou dat nu niet kunnen?","One of the Netherlands' greatest poets, Bredero, also had to manage without a fixed book price during the Golden Age. || The man was a standard-bearer and received a modest income as a result, but even without that fixed book price, the supply was diverse and widely distributed during the Golden Age.","If the price of a book decreases due to competition, the profit margin per book may be smaller, but it is likely that more books will be sold. || Why wouldn't that be possible now?"
nl.proc.ob.d.h-tk-20032004-6288-6306.1.6.1,2004-09-14,Heemskerk,nl.p.pvda,TG1,SW1,2,2,"Ook deze wet geeft geen garanties voor de toekomst, maar wel een krachtiger bescherming van consumenten. || De tulpenbollenmanie deed zich al voor in de Gouden Eeuw en er schijnen ook nu weer zaken mis te gaan bij handel in tulpen.","Helaas was die wet nodig, want wij hebben een groot aantal affaires meegemaakt: World on line, Ahold, UC Group, Parmalat, Legiolease en zo kan ik helaas nog wel eventjes doorgaan. || Ook deze wet geeft geen garanties voor de toekomst, maar wel een krachtiger bescherming van consumenten.","This law also does not provide guarantees for the future, but it does offer stronger protection for consumers. || The tulip bulb mania occurred during the Golden Age, and it seems that things are going wrong again in the trade of tulips.","Unfortunately, that law was necessary because we have experienced a large number of scandals: World Online, Ahold, UC Group, Parmalat, Legiolease, and I could unfortunately go on for a while. || This law also does not provide guarantees for the future, but it does offer stronger protection for consumers."
nl.proc.ob.d.h-tk-20042005-3231-3261.1.7.1,2005-02-22,Van der Ham,nl.p.d66,TG1,SW3,2,2,"laat dit land zo hard als het wil zich de Verenigde Provinciën noemen, ik ben ervan overtuigd dat er geen plek ter wereld is zo onverenigd als hier. || De vrijheid van denken was en is uitdrukkelijk niet bedoeld om zomaar alles te mogen doen.","In de tekst die wel wordt gezien als de geboorteakte van Nederland, het Plakkaat van Verlatinghe uit 1581, wordt die vrijheid expliciet als onze wezensgrond geformuleerd. || Nederland is een land waar je kunt zeggen wat je denkt.","Let this country call itself the United Provinces as hard as it wants, I am convinced that there is no place in the world as divided as here. || The freedom of thought was and is explicitly not meant to allow for just anything to be done.","In the text that is regarded as the birth certificate of the Netherlands, the Act of Abjuration from 1581, that freedom is explicitly formulated as our fundamental principle. || The Netherlands is a country where you can say what you think."
nl.proc.ob.d.h-tk-20042005-4665-4688.1.7.27,2005-04-26,Hamer,nl.p.pvda,TG1,SW3,2,2,"De oorspronkelijke Nederlandse cultuur is overigens ook een smeltkroes van culturen, bijvoorbeeld ontstaan in de zeventiende eeuw. || Voor mij gaat het gewoon om een reële vaststelling van het feit dat wij hier verschillende culturen hebben.","Wij willen kinderen met achtergronden van verschillende culturen bij elkaar brengen. || De oorspronkelijke Nederlandse cultuur is overigens ook een smeltkroes van culturen, bijvoorbeeld ontstaan in de zeventiende eeuw.","The original Dutch culture is also a melting pot of cultures, for example, emerging in the seventeenth century. || For me, it's simply about a realistic acknowledgment of the fact that we have different cultures here.","We want to bring together children from different cultural backgrounds. || The original Dutch culture is also a melting pot of cultures, for example, emerging in the seventeenth century."
nl.proc.ob.d.h-tk-20042005-5975-5992.1.6.1,2005-06-30,Van der Vlies,nl.p.sgp,TG1,SW1,2,2,"Er zijn voorbeelden te over van succesvolle wetenschappers die ook geworteld waren en zijn in de joods-christelijke traditie: én gelovig én wetenschapper. || Simon Stevin, een van de meest eminente geleerden die ons land heeft voortgebracht, deed in het begin van de zeventiende eeuw een cruciale ontdekking die tot de dag van vandaag ten grondslag ligt aan de sterkteleer in de bouw- en waterbouwkunde.","Nu dreigt echter een gevaar dat in de wetenschap en vooral in het onderwijs niet meer de ruimte en de vrijheid zullen bestaan om over alle concepten rond het ontstaan van de aarde inhoudelijk en ordenend, ultiem dus niet kleurloos en neutraal, te spreken. || Geef de scholen de ruimte om naar hun eigen inzichten een en ander over te dragen.","There are plenty of examples of successful scientists who were and are rooted in the Judeo-Christian tradition: both believers and scientists. || Simon Stevin, one of the most eminent scholars our country has produced, made a crucial discovery in the early seventeenth century that still underpins the theory of strength in civil and hydraulic engineering today.","However, there is now a danger that in science, and especially in education, there will no longer be the space and freedom to discuss all concepts regarding the origin of the Earth in a substantive and organized manner, ultimately not in a colorless and neutral way. || Give schools the space to convey things according to their own insights."
nl.proc.ob.d.h-tk-20052006-32-67.1.10.3,2005-09-21,Van der Vlies,nl.p.sgp,TG1,SW3,2,2,Op bladzijde 22 van de Miljoenennota wordt uitbundig gerefereerd aan de Gouden Eeuw als een succesvolle periode voor ons land. || Daarin werd de basis gelegd voor de spreekwoordelijke combinatie tussen de koopman en de dominee als de beide dragers van de Nederlandse staat en cultuur;,"Mensen die er meer dan gemiddeld verstand van hebben, wijzen vervolgens op trekken van onze historisch verankerde identiteit in de kenmerken: calvinistisch, tolerant, bereid tot overleg, gastvrij, vrijheidlievend, ongedisciplineerd en egoïstisch. || De prangende vraag is of de Nederlandse identiteit niet te zeer is veruitwendigd.",Page 22 of the Budget Memorandum exuberantly refers to the Golden Age as a successful period for our country. || This laid the foundation for the proverbial combination of the merchant and the preacher as the two pillars of the Dutch state and culture;,"People who have more than average knowledge point out aspects of our historically rooted identity in the characteristics: Calvinistic, tolerant, willing to negotiate, hospitable, freedom-loving, undisciplined, and selfish. || The pressing question is whether the Dutch identity has not been overly externalized."
nl.proc.ob.d.h-tk-20052006-32-67.1.5.139,2005-09-21,Van Aartsen,nl.p.vvd,TG1,SW3,2,2,"Dat zijn twee wereldsteden uit de zeventiende eeuw, allebei gebouwd door Nederlandse kolonisten, Nederlandse timmerlieden, Nederlandse ondernemingskracht en Nederlandse ondernemingszin. || Die energie en die ondernemingszin en die open blik op de wereld, zijn en blijven voor ons een model.","Dat zijn twee wereldsteden uit de zeventiende eeuw, allebei gebouwd door Nederlandse kolonisten, Nederlandse timmerlieden, Nederlandse ondernemingskracht en Nederlandse ondernemingszin. || Die energie en die ondernemingszin en die open blik op de wereld, zijn en blijven voor ons een model.","Those are two world cities from the seventeenth century, both built by Dutch colonists, Dutch carpenters, Dutch entrepreneurial spirit, and Dutch initiative. || That energy, entrepreneurial spirit, and open view of the world are and will remain a model for us.","Those are two world cities from the seventeenth century, both built by Dutch colonists, Dutch carpenters, Dutch entrepreneurial spirit, and Dutch initiative. || That energy, entrepreneurial spirit, and open view of the world are and will remain a model for us."
nl.proc.ob.d.h-tk-20052006-399-426.1.8.2,2005-10-05,Van der Vlies,nl.p.sgp,TG4,SW2,2,2,"Ik mag toch hopen dat de heer Blok niet alleen het aspect van de koopman gaat uitwerken, maar ook even bij de dominee terechtkomt. || De heer Blok neemt ons mee naar de Gouden Eeuw en veronderstelt dat wij daarin nu weer leven.","De heer Blok neemt ons mee naar de Gouden Eeuw en veronderstelt dat wij daarin nu weer leven. || Ik mag toch hopen dat de heer Blok niet alleen het aspect van de koopman gaat uitwerken, maar ook even bij de dominee terechtkomt.",I hope that Mr. Blok will not only focus on the merchant aspect but will also take a moment to consider the minister's perspective. || Mr. Blok takes us back to the Golden Age and suggests that we are now living in it again.,Mr. Blok takes us back to the Golden Age and suggests that we are now living in it again. || I hope that Mr. Blok will not only focus on the merchant aspect but will also take a moment to consider the minister's perspective.
nl.proc.ob.d.h-tk-20052006-399-426.1.8.4,2005-10-05,Van der Vlies,nl.p.sgp,TG3,SW1,3,3,wij moeten er wel aandacht voor hebben. || In de Gouden Eeuw was de armenzorg aan de kerken opgedragen. || Dat is nu anders;,"Maar naarmate de welvaart redelijker verdeeld is, is het pijnlijker dat er toch nog categorieën in onze samenleving zijn die er doorheen zakken. Daar zouden wij de verantwoordelijkheid voor moeten nemen. || Maar naarmate de welvaart redelijker verdeeld is, is het pijnlijker dat er toch nog categorieën in onze samenleving zijn die er doorheen zakken. || Daar zouden wij de verantwoordelijkheid voor moeten nemen.","We need to pay attention to it. || In the Golden Age, the care for the poor was entrusted to the churches. || That is different now;","But as wealth is distributed more fairly, it becomes more painful that there are still categories in our society that are falling through the cracks. We should take responsibility for that. || But as wealth is distributed more fairly, it becomes more painful that there are still categories in our society that are falling through the cracks. || We should take responsibility for that."
nl.proc.ob.d.h-tk-20052006-636-662.1.12.56,2005-10-12,Balkenende,,TG1,SW1,2,2,Het paleis is eigendom van de Staat en vormt een belangrijk cultuurhistorisch monument van vorstelijke behuizing uit de zeventiende eeuw. || Niet elke bestemming is zomaar mogelijk of wenselijk.,Hij zal alle stappen ondernemen die nodig zijn om tot een nieuwe bestemming te komen. || Vervolgens zullen ook de financiële kosten van mogelijke bestemmingen goed in kaart moeten worden gebracht alvorens een oordeel kan worden gegeven.,The palace is owned by the State and is an important cultural and historical monument of royal residence from the seventeenth century. || Not every destination is simply possible or desirable.,"He will take all the necessary steps to reach a new destination. || Next, the financial costs of potential destinations must also be thoroughly assessed before a judgment can be made."
nl.proc.ob.d.h-tk-20052006-1409-1427.1.8.43,2005-11-16,Szabó,nl.p.vvd,TG1,SW1,2,1,"Het zal de bewindslieden niet ontgaan zijn dat in 2007 de vierhonderdste geboortedag van Michiel de Ruyter wordt gevierd. || Ik vraag de bewindslieden om de Kamer te informeren over de activiteiten die worden ontplooid, al dan niet in samenwerking met hun collega's, om deze held in 2007 op gepaste wijze te herdenken.","Ik vraag de bewindslieden om de Kamer te informeren over de activiteiten die worden ontplooid, al dan niet in samenwerking met hun collega's, om deze held in 2007 op gepaste wijze te herdenken.","The ministers will not have missed that in 2007 the four hundredth birthday of Michiel de Ruyter is being celebrated. || I ask the ministers to inform the House about the activities being undertaken, whether in collaboration with their colleagues or not, to appropriately commemorate this hero in 2007.","I ask the ministers to inform the House about the activities being undertaken, whether in collaboration with their colleagues or not, to appropriately commemorate this hero in 2007."
nl.proc.ob.d.h-tk-20052006-1482-1506.1.8.70,2005-11-17,Kamp,,TG1,SW1,2,3,Op mijn kamer hangt een enorm portret van hem. || Die stichting zal met lokale instellingen tal van evenementen organiseren.,"Wij zullen in Vlissingen een feestelijke opening van het herdenkingsjaar organiseren. || Wij zullen ook tijdens de nationale vlootdagen in het jaar 2007 aandacht besteden aan de vierhonderdste geboortedag van deze van oorsprong marineman. || Wij zorgen voor een herdenkingslezing in de Nieuwe Kerk in Amsterdam, waar de graftombe van Michiel de Ruyter is.",In my room hangs a huge portrait of him. || The foundation will organize numerous events with local institutions.,"We will organize a festive opening of the memorial year in Vlissingen. || We will also pay attention to the four hundredth birthday of this originally naval man during the national fleet days in 2007. || We are organizing a memorial lecture at the Nieuwe Kerk in Amsterdam, where the tomb of Michiel de Ruyter is located."
nl.proc.ob.d.h-tk-20052006-1507-1516.1.10.11,2005-11-17,Szabó,nl.p.vvd,TG1,SW1,2,2,"Daaruit blijkt des temeer dat dit jubeljaar noodzakelijk is. || Ik dank de minister van Defensie voor zijn toezeggingen rond het jubeljaar 2007, wanneer wij de vierhonderdste geboortedag van Michiel de Ruyter vieren.","Ik dank de minister van Defensie voor zijn toezeggingen rond het jubeljaar 2007, wanneer wij de vierhonderdste geboortedag van Michiel de Ruyter vieren. || Ik ga er ook van uit dat de staatssecretaris eind 2007 het gevecht aangaat om het schilderij op zijn kamer op te hangen.","This clearly shows that this jubilee year is necessary. || I thank the Minister of Defence for his commitments regarding the jubilee year 2007, when we celebrate the four hundredth birthday of Michiel de Ruyter.","I thank the Minister of Defence for his commitments regarding the jubilee year 2007, when we celebrate the four hundredth birthday of Michiel de Ruyter. || I also assume that the secretary of state will take on the challenge of hanging the painting in his office by the end of 2007."
nl.proc.ob.d.h-tk-20052006-1507-1516.1.14.2,2005-11-17,Van der Staaij,nl.p.sgp,TG1,SW1,2,1,"Dat is ook de les die wij moeten trekken uit het verleden: willen wij op niveau functioneren en een rol van betekenis spelen, zal er geld geïnvesteerd moeten worden. || Zij naam was allang in de vergetelheid geraakt als jaar in jaar uit op het budget voor zijn vloot zou zijn bezuinigd.","Dat is ook de les die wij moeten trekken uit het verleden: willen wij op niveau functioneren en een rol van betekenis spelen, zal er geld geïnvesteerd moeten worden.","That is also the lesson we must learn from the past: if we want to function at a high level and play a significant role, money will need to be invested. || Her name had long been forgotten as year after year the budget for his fleet was cut.","That is also the lesson we must learn from the past: if we want to function at a high level and play a significant role, money will need to be invested."
nl.proc.ob.d.h-tk-20052006-1507-1516.1.14.3,2005-11-17,Herben,nl.p.lpf,TG2,SW1,1,1,Ik meen dat de grootheid van Michiel de Ruyter nu juist daarin was gelegen dat hij op pad ging met te weinig middelen.,Ik meen dat de grootheid van Michiel de Ruyter nu juist daarin was gelegen dat hij op pad ging met te weinig middelen.,I believe that the greatness of Michiel de Ruyter lay precisely in the fact that he set out with too few resources.,I believe that the greatness of Michiel de Ruyter lay precisely in the fact that he set out with too few resources.
nl.proc.ob.d.h-tk-20052006-1507-1516.1.14.5,2005-11-17,Szabó,nl.p.vvd,TG1,SW1,1,2,Het mooie aan het voorbeeld van Michiel de Ruyter is dat hij eigenlijk in dezelfde positie zat als wij nu en dat het aan de eind van de dag allemaal goed is gekomen.,Het is waar dat hij zich vaak gedwongen zag om de Staten-Generaal om meer geld te vragen. || Het mooie aan het voorbeeld van Michiel de Ruyter is dat hij eigenlijk in dezelfde positie zat als wij nu en dat het aan de eind van de dag allemaal goed is gekomen.,"The beauty of the example of Michiel de Ruyter is that he was actually in the same position as we are now, and in the end, everything turned out well.","It is true that he often felt compelled to ask the States General for more money. || The beauty of the example of Michiel de Ruyter is that he was actually in the same position as we are now, and in the end, everything turned out well."
nl.proc.ob.d.h-tk-20062007-233-268.1.6.14,2006-09-27,Rutte,nl.p.vvd,TG1,SW3,2,2,"De gouden eeuw werd niet van goud omdat wij wereldkampioen bedijken waren, maar omdat wij heersten op de zee. || Die dubbelheid zit er altijd in, die hoort bij ons Nederlanders.","Niemand beschermt zich zo goed tegen het water als wij, de dijkenbouwers. || Daar kunnen wij minstens zo trots op zijn.","The Golden Age was not made of gold because we were world champions in diking, but because we ruled the seas. || That duality is always there; it’s part of us Dutch people.","No one protects themselves against water as well as we do, the dike builders. || We can be just as proud of that."
nl.proc.ob.d.h-tk-20062007-272-294.1.8.76,2006-09-28,Halsema,nl.p.gl,TG4,SW2,2,2,Daar is namelijk nog wel het een en ander op af te dingen. || Wilt u echt met mij in discussie gaan over de prestaties van de VOC?,"Ik wil graag optimistisch zijn, maar daarvoor moeten u en uw kabinet dan wel plaatsmaken. || U claimt succes op het terrein van de werkgelegenheid.",There are still some points to be made against that. || Do you really want to debate with me about the performance of the VOC?,"I would like to be optimistic, but for that, you and your cabinet need to make way. || You claim success in the area of employment."
nl.proc.ob.d.h-tk-20062007-294-351.1.14.1,2006-09-28,Van der Vlies,nl.p.sgp,TG1,SW3,3,3,Maar het ging in de achttiende eeuw fout met de VOC en alle pendanten toen de kooplieden hun plaats hadden moeten inruimen voor de renteniers. || Maar het ging in de achttiende eeuw fout met de VOC en alle pendanten toen de kooplieden hun plaats hadden moeten inruimen voor de renteniers. Laat dat een les zijn. Daarom zeg ik: de schouders eronder. || Een fascinerend elan.,"Laat dat een les zijn. Daarom zeg ik: de schouders eronder. || Maar, op de gezette tijden, de handen alstublieft ook gevouwen. || Laat dat een les zijn.","But in the eighteenth century, things went wrong with the VOC and all its counterparts when the merchants had to make way for the bondholders. || But in the eighteenth century, things went wrong with the VOC and all its counterparts when the merchants had to make way for the bondholders. Let that be a lesson. That's why I say: put your shoulders to the wheel. || A fascinating momentum.","Let that be a lesson. That's why I say: put your shoulders to the wheel. || But, at the designated times, please also fold your hands. || Let that be a lesson."
nl.proc.ob.d.h-tk-20062007-294-351.1.17.6,2006-09-28,Van Oudenallen,nl.p.groepvanoudenallen,TG1,SW1,4,2,De VOC heeft namelijk veel goeds gebracht. Amsterdam heeft al zijn prachtige huizen onder andere te danken aan de ondernemers van de zeventiende eeuw en aan de handelsreizigers. || Amsterdam heeft al zijn prachtige huizen onder andere te danken aan de ondernemers van de zeventiende eeuw en aan de handelsreizigers. || overwegende:  - dat Nederland groot is geworden door haar handel overzee; || De VOC heeft namelijk veel goeds gebracht.,"- wanneer uit het Amsterdamse onderzoek en het tweede CPB-onderzoek blijkt dat de vervoersprognoses dusdanig zijn dat een tweede zeesluis eerder noodzakelijk is dan tot nu toe is verondersteld, ogenblikkelijk te starten met de verkenningsfase om te zien of spoedopname in het MIT dient plaats te vinden, een en ander in overleg met de regionale bestuurders, zodat zij de overeengekomen financiële bijdrage kunnen zoeken, || De VOC heeft namelijk veel goeds gebracht.",The VOC has indeed brought a lot of good. Amsterdam owes many of its beautiful houses to the entrepreneurs of the seventeenth century and to the traders. || Amsterdam owes many of its beautiful houses to the entrepreneurs of the seventeenth century and to the traveling merchants. || considering: - that the Netherlands has grown due to its overseas trade; || The VOC has indeed brought a lot of good.,"- when the Amsterdam research and the second CPB study show that the transport forecasts indicate that a second sea lock is necessary sooner than previously assumed, to immediately start the exploratory phase to see if urgent admission to the MIT should take place, all in consultation with the regional authorities, so that they can seek the agreed financial contribution, || The VOC has indeed brought a lot of good."
nl.proc.ob.d.h-tk-20062007-294-351.1.8.13,2006-09-28,Marijnissen,nl.p.sp,TG4,SW2,2,2,"Ik vond het wel grappig dat de minister-president in zijn euforie over de prestaties van zijn kabinet op enig moment uitriep – ik dacht aan het adres van mevrouw Halsema – denk toch eens in de geest van de VOC! || Zo hebt u het misschien bedoeld, maar het kan zo raar overkomen van een premier, ook in het buitenland.","Ik moet de minister-president toch even bijpraten, geloof ik. || Indonesië kan u daar alles over vertellen, minister-president.","I found it quite amusing that the prime minister, in his euphoria over the achievements of his cabinet, at one point exclaimed – I believe directed at Ms. Halsema – ""Just think in the spirit of the VOC!"" || You may have meant it that way, but it can come across as strange from a prime minister, even abroad.","I think I need to catch the Prime Minister up a bit. || Indonesia can tell you all about that, Prime Minister."
nl.proc.ob.d.h-tk-20062007-294-351.1.9.1,2006-09-28,Rutte,nl.p.vvd,TG4,SW2,1,1,Hij zal daar ook zelf nog heen moeten om te weten dat Suriname tot de Verenigde West-Indische Compagnie behoorde en niet tot de Verenigde Oost-Indische Compagnie.,Hij zal daar ook zelf nog heen moeten om te weten dat Suriname tot de Verenigde West-Indische Compagnie behoorde en niet tot de Verenigde Oost-Indische Compagnie.,He will also need to go there himself to know that Suriname belonged to the Dutch West India Company and not to the Dutch East India Company.,He will also need to go there himself to know that Suriname belonged to the Dutch West India Company and not to the Dutch East India Company.
nl.proc.ob.d.h-tk-20062007-294-351.1.9.2,2006-09-28,Marijnissen,nl.p.sp,TG4,SW2,2,1,"Dus als de minister-president de VOC aanhaalt en spreekt over die tijd, kunnen wij daarna ook een West-Indische Compagnie verwachten. || Het gaat om de mentaliteit die daarachter zit.",Ik zal het nog één keer zeggen.,"So if the Prime Minister references the VOC and talks about that era, can we also expect a mention of the West India Company afterwards? || It's about the mentality behind it.",I will say it one more time.
nl.proc.ob.d.h-tk-20062007-835-851.1.9.13,2006-10-17,Szabó,nl.p.vvd,TG1,SW1,2,2,"Welke bijdrage heeft het kabinet over voor een grondige en serieuze restauratie van het standbeeld van misschien wel onze grootste held? || Vorig jaar heb ik mijn inbreng in eerste termijn bij de behandeling van de begroting afgesloten met het volgende citaat: """"Het zal u niet ontgaan zijn dat in 2007 de 400ste geboortedag van Michiel de Ruyter wordt gevierd.",Beter gezegd: ik heb fysiek tegen het beeld van deze held in Vlissingen aangeleund omdat hij bijkans van zijn sokkel afrot. || Welke bijdrage heeft het kabinet over voor een grondige en serieuze restauratie van het standbeeld van misschien wel onze grootste held?,"What contribution does the cabinet have for a thorough and serious restoration of the statue of perhaps our greatest hero? || Last year, I concluded my initial contribution during the budget discussion with the following quote: ""You may have noticed that in 2007, we will celebrate the 400th anniversary of Michiel de Ruyter's birth.""",Better said: I physically leaned against the statue of this hero in Vlissingen because he is almost toppling off his pedestal. || What contribution does the cabinet have for a thorough and serious restoration of the statue of perhaps our greatest hero?
nl.proc.ob.d.h-tk-20062007-897-919.1.10.1,2006-10-18,Bakker,nl.p.d66,TG3,SW2,1,2,"Misschien had de minister zijn inspiratie hiervoor gevonden in de oude VOC-mentaliteit, maar mijn idee van globaliseren is meer van openheid en vooruitgang en niet van protectionisme en nationalisme.","Misschien had de minister zijn inspiratie hiervoor gevonden in de oude VOC-mentaliteit, maar mijn idee van globaliseren is meer van openheid en vooruitgang en niet van protectionisme en nationalisme. || Gelukkig was er toen nog de oude baas van de minister, minister van Financiën Zalm, die hem op dit punt weer tijdig binnen de teugels hield.","Perhaps the minister found his inspiration for this in the old VOC mentality, but my idea of globalization is more about openness and progress, not protectionism and nationalism.","Perhaps the minister found his inspiration for this in the old VOC mentality, but my idea of globalization is more about openness and progress, not protectionism and nationalism. || Fortunately, there was still the old boss of the minister, Finance Minister Zalm, who kept him in check on this point just in time."
nl.proc.ob.d.h-tk-20062007-942-969.1.11.1,2006-10-18,Szabó,nl.p.vvd,TG1,SW1,2,2,Ik ben ook ongelooflijk blij met het feit dat onze grote held Michiel de Ruyter de komende jaren niet van zijn sokkel zal rotten. || Het is goed dat de minister van Defensie deze toezegging heeft gedaan.,"Het is goed dat de minister van Defensie deze toezegging heeft gedaan. || Ik denk dat ik heel Zeeland blij heb gemaakt, ook al heb ik daar niets te zoeken.",I am also incredibly happy that our great hero Michiel de Ruyter will not rot on his pedestal in the coming years. || It is good that the Minister of Defense has made this commitment.,"It is good that the Minister of Defense has made this commitment. || I think I have made all of Zeeland happy, even though I have no business being there."
nl.proc.ob.d.h-tk-20062007-942-969.1.6.69,2006-10-18,Kamp,,TG1,SW1,2,2,"In dat licht schenken wij speciale aandacht aan zijn 400ste geboortedag. || Het is een bijzondere figuur, zeker vanuit het defensieperspectief.","De financiële middelen moeten wij daarvoor dan maar vinden. || Het verzoek van de heer Szabó dat het ministerie zich actief, meer nog dan tot nu toe, moet bemoeien met het opknappen van het beeld, wil ik daarom inwilligen.","In this light, we pay special attention to his 400th birthday. || It is a remarkable figure, especially from a defense perspective.","We will have to find the financial resources for that. || I would like to grant Mr. Szabó's request that the ministry should actively, even more than it has so far, get involved in improving the image."
nl.proc.ob.d.h-tk-20062007-1002-1048.1.10.1,2006-10-19,Koenders,nl.p.pvda,TG4,SW2,1,1,Ik laat de ongelukkige vergelijking met de VOC maar even achterwege.,"Mijn fractie vindt dat de regering in die march of folly onvoldoende tegenwicht biedt, te volgend is en te weinig met de borst vooruit gaat.",I'll set aside the unfortunate comparison with the VOC for now.,"My party believes that the government does not provide enough counterbalance in that march of folly, is too compliant, and does not stand up strongly enough."
nl.proc.ob.d.h-tk-20062007-973-1000.1.12.1,2006-10-19,Irrgang,nl.p.sp,TG4,SW2,2,3,"Dat zal waarschijnlijk diezelfde VOC-mentaliteit zijn. Daar zijn zij in Indonesië niet blij mee, denk ik. || Dan zult u zien dat het geen vrijhandel was.",daar is ons land groot mee geworden. Dat zal waarschijnlijk diezelfde VOC-mentaliteit zijn. || Het siert ons niet. || De staatssecretaris sprak over vrijhandel;,That is probably the same VOC mentality. I don't think they are happy about that in Indonesia. || Then you will see that it was not free trade.,That is how our country has grown large. It is probably that same VOC mentality. || It does not suit us. || The secretary of state spoke about free trade;
nl.proc.ob.d.h-tk-20062007-973-1000.1.17.3,2006-10-19,Van Gennip,,TG1,SW4,2,2,De VOC staat voor het eerste gedeelde risico voor verschillende ondernemers en een prachtige financiering. || Mijn tweede termijn bij deze begrotingsbehandeling is te kort om afstand te nemen van welk onderdeel dan ook van de VOC.,Ik ben het met de heer Irrgang eens dat er toen een aantal dingen zijn gebeurd waar wij niet trots op zijn. || Er zijn toen echter ook veel dingen gebeurd waar wij wel trots op zijn.,The VOC represents the first shared risk for various entrepreneurs and a wonderful financing opportunity. || My second term in this budget discussion is too short to distance myself from any part of the VOC.,"I agree with Mr. Irrgang that there were a number of things that happened back then that we are not proud of. || However, many things happened back then that we are proud of."
nl.proc.ob.d.h-tk-20062007-2317-2328.1.9.4,2007-01-31,Zalm,,TG1,SW1,2,2,"Het betalen aan de gemeenschap voor gemeenschappelijke voorzieningen is dus altijd als de zwaarste plicht gezien. Vandaar ook de bijzondere positie van de Belastingdienst als niet alle schuldeisers betaald kunnen worden. || Zo was het in de zeventiende eeuw in Enkhuizen, de gemeente waar ik vandaan kom, normaal dat een belastingontduiker op zijn hoofd werd gebrandmerkt.",Vandaar ook de bijzondere positie van de Belastingdienst als niet alle schuldeisers betaald kunnen worden. || Ik wil daaraan vasthouden.,"Paying the community for shared facilities is therefore always seen as the most significant obligation. This is also why the Tax Authority holds a special position when not all creditors can be paid. || In the seventeenth century in Enkhuizen, the municipality I come from, it was common for a tax evader to be branded on the head.",Hence the special position of the Tax Authority when not all creditors can be paid. || I want to hold on to that.
nl.proc.ob.d.h-tk-20062007-2369-2373.1.5.7,2007-02-06,Veerman,,TG1,SW2,1,2,"Ik pas deze toe zoals hij toegepast dient te worden, zolang als mijn ogen open zijn, om met Michiel de Ruyter te spreken.","Ik pas deze toe zoals hij toegepast dient te worden, zolang als mijn ogen open zijn, om met Michiel de Ruyter te spreken. || Er mag van mij worden gevraagd om de andere lidstaten daar krachtig op te attaqueren en dat zal ook gebeuren.","I apply this as it should be applied, as long as my eyes are open, to speak with Michiel de Ruyter.","I apply this as it should be applied, as long as my eyes are open, to speak with Michiel de Ruyter. || I can be asked to strongly confront the other member states on that, and that will happen."
nl.proc.ob.d.h-tk-20062007-2634-2731.1.5.3,2007-03-01,Van Geel,nl.p.cda,TG1,SW1,2,2,De windhandel in tulpenbollen in de zeventiende eeuw waarschuwt ons voor lichtzinnig handelen en roept op tot degelijkheid. || In de zestiende en zeventiende eeuw werd het land verscheurd door vele godsdienstige en andere twisten.,"Kortom: het tulpmodel staat voor een Nederland dat bloeiend, maar stevig geworteld vanuit traditie en kracht de wereld tegemoet treedt. || Dat betekent wel dat het kabinet maatschappelijk overleg moet aangaan met concrete doelen die moeten worden uitgewerkt.","The trade in tulip bulbs in the seventeenth century warns us against frivolous behavior and calls for reliability. || In the sixteenth and seventeenth centuries, the country was torn apart by many religious and other conflicts.","In short: the tulip model represents a Netherlands that approaches the world flourishing, yet firmly rooted in tradition and strength. || This does mean that the cabinet must engage in social consultation with concrete goals that need to be developed."
nl.proc.ob.d.h-tk-20062007-3493-3511.1.10.1,2007-04-19,Bosma,nl.p.pvv,TG2,SW1,1,2,In ons plan voor een nieuwe gouden eeuw stelt de Partij voor de Vrijheid voor om maar liefst 16 mld.,In ons plan voor een nieuwe gouden eeuw stelt de Partij voor de Vrijheid voor om maar liefst 16 mld. || Een overheid die veel minder geld uitgeeft kan de belastingen flink verlagen.,"In our plan for a new golden age, the Party for Freedom proposes to allocate no less than 16 billion.","In our plan for a new golden age, the Party for Freedom proposes to allocate no less than 16 billion. || A government that spends much less money can significantly lower taxes."
nl.proc.ob.d.h-tk-20062007-4736-4783.1.7.1,2007-06-27,Ten Broeke,nl.p.vvd,TG2,SW2,2,2,"Wat ons betreft staan deze woorden tegenwoordig voor vrijheid, ondernemerschap en eerlijke concurrentie. || Het was de heer Balkenende zelf die hier ooit op hoge toon riep meer VOC te willen zien.","Hebt u even zitten slapen, mijnheer Balkenende? || Wij dagen de premier uit om ons vandaag uitleg te geven en ons ervan te overtuigen dat wat nu voorligt niet strijdig is met die open en eerlijke handelsgeest die het wezen van het Europese succes weerspiegelt.","For us, these words now represent freedom, entrepreneurship, and fair competition. || It was Mr. Balkenende himself who once called out loudly for more VOC to be seen.","Have you been dozing off, Mr. Balkenende? || We challenge the prime minister to explain to us today and convince us that what is currently on the table is not in conflict with the open and honest spirit of trade that reflects the essence of European success."
nl.proc.ob.d.h-tk-20062007-5260-5319.1.4.55,2007-09-06,Wilders,nl.p.pvv,TG2,SW3,2,2,"De tweede werd in 1683 bij Wenen gestopt. Laten wij ervoor zorgen dat de derde islamitische invasie die nu volop gaande is, tot stilstand wordt gebracht. || Als wij de islamisering niet stoppen, zijn Eurabië en Nederrabië slechts een kwestie van tijd.","De islam is het paard van Troje in Europa. || Zij hebben genoeg van die hoofddoekjes, van die boerka's, van dat ritueel slachten van dieren, van eerwraak, van schallende minaretten en krijsende imams, van vrouwenbesnijdenis, van maagdenvlieshersteloperaties, van de mishandeling van homo's, van het Turks en Arabisch in de bus en de trein en de folders op het gemeentehuis, van dat hallalvlees bij Albert Heijn en van El HEMA, van de shariatestamenten en de shariahypotheken van Wouter Bos en van de enorme oververtegenwoordiging van moslims in de misdaad, zoals de Marokkaanse straatterroristen.","The second was halted in 1683 near Vienna. Let us ensure that the third Islamic invasion, which is currently underway, is brought to a stop. || If we do not stop the Islamization, Eurabia and Nederabia are just a matter of time.","Islam is the Trojan horse in Europe. || They are fed up with those headscarves, those burqas, the ritual slaughter of animals, honor killings, loud minarets and screaming imams, female genital mutilation, hymen restoration surgeries, the abuse of homosexuals, Turkish and Arabic in the bus and train and the brochures at the town hall, that halal meat at Albert Heijn and El HEMA, the sharia wills and sharia mortgages from Wouter Bos, and the enormous overrepresentation of Muslims in crime, such as Moroccan street terrorists."
nl.proc.ob.d.h-tk-20072008-2953-2979.1.6.1,2007-12-18,Marijnissen,nl.p.sp,TG3,SW1,2,12,"Ik geloof niet dat een parlementair democratisch systeem, zoals in Nederland bestaat, in een gefingeerde staat als Afghanistan zomaar geïmplementeerd kan worden. || ik ga het kabinet niet ondervragen over de mensenrechten in Nederland in de zestiende of zeventiende eeuw, of in de veertiende of vijftiende eeuw.","van mening dat overeenkomstig de met de NAVO gemaakte afspraken de Nederlandse deelname aan de Task Force Uruzgan per 1 augustus 2008 moet worden beëindigd, || De """"wereldgemeenschap"""" ging naar Afghanistan na de aanslagen op het World Trade Center in New York op 11 september 2001. || Van opbouw in dit deel van Afghanistan is bijna geen sprake. || Ik geloof niet dat een parlementair democratisch systeem, zoals in Nederland bestaat, in een gefingeerde staat als Afghanistan zomaar geïmplementeerd kan worden. || De veiligheid in Nederland zou gediend zijn met de oorlog in Afghanistan. || Ik heb meerdere woordvoerders, van de coalitiefracties en van andere partijen, gehoord die zeiden dat het een ramp voor de NAVO is als Nederland weggaat uit Afghanistan. || Er mag dan binnenkort in Boekarest over gesproken worden, de vraag is wat Nederland in Afghanistan te zeggen heeft. || In Afghanistan gaat het toch om de oorlog van de Verenigde Staten en Nederland neemt daarnaast deel aan ISAF? || Hoe kan dan verklaard worden dat als het om de maakbaarheid van Afghanistan gaat, men ineens zo optimistisch is, terwijl wij daar te maken hebben met een tribale samenleving en met een land dat tot op het bot is verdeeld? || De SP-fractie zegt niet dat Nederland Afghanistan in de steek moet laten. || , zo te investeren in Noord- en West-Afghanistan. || Als wij in staat zijn om daar woningbouw te plegen, waterleidingen aan te leggen voor schoon drinkwater, zorg te realiseren en infrastructuur aan te leggen, kunnen wij de mensen in Afghanistan met hun achtergrond bewijzen dat de moderniteit hun iets te bieden heeft aan zekerheid, welvaart en welzijn.","I don't believe that a parliamentary democratic system, like the one in the Netherlands, can simply be implemented in a fictitious state like Afghanistan. || I will not question the cabinet about human rights in the Netherlands in the sixteenth or seventeenth century, or in the fourteenth or fifteenth century.","of the opinion that, in accordance with the agreements made with NATO, the Dutch participation in the Task Force Uruzgan should be terminated as of August 1, 2008, || The ""international community"" went to Afghanistan after the attacks on the World Trade Center in New York on September 11, 2001. || There is hardly any development in this part of Afghanistan. || I don't believe that a parliamentary democratic system, like the one in the Netherlands, can simply be implemented in a fictitious state like Afghanistan. || The safety in the Netherlands would be served by the war in Afghanistan. || I have heard several spokespersons from the coalition parties and other parties say that it would be a disaster for NATO if the Netherlands withdraws from Afghanistan. || While it may soon be discussed in Bucharest, the question is what the Netherlands has to say about Afghanistan. || In Afghanistan, it's really about the war of the United States, and the Netherlands is also participating in ISAF? || How can it be explained that when it comes to the feasibility of Afghanistan, people suddenly become so optimistic, while we are dealing with a tribal society and a country that is deeply divided? || The SP faction does not say that the Netherlands should abandon Afghanistan. || to invest in North and West Afghanistan. || If we are able to build housing there, lay water pipes for clean drinking water, provide healthcare, and develop infrastructure, we can show the people in Afghanistan, given their background, that modernity has something to offer them in terms of security, prosperity, and well-being."
nl.proc.ob.d.h-tk-20072008-3146-3159.1.8.11,2008-01-15,Poppe,nl.p.sp,TG1,SW1,2,2,"Dat zou betekenen dat alle steden in Nederland met een zeventiende-eeuwse binnenstad, zoals Amsterdam, Gouda, Alkmaar of Maastricht, niet meer van deze tijd zouden zijn en gesloopt moeten worden. || Er zijn helemaal geen kwalitatieve problemen.","Het is mijn fractie een doorn in het oog dat de bewoners van dit soort woningen weinig tot niets in te brengen hebben, te meer omdat zij vaak zeggen dat zij helemaal niet ongeschikt wonen, maar graag in de woningen willen blijven. || De SP-fractie stelt voor dat die 70% eerst onderzocht moet worden.","That would mean that all cities in the Netherlands with a seventeenth-century city center, such as Amsterdam, Gouda, Alkmaar, or Maastricht, would no longer be of this time and should be demolished. || There are no quality issues at all.","It is a thorn in my party's side that the residents of these types of homes have little to say, especially since they often claim that they are not living in unsuitable conditions and would like to stay in their homes. || The SP faction proposes that the 70% should be investigated first."
nl.proc.ob.d.h-tk-20072008-3328-3383.1.10.19,2008-01-23,Willemse-van der Ploeg,nl.p.cda,TG1,SW1,1,2,"Zoals Vincent Depaul, die in de zeventiende eeuw in de sloppenwijken van Parijs werkte, al zei: """"er is liefde genoeg, alleen slecht georganiseerd"""".","Bij de voorbereiding van deze bijdrage heb ik mij regelmatig afgevraagd hoe wij de zorg en de bereidheid tot helpen van mensen beter kunnen activeren. || Heeft het kabinet ideeën om de zorgbereidheid die er in de samenleving is, samen met het maatschappelijk middenveld en het bedrijfsleven nog meer te benutten?","As Vincent de Paul, who worked in the slums of Paris in the seventeenth century, said: ""There is enough love, only poorly organized.""","In preparing this contribution, I have often wondered how we can better activate people's care and willingness to help. || Does the cabinet have ideas to further utilize the willingness to care that exists in society, together with civil society and the business community?"
nl.proc.ob.d.h-tk-20072008-3328-3383.1.11.54,2008-01-23,Agema,nl.p.pvv,TG2,SW1,1,1,Dat is ons plan voor een nieuwe Gouden Eeuw.,Dat is ons plan voor een nieuwe Gouden Eeuw.,That is our plan for a new Golden Age.,That is our plan for a new Golden Age.
nl.proc.ob.d.h-tk-20072008-6115-6150.1.6.78,2008-05-22,Rutte,nl.p.vvd,TG4,SW2,5,2,"Hij heeft het over een VOC-mentaliteit. Die kan hij niet per interview afdwingen. || Hoezo VOC-mentaliteit, als de coalitie los zand is, vol inconsistenties en zo veel hulptroepen aan externen nodig heeft om enigszins overeind te blijven? || Hoezo VOC-mentaliteit als de minister-president niet eens de telefoon wil opnemen als de president van De Nederlandsche Bank belt om te bemiddelen tussen ABN AMRO en ING? || Hoezo VOC-mentaliteit als het door de minister-president geleide innovatieplatform blijft steken in vage yoghurt en ook de Algemene Rekenkamer zegt dat er geen probleemanalyse is en er geen doelstellingen zijn? || Hoezo VOC-mentaliteit als de eerste verantwoordingsbrief volstrekt zonder inspiratie en onleesbaar is geschreven?",Dit gebrek aan leiderschap raakt ook de minister-president. || Hoezo VOC-mentaliteit als het door de minister-president geleide innovatieplatform blijft steken in vage yoghurt en ook de Algemene Rekenkamer zegt dat er geen probleemanalyse is en er geen doelstellingen zijn?,"He is talking about a VOC mentality. He cannot enforce that with every interview. || How can there be a VOC mentality when the coalition is like loose sand, full of inconsistencies and needing so much external support to stay somewhat afloat? || How can there be a VOC mentality when the prime minister won't even pick up the phone when the president of De Nederlandsche Bank calls to mediate between ABN AMRO and ING? || How can we talk about a VOC mentality when the innovation platform led by the Prime Minister is stuck in vague nonsense, and the Court of Audit also states that there is no problem analysis and no objectives? || How can there be a VOC mentality when the first accountability letter is written completely without inspiration and is unreadable?","This lack of leadership also affects the prime minister. || How can we talk about a VOC mentality when the innovation platform led by the Prime Minister is stuck in vague nonsense, and the Court of Audit also states that there is no problem analysis and no objectives?"
nl.proc.ob.d.h-tk-20082009-483-512.1.9.1,2008-10-01,Koşer Kaya,nl.p.d66,TG1,SW2,2,2,"verlicht, de staatsschuld wordt afgelost en het laagste niveau van de schuld wordt bereikt sinds de stand daarvan wordt bijgehouden. || Wist u trouwens dat destijds de schuld zo hoog was omdat de VOC failliet ging?","Minister Bos, uiterlijk scoort u. || Wist u trouwens dat destijds de schuld zo hoog was omdat de VOC failliet ging?","The national debt is being reduced, reaching the lowest level since records began. || Did you know that back then the debt was so high because the VOC went bankrupt?","Minister Bos, you score at the latest. || Did you know that back then the debt was so high because the VOC went bankrupt?"
nl.proc.ob.d.h-tk-20082009-933-959.1.10.1,2008-10-22,Graus,nl.p.pvv,TG2,SW1,2,2,"Ondertussen bouwt de PVV-fractie verder aan een schip waarop met grote letters prijkt: """"een nieuwe gouden eeuw"""". || Vooral de door ons voorgestelde belastingverlaging en lastenverlichting zullen het hart van dit schip vormen en betere tijden doen herleven.","Wij hebben een tegenbegroting ingediend, goedgekeurd door het CPB met lastenverlichting, zowel financieel als administratievelastenverlichting. || De PVV wil minder geld voor linkse hobby's, zoals de maffe Vogelaarwijken of onzinnige ontwikkelingshulp.","Meanwhile, the PVV faction is continuing to build a ship that prominently displays the words: ""a new golden age."" || Especially the tax cuts and relief we propose will be the heart of this ship and bring better times back to life.","We have submitted a counter-budget, approved by the CPB, with tax relief, both in terms of financial burdens and administrative burdens. || The PVV wants less money for leftist hobbies, such as the ridiculous Vogelaar neighborhoods or pointless development aid."
nl.proc.ob.d.h-tk-20082009-2498-2507.1.7.1,2008-11-26,Vos,nl.p.pvda,TG1,SW1,1,2,"Dat is erg lastig voor bedrijven die, indachtig de Nederlandse handelsgeest – de VOC, weet u wel – veel zaken doen met buitenlandse toeleveranciers.","Het zou mooi zijn als wij in vervolg op dit wetsvoorstel ook komen tot een helder kader voor de vormvereisten voor digitale facturen, zodat die ook als bewijsstukken kunnen dienen voor de Belastingdienst. || Dat is erg lastig voor bedrijven die, indachtig de Nederlandse handelsgeest – de VOC, weet u wel – veel zaken doen met buitenlandse toeleveranciers.","That is very difficult for companies that, in keeping with the Dutch trading spirit – the VOC, you know – do a lot of business with foreign suppliers.","It would be great if we could establish a clear framework for the formal requirements for digital invoices following this legislative proposal, so that they can also serve as evidence for the tax authorities. || That is very difficult for companies that, in keeping with the Dutch trading spirit – the VOC, you know – do a lot of business with foreign suppliers."
nl.proc.ob.d.h-tk-20082009-6487-6508.1.12.1,2009-05-13,Van der Staaij,nl.p.sgp,TG3,SW1,2,2,Met de groene zeep van Michiel de Ruyter – zelfs deze suggestie kwam ik tegen – zijn in het verleden naar het schijnt goede effecten geboekt. || Ik waag te betwijfelen of dit in de huidige tijd nog opgaat.,"Kan er voor dit soort suggesties die behalve technische ook financiële en juridische vragen kunnen oproepen, een loket komen opdat er snel uitsluitsel komt? || Ik waag te betwijfelen of dit in de huidige tijd nog opgaat.",With the green soap of Michiel de Ruyter – I even came across this suggestion – good results have apparently been achieved in the past. || I dare to doubt whether this still applies in the current times.,"Can a service be established for these types of suggestions that may raise not only technical but also financial and legal questions, so that a quick resolution can be provided? || I dare to doubt whether this still applies in the current times."
nl.proc.ob.d.h-tk-20082009-6487-6508.1.13.60,2009-05-13,Poppe,nl.p.sp,TG1,SW1,1,2,De roep om mariniers aan boord en terugvechten doet mij denken aan de zeventiende-eeuwse maatregelen voor de zeilende koopvaardij.,Daar moeten wij toch meer informatie over krijgen. || Ik heb nog een vraag over de brief die de minister heeft toegezegd.,The call for marines on board and to fight back reminds me of the seventeenth-century measures for sailing merchant shipping.,We need to get more information about that. || I have another question about the letter that the minister promised.
nl.proc.ob.d.h-tk-20082009-6633-6636.1.5.8,2009-05-19,De Roon,nl.p.pvv,TG2,SW2,2,2,"Die andere belangrijke Zeeuw, Michiel Adriaenszoon de Ruyter, werd niet bang als het even moeilijk werd. || Minister-president, wat is er gebeurd met de VOC-mentaliteit waarover u altijd spreekt?","Of is het Jan Peter Balkenende die uit angst voor de Chinezen weigert om de leider van een verdrukt volk te ontvangen? || Minister-president, wat is er gebeurd met de VOC-mentaliteit waarover u altijd spreekt?","The other important Zeeland figure, Michiel Adriaenszoon de Ruyter, did not get scared when things got tough. || Prime Minister, what has happened to the VOC mentality that you always talk about?","Or is it Jan Peter Balkenende who refuses to meet the leader of an oppressed people out of fear of the Chinese? || Prime Minister, what has happened to the VOC mentality that you always talk about?"
nl.proc.ob.d.h-tk-20092010-22-1865.1.12.49,2009-11-10,Bosma,nl.p.pvv,TG2,SW1,1,1,"Wij hebben een economisch plan voor een nieuwe Gouden Eeuw geschreven, voor de langere termijn.","Daarin is een en ander tot in detail uitgewerkt. Wij hakken in zaken zoals ontwikkelingshulp, de afdracht aan de Europese Unie, de kunstsubsidies, de staatsomroep en noem maar op.","We have written an economic plan for a new Golden Age, for the long term.","This is elaborated in detail. We are cutting back on things like development aid, contributions to the European Union, arts subsidies, the public broadcaster, and so on."
nl.proc.ob.d.h-tk-20092010-25-2283.1.6.1,2009-11-17,Ten Broeke,nl.p.vvd,TG1,SW1,3,2,"Deze drie aspecten zijn al eeuwenlang de pijlers onder de Nederlandse welvaart. Minister-president, dit is de VOC: vrijheid, ondernemerschap en concurrentie. || Deze drie aspecten zijn al eeuwenlang de pijlers onder de Nederlandse welvaart. || Minister-president, dit is de VOC: vrijheid, ondernemerschap en concurrentie.","Europa, de Commissie en Nederland zijn het meest gebaat bij de best denkbare verdediging van eerlijke concurrentie, vrije wereldhandel en een goed functionerende binnenmarkt. || De VVD wil, na al de berichten die ons de laatste dagen van de zijde van het kabinet bereiken, in deze Kamer van de regering horen of zij de continuering van deze eurocommissarispost zal opnemen in haar onderhandelingsinzet.","These three aspects have been the pillars of Dutch prosperity for centuries. Prime Minister, this is the VOC: freedom, entrepreneurship, and competition. || These three aspects have been the pillars of Dutch prosperity for centuries. || Prime Minister, this is the VOC: freedom, entrepreneurship, and competition.","Europe, the Commission, and the Netherlands benefit the most from the best possible defense of fair competition, free world trade, and a well-functioning internal market. || The VVD wants to hear from the government in this chamber, following all the reports we've received from the cabinet in recent days, whether it will include the continuation of this European Commissioner position in its negotiation efforts."
nl.proc.ob.d.h-tk-20092010-28-2553.1.14.1,2009-11-24,Van der Staaij,nl.p.sgp,TG1,SW3,2,2,"De echte identiteit van een land wordt niet gevormd door de laatst aangenomen wetten, maar door datgene wat zich in de eeuwen heeft bewezen en waarin de wijsheid van meerdere generaties zijn beslag heeft gekregen. || Wat dat betreft is het relevanter dat een nieuwe Nederlander weet wat een statenbijbel is dan waar de Nederlandse Vereniging voor een Vrijwillig Levenseinde voor staat, om maar iets te noemen.","Wat dat betreft is het relevanter dat een nieuwe Nederlander weet wat een statenbijbel is dan waar de Nederlandse Vereniging voor een Vrijwillig Levenseinde voor staat, om maar iets te noemen. || Waarom wordt echter niet gerept over de christelijke identiteit die een stempel heeft gezet op onze rechtsorde?","The true identity of a country is not shaped by the most recently adopted laws, but by what has proven itself over the centuries and in which the wisdom of multiple generations has been realized. || In that regard, it is more relevant for a new Dutch citizen to know what a States Bible is than to know what the Dutch Association for a Voluntary End of Life stands for, just to name one example.","In that regard, it is more relevant for a new Dutch citizen to know what a States Bible is than to know what the Dutch Association for a Voluntary End of Life stands for, just to name one example. || Why is there no mention of the Christian identity that has left its mark on our legal system?"
nl.proc.ob.d.h-tk-20102011-14-2.1.13.24,2010-10-27,Wilders,nl.p.pvv,TG2,SW2,2,2,"In de Gouden Eeuw van de Nederlanden, in die tijd nog de Zeventien Nederlanden, later de Zeven Provinciën, toen onze natie werd gevormd, behoorden wij Nederlanders tot de meest vrije volkeren ter wereld. || Wij willen als PVV – dat is onze ambitie – van Nederland weer een baken van vrijheid maken.",Zonder de PVV was dat vandaag niet mogelijk geweest. || Nederland werd bevrijd van de heerschappij van die verschrikkelijke linkse kerk.,"In the Golden Age of the Netherlands, at that time still the Seventeen Netherlands, later the Seven Provinces, when our nation was formed, we Dutch people were among the freest peoples in the world. || We want to make the Netherlands a beacon of freedom again as the PVV – that is our ambition.","Without the PVV, that would not have been possible today. || The Netherlands was liberated from the rule of that terrible leftist church."
nl.proc.ob.d.h-tk-20102011-14-2.1.7.710,2010-10-27,Rutte,,TG2,SW1,1,1,"Wij zullen iets meer naar de mentaliteit uit de zeventiende eeuw moeten, namelijk dat privaat geld uiteindelijk ervoor zorgt dat kunst- en cultuurontwikkeling mogelijk is.","Daar staat tegenover dat dit kabinet zal stimuleren dat er ook meer privaat geld beschikbaar komt voor de cultuursector, bijvoorbeeld via het uitbreiden van de faciliteiten rondom de Geefwet.","We will need to adopt a mentality more akin to that of the seventeenth century, namely that private funding ultimately enables the development of art and culture.","On the other hand, this cabinet will encourage the availability of more private funding for the cultural sector, for example by expanding the facilities related to the Giving Act."
nl.proc.ob.d.h-tk-20102011-31-42.1.10.1,2010-12-07,Bruins Slot,nl.p.cda,TG1,SW1,1,2,""""" Deze woorden sprak Michiel de Ruyter toen hij op het punt stond om naar de Middellandse Zee te vertrekken.","Dit treft ook Defensie. Het leger staat voor de grootste bezuinigingsopdracht in tijden. || Deelt de minister de mening van het CDA dat een krijgsmacht nodig blijft die in staat is, onze landsgrenzen te verdedigen en dus ook hoog in het geweldsspectrum op te treden?","""These words were spoken by Michiel de Ruyter when he was about to depart for the Mediterranean.""",This also affects Defense. The military is facing the largest budget cuts in years. || Does the minister share the CDA's opinion that we need an armed forces capable of defending our national borders and therefore able to operate high on the spectrum of violence?
nl.proc.ob.d.h-tk-20102011-31-42.1.10.18,2010-12-07,Van der Staaij,nl.p.sgp,TG4,SW2,2,1,Maar weet zij ook waarom het in 1676 misging met de laatste veldslagen van Michiel de Ruyter? || Mevrouw Bruins Slot begon en eindigde haar inbreng met Michiel de Ruyter.,Dat is prachtig. Maar weet zij ook waarom het in 1676 misging met de laatste veldslagen van Michiel de Ruyter?,But does she also know why things went wrong in 1676 with the last battles of Michiel de Ruyter? || Mrs. Bruins Slot began and ended her contribution with Michiel de Ruyter.,That's beautiful. But does she also know why things went wrong in 1676 with Michiel de Ruyter's last battles?
nl.proc.ob.d.h-tk-20102011-31-42.1.10.20,2010-12-07,Van der Staaij,nl.p.sgp,TG2,SW1,2,1,"Zou niet een les moeten zijn dat wij echt geld moeten uittrekken voor Defensie, juist als wij een groot beroep doen op de Michiel de Ruyters van deze tijd? || Het probleem was dat de vloot te zwak was.","Zou niet een les moeten zijn dat wij echt geld moeten uittrekken voor Defensie, juist als wij een groot beroep doen op de Michiel de Ruyters van deze tijd?","Shouldn't it be a lesson that we really need to allocate funds for Defense, especially when we are making a significant appeal to the Michiel de Ruyters of our time? || The problem was that the fleet was too weak.","Shouldn't it be a lesson that we really need to allocate funds for Defense, especially when we are making a significant appeal to the Michiel de Ruyters of our time?"
nl.proc.ob.d.h-tk-20102011-31-42.1.10.5,2010-12-07,Bruins Slot,nl.p.cda,TG1,SW1,1,2,In de werkkamer van de minister hangt een schilderij van Michiel de Ruyter.,"Defensie zal kleiner en wendbaarder moeten worden, maar mag met de komende bezuinigingen geen averij oplopen. || Laat dit een inspiratiebron zijn voor de minister.",In the minister's office hangs a painting of Michiel de Ruyter.,"Defense will need to become smaller and more agile, but it must not suffer any damage from the upcoming budget cuts. || Let this be a source of inspiration for the minister."
nl.proc.ob.d.h-tk-20102011-31-42.1.12.1,2010-12-07,Hernandez,nl.p.pvv,TG2,SW1,2,2,Vandaag de dag heeft de Nederlandse koopvaardijvloot wederom last van piraterij op zee. || Nederland is van oudsher een zeevarende natie met een maritieme traditie om trots op te zijn.,De PVV wil een breder mandaat voor de marine en de inzet van mariniers ter bescherming van onze koopvaardijvloot. || De PVV pleit er dan ook voor om de bezuinigingen zo min mogelijk neer te leggen bij de marine.,"Today, the Dutch merchant fleet is once again facing issues with piracy at sea. || The Netherlands has traditionally been a seafaring nation with a maritime heritage to be proud of.",The PVV wants a broader mandate for the navy and the deployment of marines to protect our merchant fleet. || The PVV advocates for minimizing the cuts imposed on the navy.
nl.proc.ob.d.h-tk-20102011-31-42.1.13.1,2010-12-07,Grashoff,nl.p.gl,TG3,SW2,3,3,"Onze referentie ligt niet in de tijd van Michiel de Ruyter. Laten wij wel wezen, daar hebben wij echt geen steun aan in het maken van onze keuzes heden ten dage. || Laten wij wel wezen, daar hebben wij echt geen steun aan in het maken van onze keuzes heden ten dage. || Onze referentie ligt niet in de tijd van Michiel de Ruyter.","Onze referentie ligt niet in de tijd van Michiel de Ruyter. Laten wij wel wezen, daar hebben wij echt geen steun aan in het maken van onze keuzes heden ten dage. || Onze referentie ligt niet in de tijd van Michiel de Ruyter. || Laten wij wel wezen, daar hebben wij echt geen steun aan in het maken van onze keuzes heden ten dage.","Our reference is not from the time of Michiel de Ruyter. Let's be honest, we really don't find any support in that for making our choices today. || Let's be honest, we really don't have any support in making our choices these days. || Our reference is not from the time of Michiel de Ruyter.","Our reference is not from the time of Michiel de Ruyter. Let's be honest, we really don't find any support in that for making our choices today. || Our reference is not from the time of Michiel de Ruyter. || Let's be honest, we really don't have any support in making our choices these days."
nl.proc.ob.d.h-tk-20102011-34-56.1.15.5,2010-12-14,Pechtold,nl.p.d66,TG1,SW1,2,2,"Ze zien een land dat in de zeventiende eeuw een vrijhaven was voor vele denkers en schrijvers wier gedachtegoed in de rest van Europa verboden was, zoals Bayle, Locke en Descartes. || Aan dit beeld is eeuwen gewerkt, zoals andere landen de goede kanten van hun imago koesteren.",D66 wil een buitenlandbeleid dat niet in zichzelf gekeerd is. || te verklaren die wordt bezuinigd op ontwikkelingssamenwerking?,"They see a country that in the seventeenth century was a safe haven for many thinkers and writers whose ideas were banned in the rest of Europe, such as Bayle, Locke, and Descartes. || This image has been worked on for centuries, just as other countries cherish the positive aspects of their image.",D66 wants a foreign policy that is not inward-looking. || to explain why cuts are being made to development cooperation?
nl.proc.ob.d.h-tk-20102011-35-83.1.9.4,2010-12-15,Van Bommel,nl.p.sp,TG1,SW4,1,3,"Dan is het beschamend om te constateren dat Nederland, dat zijn Gouden Eeuw mede baseerde op slavernij van mensen van Afrikaanse afkomst, geen plannen maakt om in 2011 uitvoering te geven aan genoemde resolutie.","Dan is het beschamend om te constateren dat Nederland, dat zijn Gouden Eeuw mede baseerde op slavernij van mensen van Afrikaanse afkomst, geen plannen maakt om in 2011 uitvoering te geven aan genoemde resolutie. || Ik roep de regering op, dat alsnog, zij het in bescheiden vorm of hoe dan ook, toch te doen. || Op 19 juni 2008 was er de motie-De Roon/Wilders waarin de regering werd verzocht om met de Israëlische regering in contact te treden en """"aan te bieden dat Nederland openstaat voor een eventueel Israëlisch verzoek tot hulp en steun bij de voorbereiding en/of uitvoering van een dergelijke preventieve aanval"""".","It is therefore embarrassing to note that the Netherlands, which based its Golden Age partly on the slavery of people of African descent, has no plans to implement the aforementioned resolution in 2011.","It is therefore embarrassing to note that the Netherlands, which based its Golden Age partly on the slavery of people of African descent, has no plans to implement the aforementioned resolution in 2011. || I urge the government to do so, even if in a modest way or however possible. || On June 19, 2008, there was the De Roon/Wilders motion in which the government was requested to contact the Israeli government and ""offer that the Netherlands is open to any Israeli request for assistance and support in the preparation and/or execution of such a preventive attack."""
nl.proc.ob.d.h-tk-20102011-90-3.1.11.1,2011-06-08,Van Dam,nl.p.pvda,TG1,SW1,3,2,"Het is iets meer dan 400 jaar later dat wij hier staan. || In 1609 liep Nederland internationaal voorop met het denken over de vrije zee, nu ging alleen Chili ons nog voor en stellen wij opnieuw een voorbeeld dat wereldwijd navolging verdient: het open en het vrije internet. || Het eerste stuk dat hij schreef zou niet verschijnen tot 1864, maar in 1608 vraagt de VOC het opnieuw en in 1609 publiceert hij de Mare Liberum, het concept van de vrije zee, de basis voor het latere internationaal recht.",Het behelst een verbod op het belemmeren en vertragen van websites of diensten en een verbod om specifieke diensten van een tarief te voorzien. || Ik begrijp dat netneutraliteit op dit moment een world trending topic is op Twitter.,"It is just over 400 years later that we stand here. || In 1609, the Netherlands was at the forefront of international thinking about the free sea; now only Chile is ahead of us, and we are once again setting an example that deserves global emulation: the open and free internet. || The first piece he wrote would not be published until 1864, but in 1608 the VOC requests it again, and in 1609 he publishes the Mare Liberum, the concept of the free sea, the basis for later international law.",It involves a ban on obstructing and delaying websites or services and a ban on charging specific services a fee. || I understand that net neutrality is currently a world trending topic on Twitter.
nl.proc.ob.d.h-tk-20102011-105-15.1.5.1,2011-09-13,Recourt,nl.p.pvda,TG1,SW1,1,3,"Zo blijkt uit antwoord op onze vragen dat ook het ontkennen of grovelijk bagatelliseren van het uitmoorden in 1621 van vrijwel de hele bevolking van de Banda-eilanden, op bevel van Jan Pieterszoon Coen, de gouverneur-generaal van de Verenigde Oostindische Compagnie, vanwege het kwetsende karakter voor de huidige inwoners van die eilanden strafbaar zou kunnen zijn.","Dit gegeven leidt tot de levensgrote vraag wat dit initiatiefwetsvoorstel dan toevoegt. || Het ontkennen van volkenmoord is op zijn minst een misselijke daad en op zijn ergst strafbaar op grond van artikel 137. || Zo blijkt uit antwoord op onze vragen dat ook het ontkennen of grovelijk bagatelliseren van het uitmoorden in 1621 van vrijwel de hele bevolking van de Banda-eilanden, op bevel van Jan Pieterszoon Coen, de gouverneur-generaal van de Verenigde Oostindische Compagnie, vanwege het kwetsende karakter voor de huidige inwoners van die eilanden strafbaar zou kunnen zijn.","It appears from the response to our questions that denying or grossly downplaying the extermination in 1621 of almost the entire population of the Banda Islands, ordered by Jan Pieterszoon Coen, the governor-general of the Dutch East India Company, could be punishable due to its offensive nature for the current inhabitants of those islands.","This raises the big question of what this proposed initiative law adds. || Denying genocide is at the very least a despicable act and at worst punishable under Article 137. || It appears from the response to our questions that denying or grossly downplaying the extermination in 1621 of almost the entire population of the Banda Islands, ordered by Jan Pieterszoon Coen, the governor-general of the Dutch East India Company, could be punishable due to its offensive nature for the current inhabitants of those islands."
nl.proc.ob.d.h-tk-20112012-6-4.1.4.1,2011-09-29,Kortenoeven,nl.p.pvv,TG1,SW4,2,2,"Die band schept ook verplichtingen, zeker in de historische context waarin Nederland ereschulden heeft opgebouwd aan minderheden in Indonesië. || Met Indonesië hebben wij een band die onvergelijkbaar is met die met welk ander land dan ook.","Nederland moet hun waar mogelijk bescherming bieden. || Die band schept ook verplichtingen, zeker in de historische context waarin Nederland ereschulden heeft opgebouwd aan minderheden in Indonesië.","That bond also creates obligations, especially in the historical context in which the Netherlands has accrued debts to minorities in Indonesia. || With Indonesia, we have a bond that is unmatched by that with any other country.","The Netherlands must provide protection where possible. || That bond also creates obligations, especially in the historical context in which the Netherlands has accrued debts to minorities in Indonesia."
nl.proc.ob.d.h-tk-20112012-29-21.1.11.1,2011-11-29,Hernandez,nl.p.pvv,TG2,SW1,3,2,"Al die tijd heeft de PVV eigenlijk niets anders gezegd: het kon toen, maar het kan nu nog steeds. || Zet onze krijgsmacht slagvaardiger in om onze koopvaardijvloot beter te kunnen beschermen; || Schiet die piraten uit het water.",Met een simpele overheveling op de Defensiebegroting wil de PVV-fractie 15 mln. extra beschikbaar stellen voor bescherming van ons nationale en economische belang. || Zet onze krijgsmacht slagvaardiger in om onze koopvaardijvloot beter te kunnen beschermen;,"All this time, the PVV has actually said nothing else: it was possible then, and it is still possible now. || Make our armed forces more effective to better protect our merchant fleet; || Shoot those pirates out of the water.","With a simple transfer in the Defense budget, the PVV faction wants to allocate an additional 15 million for the protection of our national and economic interests. || Make our armed forces more effective to better protect our merchant fleet;"
nl.proc.ob.d.h-tk-20112012-29-21.1.11.24,2011-11-29,Hernandez,nl.p.pvv,TG2,SW3,2,4,"Meer aandacht voor ons grote verleden, bijvoorbeeld in het onderwijs, zal een gezonde dosis patriottisme met zich meebrengen. || Wat de PVV betreft, zou er ook een film gemaakt mogen worden over onze nationale held, Michiel de Ruyter.",Het vervult hen met trots. || De pacifistische invloed van babyboomers uit de jaren zestig nadert gelukkig zijn eind. || de Nederlandse driekleur wappert fier aan het Plein. || Het linkse gedachtegoed verliest terrein;,"More attention to our great past, for example in education, will bring a healthy dose of patriotism. || As far as the PVV is concerned, a film could also be made about our national hero, Michiel de Ruyter.",It fills them with pride. || The pacifist influence of baby boomers from the sixties is thankfully coming to an end. || The Dutch tricolor proudly flutters at the Square. || The leftist ideology is losing ground;
nl.proc.ob.d.h-tk-20112012-29-21.1.9.1,2011-11-29,Knops,nl.p.cda,TG1,SW1,2,2,"Wij leven nu anno 2011, ruim 350 jaar later, maar wat lijkt er weinig veranderd. || Admiraal Tromp stelde terecht dat de welvaart van toen, tijdens de Gouden Eeuw, bevochten moest worden.","De kapers van nu zijn Somalische piraten die de koopvaardij in de Golf van Aden en daarbuiten belagen. || Admiraal Tromp stelde terecht dat de welvaart van toen, tijdens de Gouden Eeuw, bevochten moest worden.","We are now living in 2011, over 350 years later, but it seems like not much has changed. || Admiral Tromp rightly stated that the prosperity of that time, during the Golden Age, had to be fought for.","The pirates of today are Somali pirates who attack merchant shipping in the Gulf of Aden and beyond. || Admiral Tromp rightly stated that the prosperity of that time, during the Golden Age, had to be fought for."
nl.proc.ob.d.h-tk-20112012-43-9.1.7.5,2012-01-19,Klaver,nl.p.gl,TG1,SW1,2,2,"Als wereldrijken het echt hebben gemaakt, zoals Nederland in de Gouden Eeuw, was dat omdat er een grote mate van tolerantie en gastvrijheid was, zodat mensen hier naartoe konden komen en hun talenten en diversiteit konden delen. || Daar worden landen uiteindelijk alleen maar sterker van.","Waar het mij echt om gaat, is dat we mensen die in de bijstand zitten, aan het werk krijgen. || Dat doe je niet door te bezuinigen op participatie, op de middelen voor re-integratie en op de inburgeringscursussen.","When empires truly thrived, like the Netherlands during the Golden Age, it was because there was a high degree of tolerance and hospitality, allowing people to come here and share their talents and diversity. || That ultimately only makes countries stronger.","What really matters to me is getting people who are on welfare into work. || You don't achieve that by cutting back on participation, on resources for reintegration, and on integration courses."
nl.proc.ob.d.h-tk-20112012-52-9.1.12.1,2012-02-09,Gerbrandy (EP/D66),,TG1,SW1,2,2,Tot slot: het werk van Van Oldenbarnevelt heeft volgens de auteur van zijn biografie de basis gelegd voor de gouden eeuw. || De auteur maakt nog meer treffende vergelijkingen tussen enerzijds de Europese Unie en anderzijds de Republiek in de zestiende en de zeventiende eeuw.,"Zoals Gelderland nu geen eigen buitenlands beleid meer heeft, zo zal Europa straks één gezamenlijk leger hebben en met één stem spreken in de Veiligheidsraad. || Dit jaar hebben wij dus een unieke kans om de Europese begroting wel relevant te maken, door veel meer in te zetten op innovatie, duurzaamheid, energie en infrastructuur, de terreinen waarvoor een duidelijke Europese meerwaarde bestaat en die urgenter dan ooit zijn in de huidige competitieve wereld.","Finally, the work of Van Oldenbarnevelt has, according to the author of his biography, laid the foundation for the Golden Age. || The author makes even more striking comparisons between the European Union on one hand and the Republic in the sixteenth and seventeenth centuries on the other.","Just as Gelderland no longer has its own foreign policy, Europe will soon have one joint army and will speak with one voice in the Security Council. || This year we have a unique opportunity to make the European budget relevant by focusing much more on innovation, sustainability, energy, and infrastructure—areas where there is a clear European added value and that are more urgent than ever in today's competitive world."
nl.proc.ob.d.h-tk-20142015-10-22.1.178.1,2014-10-07,Pechtold,nl.p.d66,TG1,SW1,2,2,"Twaalf schilders hebben meegewerkt aan die zeventiende-eeuwse zaal. || Laten we, na al het gedoe over verbouwingen, renovaties en wat dies meer zij, eens kijken of Nederland er wat aan heeft dat Huis ten Bosch nu voor een tijdje wordt verbouwd.","Laten we, na al het gedoe over verbouwingen, renovaties en wat dies meer zij, eens kijken of Nederland er wat aan heeft dat Huis ten Bosch nu voor een tijdje wordt verbouwd. || Twaalf schilders hebben meegewerkt aan die zeventiende-eeuwse zaal.","Twelve painters contributed to that seventeenth-century hall. || Let's take a look, after all the fuss about renovations and whatnot, at whether the Netherlands benefits from Huis ten Bosch being renovated for a while.","Let's take a look, after all the fuss about renovations and whatnot, at whether the Netherlands benefits from Huis ten Bosch being renovated for a while. || Twelve painters contributed to that seventeenth-century hall."
nl.proc.ob.d.h-tk-20142015-10-22.1.66.1,2014-10-07,Rutte,,TG1,SW1,1,1,Huis ten Bosch is dan weer duur omdat het grotendeels uit de zeventiende eeuw stamt.,"Maar dat bedrag, ook al is het groot, moet wel een keer genoemd worden.",Huis ten Bosch is expensive because it mostly dates back to the seventeenth century.,"But that amount, even though it is large, needs to be mentioned at some point."
nl.proc.ob.d.h-tk-20142015-24-17.1.65.1,2014-11-13,Hennis-Plasschaert,,TG1,SW1,2,2,Al sinds de Gouden Eeuw zijn wij afhankelijk van de partners om ons heen voor het verdedigen van het grondgebied en het handhaven en bevorderen van de internationale rechtsorde. || Nederland staat er nooit alleen voor en is niet in zijn uppie.,"Al sinds de Gouden Eeuw zijn wij afhankelijk van de partners om ons heen voor het verdedigen van het grondgebied en het handhaven en bevorderen van de internationale rechtsorde. || Ingebed in dat internationale verband zijn wij prima in staat om op te treden in elk geweldsspectrum, ook in het hogere geweldsspectrum.","Since the Golden Age, we have relied on the partners around us to defend our territory and to uphold and promote the international rule of law. || The Netherlands is never alone and is not on its own.","Since the Golden Age, we have relied on the partners around us to defend our territory and to uphold and promote the international rule of law. || Embedded in that international framework, we are fully capable of operating across the entire spectrum of violence, including the higher levels of violence."
nl.proc.ob.d.h-tk-20142015-29-3.1.26.1,2014-11-26,Anne Mulder,nl.p.vvd,TG1,SW1,2,2,"Als je angstig bent, werkt dat vaak verlammend, want technologische vernieuwing is van alle tijden. Die heeft ons enorme welvaart gebracht. || Zonder zaagmolen geen Gouden Eeuw.","Dus, minister, wees niet zo angstig, maar ga de toekomst tegemoet met een open blik, en positief. || Als je maatregelen neemt die de inhuur van arbeid, flex of vast, ontmoedigen, zul je nu juist het proces van automatisering versnellen.","When you are anxious, it often feels paralyzing, because technological innovation has always been present. It has brought us immense prosperity. || Without sawmills, there would be no Golden Age.","So, minister, don't be so fearful, but face the future with an open mind and positively. || If you take measures that discourage the hiring of labor, whether flexible or permanent, you will actually accelerate the process of automation."
nl.proc.ob.d.h-tk-20142015-52-5.1.1.1,2015-02-10,Monasch,nl.p.pvda,TG4,SW4,2,5,"Wij hebben het liever over de Gouden Eeuw, onze successen in de Oost, onze VOC-mentaliteit, onze strijd tegen de Spanjaarden. || Die slavernij moeten wij gedenken.","Wij moeten ervan blijven leren en zij dwingt ons tot nederigheid over dat deel van onze geschiedenis. Dat vraagt om een nationale herdenking, gedragen door ons land. || Dat vraagt om een nationale herdenking, gedragen door ons land. || Maar is die vanzelfsprekendheid er ook als het gaat om de beschrijving van de donkere periodes uit onze geschiedenis? || De slavernij is een schandvlek op onze geschiedenis. || Wij moeten ervan blijven leren en zij dwingt ons tot nederigheid over dat deel van onze geschiedenis.","We prefer to talk about the Golden Age, our successes in the East, our VOC mentality, our struggle against the Spaniards. || We must remember that slavery.","We must continue to learn from it, and it compels us to humility regarding that part of our history. This calls for a national commemoration, supported by our country. || That calls for a national commemoration, supported by our country. || But is that obviousness also present when it comes to describing the dark periods of our history? || Slavery is a stain on our history. || We must continue to learn from it, and it forces us to be humble about that part of our history."
nl.proc.ob.d.h-tk-20142015-60-3.1.97.1,2015-03-05,Wiebes,,TG1,SW1,1,3,"Het is ook precies de reden waarom wij in de EU — wij zien onszelf in de EU het liefst als één land, zoals Nederland dat ook wereldwijd het liefst doet — zowel een interest- en royaltyrichtlijn hebben als een moeder-dochterrichtlijn die precies deze twee dingen uitvaardigt en dit heilige principe omarmt, wat Nederland als internationaal land eigenlijk al sinds zeventiende eeuw doet.","Het is ook precies de reden waarom wij in de EU — wij zien onszelf in de EU het liefst als één land, zoals Nederland dat ook wereldwijd het liefst doet — zowel een interest- en royaltyrichtlijn hebben als een moeder-dochterrichtlijn die precies deze twee dingen uitvaardigt en dit heilige principe omarmt, wat Nederland als internationaal land eigenlijk al sinds zeventiende eeuw doet. || Dat betekent automatisch dat je ten principale geen bronheffing hebt op rente en royalty's, want die Nederlandse concurrent hoeft die ook niet te betalen. || Dat betekent automatisch een deelnemingsvrijstelling, want die buitenlandse concurrent hoeft immers ook niet twee keer belasting te betalen.","This is also exactly the reason why we in the EU — we prefer to see ourselves in the EU as one country, just as the Netherlands prefers to do worldwide — have both an interest and royalty directive and a parent-subsidiary directive that enshrine these two things and embrace this sacred principle, which the Netherlands has actually been doing as an international country since the seventeenth century.","This is also exactly the reason why we in the EU — we prefer to see ourselves in the EU as one country, just as the Netherlands prefers to do worldwide — have both an interest and royalty directive and a parent-subsidiary directive that enshrine these two things and embrace this sacred principle, which the Netherlands has actually been doing as an international country since the seventeenth century. || That automatically means that you essentially have no withholding tax on interest and royalties, because that Dutch competitor doesn't have to pay it either. || That automatically means a participation exemption, because that foreign competitor also shouldn't have to pay tax twice."
nl.proc.ob.d.h-tk-20142015-66-19.1.47.1,2015-03-24,Beertema,nl.p.pvv,TG1,SW1,2,2,"De wereld is nu net zo internationaal als die was in de zeventiende eeuw. || De peper werd ook niet in de Betuwe verbouwd, zal ik maar zeggen.",Met alle respect wil ik toch de staatssecretaris meegeven dat dit ongelooflijk clichématige argumenten zijn om te pleiten voor vreemdetalenonderwijs. || De staatssecretaris wil Engels geven aan kleine kinderen. Waarom?,"The world is just as international now as it was in the seventeenth century. || The pepper was also not grown in the Betuwe, I might add.","With all due respect, I would like to point out to the Secretary of State that these are incredibly clichéd arguments in favor of foreign language education. || The secretary of state wants to teach English to young children. Why?"
nl.proc.ob.d.h-tk-20142015-90-21.1.14.1,2015-06-02,Bisschop,nl.p.sgp,TG1,SW1,3,2,"Van de Nieuwe Kerk in Middelburg tot het Planetarium in Franker, van de Statenbijbel in het Catharijneconvent tot een sleepboot in Leeuwarden: ons cultureel erfgoed vertelt wie we zijn. || Ons cultureel erfgoed vormt de manier waarop we onze identiteit beleven en draagt sporen van onze identiteit, van hoe we zo geworden zijn. || Ons cultureel erfgoed vormt het DNA van onze samenleving en onze identiteit.",Het zou het mobiel erfgoed daarom helpen als in de Erfgoedwet expliciete erkenning van zijn afzonderlijke status wordt gegeven. || Er is dus alle reden om buitengewoon zuinig te zijn op cultureel erfgoed en er zorg voor te dragen.,"From the New Church in Middelburg to the Planetarium in Franeker, from the States Bible in the Catharijneconvent to a tugboat in Leeuwarden: our cultural heritage tells us who we are. || Our cultural heritage shapes the way we experience our identity and bears traces of our identity, of how we have become who we are. || Our cultural heritage forms the DNA of our society and our identity.",It would help mobile heritage if the Heritage Act explicitly recognizes its separate status. || There is every reason to be exceptionally careful with cultural heritage and to take care of it.
nl.proc.ob.d.h-tk-20142015-90-21.1.285.1,2015-06-02,Bussemaker,,TG1,SW1,5,2,"Mijn aanvaardingsplicht ziet op cultuurgoederen of verzamelingen van bijzondere cultuurhistorische of wetenschappelijke betekenis die onvervangbaar zijn, raken aan Nederlands cultuurbezit en verweesd dreigen te raken. || De heer Van Veen stelde voorts een vraag over de VOC-archieven in Indonesië en India. || Laat ik allereerst benadrukken dat ik zeer hecht aan de VOC-archieven. || Ik zie evenwel geen aanleiding om die archieven te aanvaarden. || Ik kan dus niet op voorhand zien wat het nationaal belang is wanneer belangrijke cultuurgoederen verweesd dreigen te raken, maar zodra de VOC-archieven verweesd dreigen te raken en mits aan de overige eisen qua inhoud en overdracht wordt voldaan, vallen ze wettelijk onder mijn aanvaardingsplicht.","Met een nadrukkelijke toevoeging dat hier bedoeld wordt """"verweesde cultuurgoederen"""" zou ik het oordeel aan de Kamer kunnen laten. || 12 van de heer Van Veen met als strekking de explicitering van die aanvaardingsplicht ontraad ik zoals het nu is geformuleerd, met de argumentatie zoals ik die zo-even heb gegeven.","My acceptance obligation pertains to cultural goods or collections of particular cultural-historical or scientific significance that are irreplaceable, relate to Dutch cultural heritage, and are at risk of becoming orphaned. || Mr. Van Veen also asked a question about the VOC archives in Indonesia and India. || First of all, let me emphasize that I hold the VOC archives in very high regard. || However, I see no reason to accept those archives. || I cannot foresee what the national interest is when important cultural assets are at risk of becoming orphaned, but as soon as the VOC archives are at risk of becoming orphaned, and provided that the other requirements regarding content and transfer are met, they legally fall under my obligation to accept them.","With a clear addition that this refers to ""orphaned cultural goods,"" I could leave the judgment to the Chamber. || I advise against the current formulation of the acceptance obligation from Mr. Van Veen, based on the arguments I just provided."
nl.proc.ob.d.h-tk-20142015-90-21.1.3.1,2015-06-02,Pechtold,nl.p.d66,TG1,SW1,1,2,"De spiegel van het schip de Royal Charles, pas nog getoond in de film over Michiel de Ruyter, herinnert ons aan het Nederland dat heerste over de wereldzeeën.","Een van die losse eindjes is dat alleen kunst in het bezit van de rijksoverheid, provincie of gemeente door deze wet zal worden beschermd. || De spiegel van het schip de Royal Charles, pas nog getoond in de film over Michiel de Ruyter, herinnert ons aan het Nederland dat heerste over de wereldzeeën.","The mirror of the ship Royal Charles, recently featured in the film about Michiel de Ruyter, reminds us of the Netherlands that ruled the world's seas.","One of the loose ends is that only art owned by the national government, province, or municipality will be protected by this law. || The mirror of the ship Royal Charles, recently featured in the film about Michiel de Ruyter, reminds us of the Netherlands that ruled the world's seas."
nl.proc.ob.d.h-tk-20142015-90-21.1.32.1,2015-06-02,Van Veen,nl.p.vvd,TG1,SW1,2,2,"In 2003 werden bijvoorbeeld de VOC-archieven opgenomen in het Unesco Memory of the World Register, een mooie status, maar niet een status die automatisch leidt tot zorgvuldig beheer. || Die stichtingen hebben zich tot doel gesteld zorg te dragen voor de maar liefst 15 kilometer VOC-archieven in Indonesië.","12 vraag om ook in het buitenland aanwezig roerend cultureel erfgoed aan te nemen wanneer ons dat wordt aangeboden. || Lokale omstandigheden, urgentie, gebrek aan kennis, maar vooral de onleesbaarheid van archiefstukken zijn barrières die soms geslecht moeten worden om de in het buitenland aanwezige Nederlandse stukken, die vaak honderden jaren oud zijn, op een goede wijze ook voor de komende honderden jaren te bewaren.","In 2003, for example, the VOC archives were included in the UNESCO Memory of the World Register, a prestigious status, but not one that automatically leads to careful management. || These foundations have set themselves the goal of taking care of the no less than 15 kilometers of VOC archives in Indonesia.","12 questions to also accept movable cultural heritage present abroad when it is offered to us. || Local conditions, urgency, lack of knowledge, but especially the illegibility of archival documents are barriers that sometimes need to be overcome in order to properly preserve the Dutch documents located abroad, which are often hundreds of years old, for the coming hundreds of years."
nl.proc.ob.d.h-tk-20142015-90-21.1.36.1,2015-06-02,Van Veen,nl.p.vvd,TG1,SW1,2,2,"Ik vraag de minister om zorg te dragen voor de archieven van de VOC, waarvan bekend is dat die over de wereld verspreid zijn, dat ze in het Nederlands zijn opgesteld en dat mensen in India er weinig interesse in hebben. || Ik wil gewoon graag in de wet geregeld hebben dat de minister de mogelijkheid heeft om de archieven terug te laten komen op het moment dat daar noodzaak toe is.","Ik wil gewoon graag in de wet geregeld hebben dat de minister de mogelijkheid heeft om de archieven terug te laten komen op het moment dat daar noodzaak toe is. || Ik vraag de minister om zorg te dragen voor de archieven van de VOC, waarvan bekend is dat die over de wereld verspreid zijn, dat ze in het Nederlands zijn opgesteld en dat mensen in India er weinig interesse in hebben.","I ask the minister to take care of the archives of the VOC, which are known to be spread around the world, that are written in Dutch, and that people in India have little interest in. || I just want to have it legally arranged that the minister has the option to bring the archives back when there is a need for it.","I just want to have it legally arranged that the minister has the option to bring the archives back when there is a need for it. || I ask the minister to take care of the archives of the VOC, which are known to be spread around the world, that are written in Dutch, and that people in India have little interest in."
nl.proc.ob.d.h-tk-20142015-90-21.1.80.1,2015-06-02,Van Veen,nl.p.vvd,TG1,SW1,2,2,Dat begint in de oudheid bij de VOC en dat eindigt in de toekomst bij het digitaal cultureel erfgoed. || Ik vraag de minister of zij voor mij in kaart brengt hoe zij daartegen aankijkt.,"Wat ik constateer, is dat wij een aantal blinde vlekken hebben. || Ik vraag de minister nog niet direct om dat in de wet op te nemen, maar ik vraag wel of de wet handvatten biedt om dat digitale erfgoed ook in ons culturele erfgoed op te nemen.",That starts in ancient times with the VOC and ends in the future with digital cultural heritage. || I ask the minister if she can outline her perspective on this for me.,"What I observe is that we have a number of blind spots. || I am not directly asking the minister to include that in the law, but I am asking whether the law provides tools to incorporate that digital heritage into our cultural heritage."
nl.proc.ob.d.h-tk-20152016-2-7.1.504.1,2015-09-16,Van Klaveren,nl.p.groep bontes/van klaveren,TG2,SW1,2,2,"Willen wij ons land klaarstomen voor de uitdagingen van deze economie, economische voorspoed blijven kennen en onze welvaart voor toekomstige generaties veilig stellen, dan dient Nederland zichzelf opnieuw uit te vinden. || Wij kiezen voor een nieuwe Gouden Eeuw.","Wat Nederland meer dan ooit nodig heeft, zijn lage belastingen. || Wij kiezen voor een nieuwe Gouden Eeuw.","If we want to prepare our country for the challenges of this economy, continue to experience economic prosperity, and secure our wealth for future generations, the Netherlands must reinvent itself. || We choose a new Golden Age.",What the Netherlands needs more than ever is low taxes. || We choose a new Golden Age.
nl.proc.ob.d.h-tk-20152016-7-28.1.40.1,2015-09-29,Bussemaker,,TG1,SW1,2,2,"Ze geven een uniek beeld van de Nederlandse burgerij uit de zeventiende eeuw, geschilderd door een jonge Rembrandt. || Ze behoren dus tot de heel, heel belangrijke werken van het Nederlandse culturele erfgoed.","Daarom is de leidraad voor het handelen van het kabinet ook steeds geweest om ervoor te zorgen dat deze schilderijen in publieke handen komen en dus ook voor een breed publiek, van jong tot oud, toegankelijk gemaakt kunnen worden. || Dit debat dient er dus voor om ons als regering in de gelegenheid te stellen iets te doen met de 80 miljoen uit de brief van 21 september.","They provide a unique depiction of the Dutch bourgeoisie from the seventeenth century, painted by a young Rembrandt. || They are therefore among the very, very important works of Dutch cultural heritage.","Therefore, the guiding principle for the government's actions has always been to ensure that these paintings come into public hands and can thus be made accessible to a wide audience, from young to old. || This debate is intended to allow us as a government to take action with the 80 million from the letter dated September 21."
nl.proc.ob.d.h-tk-20152016-17-9.1.88.1,2015-10-28,Visser,nl.p.vvd,TG1,SW1,3,3,Dat laat zien dat wij Nederlanders de afgelopen honderden jaren altijd heel goed in staat zijn geweest om goed na te denken en om wonen en werken goed met elkaar te combineren en daarmee ons geld te verdienen. || Wij zijn altijd in staat geweest om nog slimmer te zijn dan de rest van de wereld. || Wij zijn altijd in staat geweest om voor praktische problemen praktische oplossingen te vinden.,"Dat is waar u de VVD aan kunt houden: praktische oplossingen, niet gebaseerd op onderbuikgevoelens, maar op concrete maatregelen die gewoon werken. || Ik noem bijvoorbeeld bronbeleid als het gaat om milieu; || dat werkt gewoon.",This shows that we Dutch have always been very good at thinking things through and effectively combining living and working to earn our money over the past hundreds of years. || We have always been able to be smarter than the rest of the world. || We have always been able to find practical solutions to practical problems.,"That is where you can hold the VVD accountable: practical solutions, not based on gut feelings, but on concrete measures that actually work. || I mention source policy when it comes to the environment; || That just works."
nl.proc.ob.d.h-tk-20152016-23-3.1.219.1,2015-11-11,Bisschop,nl.p.sgp,TG1,SW2,1,1,Realiseert de heer Van Roon zich dat we in de Gouden Eeuw de Barbarijnse zeerovers aanpakten .,Realiseert de heer Van Roon zich dat we in de Gouden Eeuw de Barbarijnse zeerovers aanpakten .,Does Mr. Van Roon realize that during the Golden Age we dealt with the Barbary pirates?,Does Mr. Van Roon realize that during the Golden Age we dealt with the Barbary pirates?
nl.proc.ob.d.h-tk-20152016-23-3.1.221.1,2015-11-11,Bisschop,nl.p.sgp,TG1,SW2,1,1,"en dat we in de Gouden Eeuw de sleutels van de Sont, die in Amsterdam lagen, beheerden?","Met andere woorden: richt de heer Van Roon zich nu niet te veel op alleen maar het Nederlandse belang sec, terwijl het Nederlandse belang juist gediend kan zijn door buiten de Nederlandse grenzen te opereren en te interveniëren?","and that during the Golden Age we managed the keys to the Sound, which were located in Amsterdam?","In other words: is Mr. Van Roon not focusing too much on just the Dutch interest alone, while the Dutch interest could actually be served by operating and intervening beyond the Dutch borders?"
nl.proc.ob.d.h-tk-20152016-24-6.1.22.1,2015-11-12,Hennis-Plasschaert,,TG1,SW1,2,2,"Al sinds de Gouden Eeuw werken we samen met een hoeveelheid van partners ten behoeve van onze veiligheid, internationaal en nationaal. || Samenwerken is een win-winsituatie en Nederland loopt daarin voorop.","Ik heb net al gezegd dat ik geen groot pleitbezorger ben van een alleingang van de Nederlandse krijgsmacht. || Meer samenwerking tussen de Europese landen in het bijzonder is dringend noodzakelijk, juist om dat collectieve handelingsvermogen en daarmee het nationale handelingsvermogen zo veel mogelijk te vergroten.","Since the Golden Age, we have been collaborating with a number of partners for our safety, both internationally and nationally. || Collaboration is a win-win situation, and the Netherlands is leading the way.","I just said that I am not a strong advocate for a solo action by the Dutch armed forces. || More cooperation between European countries is urgently needed, especially to enhance collective action capacity and thereby maximize national action capacity."
nl.proc.ob.d.h-tk-20152016-29-7.1.123.1,2015-11-25,Bosma,nl.p.pvv,TG1,SW1,3,2,In de zeventiende eeuw werden er in mei prachtige schilderijen gemaakt van schaatsende mensen. Het klimaat verandert. || In de zeventiende eeuw werden er in mei prachtige schilderijen gemaakt van schaatsende mensen. || Het klimaat verandert altijd!,"Er is niet hard te maken dat de mens invloed heeft op het klimaat. || Dat de mens daar invloed op heeft, is nog nooit bewezen.","In the seventeenth century, beautiful paintings of people ice skating were created in May. The climate is changing. || In the seventeenth century, beautiful paintings of people skating were created in May. || The climate is always changing!",It is not hard to establish that humans have an impact on the climate. || It has never been proven that humans have an influence on that.
nl.proc.ob.d.h-tk-20152016-35-15.1.29.1,2015-12-09,Agema,nl.p.pvv,TG1,SW1,1,2,"We leven immers in een land met heel veel zeventiende-eeuwse gebouwen, met heel kleine cafeetjes en met heel kleine restaurantjes.",Eigenlijk strekt het amendement van de heer Van Dijk zo ver dat ook zij allerlei capriolen moeten gaan uithalen. || Heeft de heer Van Dijk zich wel gerealiseerd hoever zijn amendement gaat?,"After all, we live in a country with many seventeenth-century buildings, with very small cafes and very small restaurants.","In fact, Mr. Van Dijk's amendment goes so far that they will also have to pull all sorts of stunts. || Has Mr. Van Dijk realized how far his amendment goes?"
nl.proc.ob.d.h-tk-20152016-36-9.1.70.1,2015-12-10,Blok,,TG1,SW3,2,2,In de Gouden Eeuw werd hier besloten over de onafhankelijkheid en de wording van Nederland als land. || Dit is ook een historische plaats.,"Inderdaad is het iedere dag, en vaak ook nacht, het kloppend hart van onze democratie, een democratie waar wij iedere dag weer trots op moeten zijn. || In de Gouden Eeuw werd hier besloten over de onafhankelijkheid en de wording van Nederland als land.","In the Golden Age, decisions were made here regarding independence and the formation of the Netherlands as a country. || This is also a historical site.","Indeed, it is every day, and often at night, the beating heart of our democracy, a democracy that we should be proud of every single day. || In the Golden Age, decisions were made here regarding independence and the formation of the Netherlands as a country."
nl.proc.ob.d.h-tk-20152016-77-9.1.28.1,2016-04-14,Graus,nl.p.pvv,TG1,SW2,2,2,"Ten tijde van Michiel de Ruyter en al die eeuwen daarna hebben onze boeren voorop gelopen, ook zonder Europese Unie, maar nu gaan zij naar de knoppen. || De Hollanders lopen al eeuwen voorop, dat heeft helemaal niets met de Europese Unie te maken.","De Hollanders lopen al eeuwen voorop, dat heeft helemaal niets met de Europese Unie te maken. || Ten tijde van Michiel de Ruyter en al die eeuwen daarna hebben onze boeren voorop gelopen, ook zonder Europese Unie, maar nu gaan zij naar de knoppen.","During the time of Michiel de Ruyter and for all the centuries that followed, our farmers led the way, even without the European Union, but now they are going under. || The Dutch have been leading for centuries, and that has nothing to do with the European Union.","The Dutch have been leading for centuries, and that has nothing to do with the European Union. || During the time of Michiel de Ruyter and for all the centuries that followed, our farmers led the way, even without the European Union, but now they are going under."
nl.proc.ob.d.h-tk-20152016-86-28.1.151.1,2016-05-24,Hennis-Plasschaert,,TG1,SW1,2,2,"Al sinds de Gouden Eeuw, zo hebben we vaak met elkaar besproken, staat Nederland niet meer in zijn uppie garant voor onze veiligheid. || Ook op dit moment is onze veiligheid voor een belangrijk deel afhankelijk van de samenwerking binnen de NAVO.","Daarmee zeg ik niet dat het vaststellen en nastreven van een norm een doel op zich moet zijn, maar enigszins de balans houden, elkaar scherp houden en een gelijke bijdrage leveren lijkt mij toch het minste wat je kunt verwachten in een bondgenootschap. || We doen dat altijd met anderen.","Since the Golden Age, as we have often discussed, the Netherlands has not been solely responsible for our security anymore. || Even now, our security largely depends on cooperation within NATO.","That doesn't mean that establishing and pursuing a standard should be an end in itself, but maintaining some balance, keeping each other sharp, and making an equal contribution seems to me to be the least you can expect in an alliance. || We always do that with others."
nl.proc.ob.d.h-tk-20152016-86-28.1.162.1,2016-05-24,Hennis-Plasschaert,,TG1,SW1,2,2,"Ik zei aan het begin al dat we eigenlijk al sinds de Gouden Eeuw niet meer in ons uppie instaan voor de bescherming van Nederland, maar dat altijd in samenwerking met anderen doen. || We zijn namelijk niet alleen verantwoordelijk voor de bescherming van ons grondgebied.","Dat afvinklijstje is er dus niet, maar de bondgenootschappelijke solidariteit vraagt wel een heleboel van ons. || Het is niet voor niets dat ik drie jaar geleden heb ingezet op een krijgsmacht met een basisgereedschapskist en daarnaast een aantal nichecapaciteiten, specialistische capaciteiten, waarmee ook Nederland het verschil kan maken binnen de NAVO, terwijl we bijvoorbeeld op andere termijnen minder groot zijn in ons voortzettingsvermogen.","I already mentioned at the beginning that we haven't been solely responsible for the protection of the Netherlands since the Golden Age, but have always done so in collaboration with others. || We are not only responsible for the protection of our territory.","So that checklist doesn't exist, but allied solidarity does require a lot from us. || It is no coincidence that three years ago I focused on a military force with a basic toolkit, along with a number of niche capabilities and specialized skills, with which the Netherlands can also make a difference within NATO, even though we may be less significant in our sustainability over other timeframes."
nl.proc.ob.d.h-tk-20152016-98-34.1.102.1,2016-06-21,Wiebes,,TG1,SW1,2,2,"ik meen dat die haar oorsprong al heeft in de zeventiende eeuw. || Sterker nog, het is die deelnemingsvrijstelling die alle Europese landen hebben overgenomen en onderling hanteren.",De deelnemingsvrijstelling is een heel zuivere en eerlijke manier om overal tot een gelijk speelveld te komen. || Ik voorspel de heer Grashoff dat dat de toekomst is.,"I believe it has its origins in the seventeenth century. || In fact, it is that participation exemption that all European countries have adopted and apply among themselves.",The participation exemption is a very pure and fair way to create a level playing field everywhere. || I predict to Mr. Grashoff that this is the future.
nl.proc.ob.d.h-tk-20152016-111-10.1.81.1,2016-09-14,Beertema,nl.p.pvv,TG1,SW1,2,2,"Wij hebben onze welvaart in de loop van honderden jaren opgebouwd, met een zeer internationaal oog. || De VOC was de eerste multinational ter wereld, geboren in Amsterdam.","Wij hebben de EU helemaal niet nodig, wil ik mijnheer Grashoff meegeven. || Onze handelslieden en onze zakenlieden zijn over de hele wereld uitgezwermd.","We have built our prosperity over the course of hundreds of years, with a very international perspective. || The VOC was the first multinational in the world, born in Amsterdam.","We don't need the EU at all, I want to convey to Mr. Grashoff. || Our merchants and businesspeople have spread out across the world."
nl.proc.ob.d.h-tk-20162017-6-9.1.2.1,2016-09-29,Van der Ree,nl.p.vvd,TG1,SW3,2,2,"Hij werd verstoten uit de Joodse gemeenschap van Amsterdam en zijn boeken waren lange tijd verboden, maar zijn boodschap is nu misschien wel actueler dan ooit. || Op het voetstuk van zijn beeld staat nog steeds heel mooi """"Het doel van de staat is de vrijheid"""", als samenvatting van zijn filosofie Spinoza schreef en sprak in de zeventiende eeuw over vrijheid.","Spinoza is een van de belangrijkste denkers die ons land ooit heeft voortgebracht. || Op het voetstuk van zijn beeld staat nog steeds heel mooi """"Het doel van de staat is de vrijheid"""", als samenvatting van zijn filosofie Spinoza schreef en sprak in de zeventiende eeuw over vrijheid.","He was ostracized from the Jewish community of Amsterdam, and his books were banned for a long time, but his message is perhaps more relevant now than ever. || On the pedestal of his statue, it still beautifully states, ""The purpose of the state is freedom,"" summarizing his philosophy. Spinoza wrote and spoke about freedom in the seventeenth century.","Spinoza is one of the most important thinkers our country has ever produced. || On the pedestal of his statue, it still beautifully states, ""The purpose of the state is freedom,"" summarizing his philosophy. Spinoza wrote and spoke about freedom in the seventeenth century."
nl.proc.ob.d.h-tk-20162017-22-21.1.63.1,2016-11-15,Omtzigt,nl.p.cda,TG1,SW1,1,2,"Ik kan me daarbij wat voorstellen als het gaat om een historische, zeventiende-eeuwse keuken in een woning die daardoor in originele staat behouden kan worden.",Maar om standaard alle keukens aftrekbaar te maken op het moment dat je een rijksmonument hebt … In een normale woning moet een keuken een keer in de 25 of 30 jaar worden vervangen. || Misschien is het aanpassen van de voorwaarden ook een mogelijkheid.,"I can imagine that when it comes to a historical seventeenth-century kitchen in a home, it can be preserved in its original state.","But to make all kitchens deductible as a standard when you have a national monument... In a normal home, a kitchen needs to be replaced every 25 or 30 years. || Perhaps adjusting the terms is also an option."
nl.proc.ob.d.h-tk-20162017-30-13.1.226.1,2016-12-01,Van Gerven,nl.p.sp,TG1,SW1,1,2,Hij beheert met zijn bedrijf een cultuurhistorisch parklandschap dat is aangelegd in de zeventiende eeuw.,"Indien er geen regeling komt voor startende bioboeren, moet hij zijn 65 koeien allemaal laten slachten. || De vier voorbeelden brengen mij tot deze vraag aan de staatssecretaris: wat kan hij doen voor deze mensen? Wil de staatssecretaris deze bioboeren helpen?",He manages a cultural-historical park landscape that was created in the seventeenth century with his company.,"If no arrangement is made for new organic farmers, he will have to have all 65 of his cows slaughtered. || The four examples lead me to this question for the Secretary of State: what can he do for these people? Does the Secretary of State want to help these organic farmers?"
nl.proc.ob.d.h-tk-20162017-54-6.1.43.1,2017-02-16,Martin Bosma,nl.p.pvv,TG4,SW3,2,2,"Veel van wat herinnert aan onze geschiedenis en ons verleden, ligt onder vuur. || De standbeelden die herinneren aan de VOC worden beklad.",De keiharde oorlog tegen Zwarte Piet staat symbool voor heel veel meer dan de schmink van een kindervriend. || We begrijpen het alleen als we zien hoe uitingen van onze cultuur op heel veel plekken in de samenleving onder druk staan.,Much of what reminds us of our history and our past is under fire. || The statues that commemorate the VOC are being vandalized.,The fierce battle against Black Pete symbolizes much more than the makeup of a children's friend. || We only understand it when we see how expressions of our culture are under pressure in many areas of society.
nl.proc.ob.d.h-tk-20162017-97-6.1.115.1,2017-07-06,Hennis-Plasschaert,,TG1,SW1,1,1,Ik kan echter niet ontkennen dat wij al sinds de Gouden Eeuw Europese partners nodig hebben ten behoeve van onze veiligheid.,Ik kan echter niet ontkennen dat wij al sinds de Gouden Eeuw Europese partners nodig hebben ten behoeve van onze veiligheid.,"However, I cannot deny that we have needed European partners for our security since the Golden Age.","However, I cannot deny that we have needed European partners for our security since the Golden Age."
nl.proc.ob.d.h-tk-20172018-18-9.1.34.1,2017-11-07,Kuzu,nl.p.denk,TG1,SW2,1,1,"Die zeggen: nou, de houding waarmee de VVD heeft uitgehaald in De Telegraaf, doet niet denken aan de VVD maar aan de VOC.","Die zeggen: nou, de houding waarmee de VVD heeft uitgehaald in De Telegraaf, doet niet denken aan de VVD maar aan de VOC.","They say: well, the attitude with which the VVD has attacked in De Telegraaf does not resemble the VVD but rather the VOC.","They say: well, the attitude with which the VVD has attacked in De Telegraaf does not resemble the VVD but rather the VOC."
nl.proc.ob.d.h-tk-20172018-18-9.1.43.1,2017-11-07,Bisschop,nl.p.sgp,TG1,SW2,2,1,"Collega Kuzu maakte zojuist melding van het feit dat hij met heel veel mensen op Sint-Maarten heeft gesproken en dat die hem hebben laten weten dat de houding van de VVD hen vooral herinnerde aan de VOC. || De ondertoon die hieruit spreekt, is die van een zekere vrees voor een soort kolonialistische houding.",Wat drijft hem om op deze wijze op te komen voor de bevolking van Sint-Maarten?,"Colleague Kuzu just reported that he has spoken with many people in Sint Maarten, and they have told him that the attitude of the VVD mainly reminded them of the VOC. || The undertone that comes through is one of a certain fear of a kind of colonialist attitude.",What drives him to advocate for the people of Sint Maarten in this way?
nl.proc.ob.d.h-tk-20172018-34-13.1.10.1,2017-12-13,Paternotte,nl.p.d66,TG1,SW2,2,2,"De heer Graus is bang dat de heer Michiel Adriaenszoon de Ruyter zich omdraait in zijn graf, maar volgens mij zou hij zich omdraaien in zijn graf als hij nu naar u zou luisteren. || Hij bevoer de wereldzeeën om de vrije handel te beschermen.","Als alle landen dit doen, zijn wij slechter af. || Wat u nu eigenlijk zegt, is: laten we de Nederlandse producten op ooghoogte zetten, zodat mensen de buitenlandse producten niet kunnen zien.","Mr. Graus is afraid that Mr. Michiel Adriaenszoon de Ruyter would turn in his grave, but in my opinion, he would turn in his grave if he were to listen to you now. || He sailed the world's seas to protect free trade.","If all countries do this, we will be worse off. || What you are actually saying is: let's place the Dutch products at eye level so that people can't see the foreign products."
nl.proc.ob.d.h-tk-20172018-34-13.1.9.1,2017-12-13,Graus,nl.p.pvv,TG1,SW1,2,2,"Wij zijn al eeuwenlang de beste op het gebied van handel, scheepvaart en scheepsbouw. || Hoe gaat de regering samen met de Nederlandse maritieme sector ervoor zorgdragen dat Michiel Adriaenszoon de Ruyter zich niet hoeft om te keren in zijn graf en dat investeringsprogramma's inclusief aanbestedingen binnen de nationale driekleur blijven?","Wij willen een beschermingsplan voor bedrijven van nationaal belang, waaronder onze drie grote particuliere werkgevers: PostNL, Schiphol, KLM. || Hoe gaat de regering samen met de Nederlandse maritieme sector ervoor zorgdragen dat Michiel Adriaenszoon de Ruyter zich niet hoeft om te keren in zijn graf en dat investeringsprogramma's inclusief aanbestedingen binnen de nationale driekleur blijven?","We have been the best in trade, shipping, and shipbuilding for centuries. || How will the government work with the Dutch maritime sector to ensure that Michiel Adriaenszoon de Ruyter does not have to turn in his grave and that investment programs, including tenders, remain under the national flag?","We want a protection plan for companies of national importance, including our three major private employers: PostNL, Schiphol, KLM. || How will the government work with the Dutch maritime sector to ensure that Michiel Adriaenszoon de Ruyter does not have to turn in his grave and that investment programs, including tenders, remain under the national flag?"
nl.proc.ob.d.h-tk-20172018-36-20.1.3.1,2017-12-19,Martin Bosma,nl.p.pvv,TG1,SW1,1,1,"Het zou prachtig zijn als dat soort documenten en nog heel veel meer documenten, bijvoorbeeld de stichtingsakte van de VOC uit 1602, straks allemaal te zien zijn als we over een kleine acht jaar terugkomen in ons nederige stulpje.","Ik hoop dat er in het nieuwe Kamergebouw — we gaan eerst verhuizen en daarna komen we weer terug — meer aandacht zal komen voor onze geschiedenis, voor onze erfenis en voor waar we vandaan komen.","It would be wonderful if those kinds of documents, and many more, such as the founding charter of the VOC from 1602, are all on display when we return to our humble abode in about eight years.","I hope that in the new parliamentary building — we will move first and then come back — there will be more attention to our history, our heritage, and where we come from."
nl.proc.ob.d.h-tk-20172018-42-32.1.2.1,2018-01-23,Van Oosten,nl.p.vvd,TG1,SW1,2,2,Al in de tijd van de VOC trof men noodgedwongen maatregelen om zich tegen piraterij te beschermen. || Helaas is dat in onze moderne tijd niet anders.,"Maar alle inzet van Nederlandse marinemensen ten spijt, is het ook nodig dat het voor Nederlandse schepen mogelijk wordt — in navolging van wetgeving in alle ons omringende landen, zeg ik er dan bij — private beveiliging in te schakelen indien zo'n team niet mogelijk blijkt, bijvoorbeeld vanwege tijd- of ruimtegebrek. || Daarbij zijn de Nederlandse marine en onze mariniers cruciaal gebleken.","Even in the time of the Dutch East India Company, measures were taken out of necessity to protect against piracy. || Unfortunately, that is no different in our modern times.","However, despite all the efforts of Dutch naval personnel, it is also necessary for Dutch ships to be able to hire private security — following legislation in all the surrounding countries, I should add — if such a team is not possible, for example due to time or space constraints. || The Dutch navy and our marines have proven to be crucial in this regard."
nl.proc.ob.d.h-tk-20172018-56-22.1.7.1,2018-02-22,Geurts,nl.p.cda,TG1,SW1,2,2,"Een nog veel ouder voorbeeld, uit de zeventiende eeuw, was de weerstand tegen de consumptie van de toen nog nieuwe drank koffie. || We moeten, kortom, wel op basis van wetenschappelijke inzichten en met oog voor de praktische oplossingen handelen.","Een nog veel ouder voorbeeld, uit de zeventiende eeuw, was de weerstand tegen de consumptie van de toen nog nieuwe drank koffie. || We moeten, kortom, wel op basis van wetenschappelijke inzichten en met oog voor de praktische oplossingen handelen.","An even older example, from the seventeenth century, was the resistance to the consumption of the then-new drink coffee. || In short, we must act based on scientific insights and with an eye for practical solutions.","An even older example, from the seventeenth century, was the resistance to the consumption of the then-new drink coffee. || In short, we must act based on scientific insights and with an eye for practical solutions."
nl.proc.ob.d.h-tk-20172018-57-32.1.3.1,2018-03-06,Ten Broeke,nl.p.vvd,TG1,SW1,2,2,"Overigens schreef Hugo de Groot zijn Mare Liberum in opdracht van de VOC, de Vereenigde Oost-Indische Compagnie, in 1604. || Ik zou bijna zeggen: net zoals Hugo de Groot een tijd daarvoor, begreep ook admiraal De Ruyter al in de zeventiende eeuw de kern van ons wetsvoorstel, namelijk dat de condities voor het gebruik van geweld worden bepaald door de Staat en dat de uitvoering ervan, indien door de Staat bepaald, ook door particulieren ter hand kan worden genomen.","Dat inzicht, vastgelegd in dit boek, afgebeeld door de panelen in onze Statenpassage, is de basis voor het internationaal recht in de hele wereld, is bekend geworden via het beroemde Mare Liberum uit 1604, en is het uitgangspunt voor de initiatiefnemers van deze wet ter bescherming van de koopvaardij, door Martijn van Helvert, mijzelf, en ik wil ook graag oud-collega Raymond Knops hier niet onvermeld laten, die hier vandaag voorligt. || Ik zou bijna zeggen: net zoals Hugo de Groot een tijd daarvoor, begreep ook admiraal De Ruyter al in de zeventiende eeuw de kern van ons wetsvoorstel, namelijk dat de condities voor het gebruik van geweld worden bepaald door de Staat en dat de uitvoering ervan, indien door de Staat bepaald, ook door particulieren ter hand kan worden genomen.","Incidentally, Hugo Grotius wrote his Mare Liberum at the request of the VOC, the Dutch East India Company, in 1604. || I would almost say: just as Hugo de Groot understood some time before, Admiral De Ruyter also grasped the essence of our legislative proposal in the seventeenth century, namely that the conditions for the use of force are determined by the State and that the execution of it, if determined by the State, can also be carried out by individuals.","This insight, recorded in this book and depicted by the panels in our States Passage, forms the basis for international law worldwide, became known through the famous Mare Liberum from 1604, and serves as the starting point for the initiators of this law to protect merchant shipping, by Martijn van Helvert, myself, and I would also like to mention former colleague Raymond Knops, who is present here today. || I would almost say: just as Hugo de Groot understood some time before, Admiral De Ruyter also grasped the essence of our legislative proposal in the seventeenth century, namely that the conditions for the use of force are determined by the State and that the execution of it, if determined by the State, can also be carried out by individuals."
nl.proc.ob.d.h-tk-20172018-84-3.1.76.1,2018-05-23,Slootweg,nl.p.cda,TG1,SW3,2,12,Simon Schama gaf zijn boek over onze Gouden Eeuw niet voor niets de titel Overvloed en onbehagen mee. || Misschien zit dat ook een beetje in onze aard.,"Misschien zit dat ook een beetje in onze aard. || Simon Schama gaf zijn boek over onze Gouden Eeuw niet voor niets de titel Overvloed en onbehagen mee. || De filosoof Pascal Bruckner schreef in zijn boek """"Gij zult gelukkig zijn! || """" dat geluk als doel zo vaag is dat het door zijn onduidelijkheid onzeker maakt. || Er zijn minder en minder grote fouten bij de slotwetten dan in 2016. || Als alles goed lijkt te gaan, is het niet eenvoudig te erkennen dat er ook problemen kunnen zijn. || We zijn dan ook erg blij dat de problemen die door de Algemene Rekenkamer zijn aangekaart, door de ministers erkend worden en serieus worden genomen. || Natuurlijk, wanneer er zo veel indicatoren zijn, zal iedereen daar zijn eigen gelijk uit kunnen halen. || Er is voor iedereen wel een indicator te verzinnen die aangeeft dat de plannen van zijn of haar partij het betere antwoord geven op de problemen van vandaag en morgen, van hier naar voor wie wonen hier ver vandaan. || Wij zijn ook blij dat de ontwikkelaars aangeven dat er nog tijd nodig is om tot een beter model te komen. || We zijn ook benieuwd welke plek dit ondertussen heeft gekregen bij het kabinet. || Hoe meetbaar zijn tenslotte de investeringen in veiligheid en defensie?","Simon Schama did not give his book about our Golden Age the title ""Abundance and Discontent"" for nothing. || Maybe that's also a bit in our nature.","Maybe that's also a bit in our nature. || Simon Schama did not give his book about our Golden Age the title ""Abundance and Discontent"" for nothing. || The philosopher Pascal Bruckner wrote in his book ""You Shall Be Happy!"" || ""that happiness as a goal is so vague that its ambiguity makes it uncertain."" || There are fewer and fewer major mistakes in the closing bets than in 2016. || When everything seems to be going well, it is not easy to acknowledge that there may also be problems. || We are very pleased that the issues raised by the Court of Audit are acknowledged and taken seriously by the ministers. || Of course, when there are so many indicators, everyone will be able to draw their own conclusions from it. || There is an indicator to come up with for everyone that shows that the plans of their party provide a better answer to the problems of today and tomorrow, from here to those who live far away. || We are also glad that the developers indicate that more time is needed to arrive at a better model. || We are also curious about what position this has taken in the cabinet by now. || How measurable are investments in security and defense, after all?"
nl.proc.ob.d.h-tk-20172018-93-4.1.71.1,2018-06-13,Asscher,nl.p.pvda,TG4,SW2,2,2,"Ik vind het merkwaardig en neigend naar hypocriet als je in één moeite door de minister verwijt een mening te hebben over wat er in de canon moet komen, terwijl ze reageert op een betoog dat er meer aandacht zou moeten komen voor de Statenbijbel. || Beweert u dan hier dat dit, geheel los van uw opvatting en politieke invloed, een zuiver historische beschouwing was die u wilde meegeven aan de onafhankelijk deskundigen?","Ik vind het merkwaardig en neigend naar hypocriet als je in één moeite door de minister verwijt een mening te hebben over wat er in de canon moet komen, terwijl ze reageert op een betoog dat er meer aandacht zou moeten komen voor de Statenbijbel. || Beweert u dan hier dat dit, geheel los van uw opvatting en politieke invloed, een zuiver historische beschouwing was die u wilde meegeven aan de onafhankelijk deskundigen?","I find it remarkable and bordering on hypocritical when you simultaneously accuse the minister of having an opinion on what should be included in the canon, while she is responding to an argument that there should be more attention given to the States Bible. || Are you claiming here that this, entirely independent of your views and political influence, was a purely historical consideration that you wanted to convey to the independent experts?","I find it remarkable and bordering on hypocritical when you simultaneously accuse the minister of having an opinion on what should be included in the canon, while she is responding to an argument that there should be more attention given to the States Bible. || Are you claiming here that this, entirely independent of your views and political influence, was a purely historical consideration that you wanted to convey to the independent experts?"
nl.proc.ob.d.h-tk-20172018-93-4.1.81.1,2018-06-13,Ouwehand,nl.p.pvdd,TG4,SW2,2,1,"Ja, en ik vrees ook wel een beetje een herhaling, maar de reactie van de minister kwam toch echt nadat de SGP een tamelijk politiek gekleurd pleidooi hield voor de Statenbijbel in de canon. || Dus nogmaals de oproep aan de SGP om het wel zuiver te houden.","Als je aan de ene kant vindt dat de politiek zich er niet mee moet bemoeien, dan moet je niet eerst beginnen met je eigen politieke pleidooi en dan de minister allerlei verwijten in de schoenen schuiven die ze niet heeft verdiend.","Yes, and I do fear a bit of repetition, but the minister's response really came after the SGP made a rather politically colored plea for the State Bible to be included in the canon. || So once again, the call to the SGP to keep it clean.","If you believe that politics should not interfere, then you shouldn't start with your own political plea and then blame the minister for things she hasn't done."
nl.proc.ob.d.h-tk-20172018-96-8.1.76.1,2018-06-20,Van Raak,nl.p.sp,TG1,SW1,2,2,"Vanaf de zeventiende eeuw gebeurde dit door vooraanstaande burgers die symbolisch geweerschoten afvuurden voor het huis van de notabelen. || Dat dat goed ging, zeg ik maar tegen mevrouw Buitenweg.",Ik vind het goed dat de minister zegt dat gemeentes hier eigenlijk maatwerk moeten kunnen leveren. || Vanaf de zeventiende eeuw gebeurde dit door vooraanstaande burgers die symbolisch geweerschoten afvuurden voor het huis van de notabelen.,"Starting in the seventeenth century, this was done by prominent citizens who symbolically fired gunshots in front of the notable's house. || I just tell Mrs. Buitenweg that it went well.","I think it's good that the minister says that municipalities should actually be able to provide tailored solutions here. || Starting in the seventeenth century, this was done by prominent citizens who symbolically fired gunshots in front of the notable's house."
nl.proc.ob.d.h-tk-20172018-107-21.1.28.1,2018-09-11,Martin Bosma,nl.p.pvv,TG1,SW2,2,2,Maar linkse mensen hebben daar nooit belangstelling voor. || Michiel de Ruyter vocht tegen de moslimslaven.,"U bent alleen geïnteresseerd in slavernij als u Europeanen in het verdachtenbankje kunt zetten. || Als moslims de daders zijn, wil u het er niet over hebben.",But left-wing people are never interested in that. || Michiel de Ruyter fought against the Muslim slaves.,"You are only interested in slavery if you can put Europeans in the dock. || If Muslims are the perpetrators, you don't want to talk about it."
nl.proc.ob.d.h-tk-20182019-11-2.1.172.1,2018-10-10,Martin Bosma,nl.p.pvv,TG4,SW2,1,2,"Maar als u vergevingsgezind kunt zijn richting Johan van Oldenbarnevelt vanwege het feit dat hij de VOC heeft opgericht, dan heeft u een zo groot hart dat u niet alleen maar vanuit uw Brabantse perspectief moet denken, zou ik voorstellen.","Ik dank de heer Van Raak voor de steun voor mijn motie. || Maar als u vergevingsgezind kunt zijn richting Johan van Oldenbarnevelt vanwege het feit dat hij de VOC heeft opgericht, dan heeft u een zo groot hart dat u niet alleen maar vanuit uw Brabantse perspectief moet denken, zou ik voorstellen.","But if you can be forgiving towards Johan van Oldenbarnevelt because he founded the VOC, then you have such a big heart that you shouldn't only think from your Brabant perspective, I would suggest.","I thank Mr. Van Raak for his support of my motion. || But if you can be forgiving towards Johan van Oldenbarnevelt because he founded the VOC, then you have such a big heart that you shouldn't only think from your Brabant perspective, I would suggest."
nl.proc.ob.d.h-tk-20182019-11-2.1.39.1,2018-10-10,Van Raak,nl.p.sp,TG1,SW3,2,2,"Op 13 mei volgend jaar is het 400 jaar geleden dat Johan van Oldenbarnevelt hier achter ons, voor de Ridderzaal op het Binnenhof, is onthoofd door Maurits van Oranje, die hem beschuldigde van hoogverraad. || Daarachter ligt dus deze staatsman, die zo belangrijk is geweest in de 17de eeuw voor de strijd, de Tachtigjarige Oorlog tegen de koning van Spanje, en zo belangrijk is geweest voor de opbouw van de Republiek, de voorganger van het huidige Nederland.","Daarachter ligt dus deze staatsman, die zo belangrijk is geweest in de 17de eeuw voor de strijd, de Tachtigjarige Oorlog tegen de koning van Spanje, en zo belangrijk is geweest voor de opbouw van de Republiek, de voorganger van het huidige Nederland. || Op 13 mei volgend jaar is het 400 jaar geleden dat Johan van Oldenbarnevelt hier achter ons, voor de Ridderzaal op het Binnenhof, is onthoofd door Maurits van Oranje, die hem beschuldigde van hoogverraad.","On May 13 next year, it will be 400 years since Johan van Oldenbarnevelt was beheaded here behind us, in front of the Ridderzaal at the Binnenhof, by Maurits van Oranje, who accused him of high treason. || Behind that lies this statesman, who was so important in the 17th century for the struggle, the Eighty Years' War against the King of Spain, and who played a crucial role in the establishment of the Republic, the predecessor of present-day Netherlands.","Behind that lies this statesman, who was so important in the 17th century for the struggle, the Eighty Years' War against the King of Spain, and who played a crucial role in the establishment of the Republic, the predecessor of present-day Netherlands. || On May 13 next year, it will be 400 years since Johan van Oldenbarnevelt was beheaded here behind us, in front of the Ridderzaal at the Binnenhof, by Maurits van Oranje, who accused him of high treason."
nl.proc.ob.d.h-tk-20182019-11-2.1.40.1,2018-10-10,Martin Bosma,nl.p.pvv,TG4,SW4,2,3,Dat wil tegenwoordig in progressieve kringen nog weleens gevoelig liggen. || Johan van Oldenbarnevelt heeft ook de VOC gesticht.,Dat wil tegenwoordig in progressieve kringen nog weleens gevoelig liggen. Maar ik begrijp dat de heer Van Raak desondanks zegt: hiep hiep hoera voor Johan van Oldenbarnevelt? || Dat wil tegenwoordig in progressieve kringen nog weleens gevoelig liggen. || Maar ik begrijp dat de heer Van Raak desondanks zegt: hiep hiep hoera voor Johan van Oldenbarnevelt?,That can still be a sensitive issue in progressive circles these days. || Johan van Oldenbarnevelt also founded the VOC.,That can still be a sensitive topic in progressive circles these days. But I understand that Mr. Van Raak nonetheless says: hooray for Johan van Oldenbarnevelt? || That can still be a sensitive issue in progressive circles these days. || But I understand that Mr. Van Raak nevertheless says: hip hip hooray for Johan van Oldenbarnevelt?
nl.proc.ob.d.h-tk-20182019-11-2.1.41.1,2018-10-10,Van Raak,nl.p.sp,TG1,SW4,2,2,"Ik zou de minister-president willen vragen om eens te kijken of er ook onderzoek kan worden gedaan naar die grafkelders. || Die mensen zijn nu nog steeds van invloed op de politiek in Nederland, nu niet als VOC maar wel als Unilever.","Kijk eens wat daar ligt, en vooral: wie daar ligt. || En ook de duistere kanten wil ik zeker benoemd hebben. Hij is medeoprichter van de VOC, de eerste multinational.","I would like to ask the Prime Minister to look into whether research can be conducted on those burial vaults. || Those people still have an influence on politics in the Netherlands today, not as the VOC but as Unilever.","Look at what’s lying there, and especially: who is lying there. || And I definitely want to mention the darker sides as well. He is a co-founder of the VOC, the first multinational."
nl.proc.ob.d.h-tk-20182019-69-26.1.93.1,2019-04-02,Wiebes,,TG1,SW1,2,2,"Onze cultuur en ons succes zijn al sinds de zeventiende eeuw: openheid, handel en doorvoer. || Die multinationals handelen overal ter wereld, maar kiezen deze plek omdat hier die openheid is, omdat die doorvoer hier is, omdat kapitaal en goederen hier in en uit kunnen.",Hij is eigenlijk bezorgd over verkwanseling van Hollandse bedrijven. || Die trots wil ik ertegenover stellen.,"Our culture and our success have been based on openness, trade, and transit since the seventeenth century. || These multinationals operate all over the world, but choose this location because of the openness here, because of the transit here, because capital and goods can come in and out.",He is actually concerned about the squandering of Dutch companies. || I want to counter that pride.
nl.proc.ob.d.h-tk-20182019-69-26.1.97.1,2019-04-02,Futselaar,nl.p.sp,TG4,SW2,2,2,"Als een minister zijn beleid of het gebrek daaraan onderbouwt door terug te gaan naar de zeventiende eeuw, dan wordt de historicus in mij een beetje getriggerd. || Ik zal er hier geen uitgebreide beschouwing over geven, maar laten we wel vaststellen dat de eerste Nederlandse multinational, de VOC, een staatsmonopolie had en dat je de constatering dat er sprake was van vrijhandel met een grote korrel zout kunt nemen.","Als een minister zijn beleid of het gebrek daaraan onderbouwt door terug te gaan naar de zeventiende eeuw, dan wordt de historicus in mij een beetje getriggerd. || Ik zal er hier geen uitgebreide beschouwing over geven, maar laten we wel vaststellen dat de eerste Nederlandse multinational, de VOC, een staatsmonopolie had en dat je de constatering dat er sprake was van vrijhandel met een grote korrel zout kunt nemen.","When a minister justifies his policy or the lack thereof by going back to the seventeenth century, the historian in me gets a little triggered. || I won't provide an extensive discussion here, but let's acknowledge that the first Dutch multinational, the VOC, had a state monopoly, and you should take the assertion that there was free trade with a grain of salt.","When a minister justifies his policy or the lack thereof by going back to the seventeenth century, the historian in me gets a little triggered. || I won't provide an extensive discussion here, but let's acknowledge that the first Dutch multinational, the VOC, had a state monopoly, and you should take the assertion that there was free trade with a grain of salt."
nl.proc.ob.d.h-tk-20182019-99-7.1.22.1,2019-06-27,Martin Bosma,nl.p.pvv,TG4,SW2,2,2,Het VOC Café moet zijn naam veranderen? || De minister wil de geschiedenis onderwerpen aan diversiteitsgeneuzel en aan de multikul.,"Mevrouw de minister, hou op met het belasten van onze helden, onze VOC'ers die de vlag lieten wapperen over alle zeven wereldzeeën. || Minister, buig niet voor de haters die alleen maar willen jennen, alleen maar willen provoceren en die Nederlanders willen beroven van hun historie.",Does the VOC Café need to change its name? || The minister wants to subject history to diversity nonsense and multiculturalism.,"Madam Minister, stop burdening our heroes, our VOC members who flew the flag over all seven seas. || Minister, do not bow to the haters who only want to tease, only want to provoke, and who want to rob the Dutch people of their history."
nl.proc.ob.d.h-tk-20182019-104-8.1.25.1,2019-09-04,Palland,nl.p.cda,TG1,SW3,2,2,"Ik kijk ernaar uit om vanuit die traditie mijn bijdrage in dit huis te mogen leveren als Overijsselse met een achtergrond in het recht en ervaring als zelfstandige, een bijdrage vanuit het christendemocratische uitgangspunt dat de mens niet op zichzelf staat maar altijd in relatie tot de ander. || Kampen is een Hanzestad, een onderdeel van het hanzeverbond van een kleine tweehonderd internationale steden en hun kooplieden in de veertiende tot de zeventiende eeuw, en sinds 1980 weer actief, tot de dag van vandaag, in de Nieuwe Hanze.","Typische hanzewaarden zijn: ondernemerschap, verbondenheid en samenwerking, durf en lef, burgerzin en gemeenschapszin. || Ik voel me thuis in die regio, met deze historie en waardentraditie.","I look forward to contributing to this house from that tradition as someone from Overijssel with a background in law and experience as an entrepreneur, contributing from the Christian democratic perspective that a person does not stand alone but is always in relation to others. || Kampen is a Hanseatic city, part of the Hanseatic League of nearly two hundred international cities and their merchants from the fourteenth to the seventeenth century, and has been active again since 1980, continuing to this day, in the New Hanse.","Typical Hanseatic values are: entrepreneurship, connectedness and collaboration, courage and boldness, civic spirit, and community sense. || I feel at home in that region, with its history and tradition of values."
nl.proc.ob.d.h-tk-20192020-2-5.1.466.1,2019-09-18,Van der Staaij,nl.p.sgp,TG1,SW4,2,2,Ik hoef de premier niet uit te leggen dat hij staatsrechtelijk ook aanspreekbaar is op regeringsdaden uit het verleden. || Dat verkwanselen van nationaal erfgoed uit de Gouden Eeuw — mooie naam: Gouden Eeuw — uitgerekend in de Eeuw van de Rede kunnen we toch niet accepteren?,"Dat verkwanselen van nationaal erfgoed uit de Gouden Eeuw — mooie naam: Gouden Eeuw — uitgerekend in de Eeuw van de Rede kunnen we toch niet accepteren? || En zo ja, waarom is er niet ingegrepen?",I don't need to explain to the prime minister that he can also be held accountable for governmental actions from the past in a constitutional sense. || We cannot accept the squandering of national heritage from the Golden Age — a beautiful name: Golden Age — especially in the Age of Reason.,"We cannot accept the squandering of national heritage from the Golden Age — a beautiful name: Golden Age — especially in the Age of Reason. || And if so, why was there no intervention?"
nl.proc.ob.d.h-tk-20192020-3-6.1.398.1,2019-09-19,Dijkhoff,nl.p.vvd,TG4,SW3,2,2,"Prima als iemand anders dan weer zegt dat je geen """"Gouden Eeuw"""" meer mag zeggen. || Nou, ik blijf het wel zeggen, maar dan komt er op z'n minst discussie los.","Want het kan een misverstand zijn om te denken dat we allemaal heel ingetogen en vanzelfsprekend onze waarden delen en die wel zien, want sommigen doen dat ingetogen, terwijl andere mensen daar gewoon geen besef van hebben, niet de historie zien en het koesteren van wat verworven, opgebouwd en bevochten is niet als vanzelfsprekend ervaren. || Je hoeft niet fout door de straten te marcheren als een nationalist, maar ik zou willen dat we die identiteit wel meer delen en het daarover hebben.","It's fine if someone else says that you can no longer call it the ""Golden Age."" || Well, I’ll keep saying it, but at least it will spark a discussion.","It can be a misunderstanding to think that we all share our values in a very reserved and obvious way, as some do so quietly, while others simply lack awareness, do not see the history, and do not take for granted the cherishing of what has been acquired, built, and fought for. || You don't have to march through the streets like a nationalist, but I wish we would share that identity more and talk about it."
nl.proc.ob.d.h-tk-20192020-3-6.1.588.1,2019-09-19,Rutte,,TG2,SW1,2,2,"Ik vind van wel, maar mogen we het dan in ieder geval met elkaar erover eens zijn dat we met elkaar willen toewerken naar nieuwe gouden eeuw. || Wat mij betreft praten we ook over de zeventiende eeuw als een gouden eeuw.","De inzet van het kabinet in deze debatten met de Kamer is gericht op het bereiken van, als het enigszins kan, brede overeenstemming over het beleid, zodat het mogelijk is om een duurzame economische en maatschappelijke ontwikkeling te realiseren die voorwaarden schept voor een nieuwe gouden eeuw. || Of het nu gaat over klimaat, het langetermijnverdienvermogen van het land of de balans die nodig is tussen alle belangen van generaties mensen en ecologie.","I think so, but can we at least agree that we want to work together towards a new golden age? || As far as I'm concerned, we can also talk about the seventeenth century as a golden age.","The government's commitment in these debates with the House is aimed at achieving, as much as possible, broad consensus on the policy, so that it is possible to realize sustainable economic and social development that creates the conditions for a new golden age. || Whether it's about the climate, the long-term earning potential of the country, or the balance needed between all the interests of generations of people and ecology."
nl.proc.ob.d.h-tk-20192020-8-3.1.73.1,2019-10-02,Aukje de Vries,nl.p.vvd,TG2,SW1,1,3,"Laten we dat vooral allemaal gaan doen, zodat de 21ste eeuw weer een gouden eeuw kan worden: voor de economie, voor Nederland, voor de mensen in Nederland, voor banen en vooral voor de middeninkomens.","Waarom is de verhoging van box 2 voor ondernemers niet ook met een jaar uitgesteld? || Hoe gaat het kabinet ervoor zorgen dat we voldoende geld voor onderhoud en achterstallig onderhoud van onze infrastructuur hebben en tegelijkertijd voldoende kunnen investeren in nieuwe infrastructuur? || Laten we dat vooral allemaal gaan doen, zodat de 21ste eeuw weer een gouden eeuw kan worden: voor de economie, voor Nederland, voor de mensen in Nederland, voor banen en vooral voor de middeninkomens.","Let's all do that, so that the 21st century can become a golden age again: for the economy, for the Netherlands, for the people in the Netherlands, for jobs, and especially for middle incomes.","Why hasn't the increase in box 2 for entrepreneurs also been postponed by a year? || How will the cabinet ensure that we have enough money for maintenance and overdue maintenance of our infrastructure while also being able to invest sufficiently in new infrastructure? || Let's all do that, so that the 21st century can become a golden age again: for the economy, for the Netherlands, for the people in the Netherlands, for jobs, and especially for middle incomes."
nl.proc.ob.d.h-tk-20192020-20-3.1.274.1,2019-11-06,Van den Berge,nl.p.groenlinks,TG2,SW1,2,2,"Nu zal ik de laatste zijn om alles op te hemelen wat er in de zeventiende eeuw in Nederland gebeurde, maar respect en waardering voor het ambacht is toch wel iets wat we beter met elkaar hadden mogen behouden. Want hoe anders is het nu. || In de zeventiende eeuw kwam de Russische tsaar Peter de Grote naar Nederland om te leren hoe hij schepen moest bouwen.","Als ik naar de begroting kijk, valt me één ding op: het middelbaar beroepsonderwijs gaat erop achteruit. || Dat vraagt er wel om dat mbo-studenten die bijvoorbeeld in een studentenraad aanschuiven een goede financiële ondersteuning krijgen om dat fulltime te kunnen doen.","Now I will be the last to glorify everything that happened in the seventeenth century in the Netherlands, but respect and appreciation for the craft is something we could have better preserved together. Because how different it is now. || In the seventeenth century, the Russian Tsar Peter the Great came to the Netherlands to learn how to build ships.","When I look at the budget, one thing stands out to me: vocational education is declining. || This calls for vocational students who participate in a student council to receive adequate financial support to be able to do that full-time."
nl.proc.ob.d.h-tk-20192020-29-9.1.167.1,2019-11-27,Kuzu,nl.p.denk,TG1,SW4,2,2,"Nederland heeft ook een ereschuld richting Caribisch Nederland, de Antillen en Suriname gezien de eeuwenlange geschiedenis van slavernij. Die duurde van de zeventiende eeuw tot 1 juli 1863. || Honderden jaren van uitbuiting en vernedering zijn voorbijgegaan, maar serieuze compensatie is er nog nooit gekomen. Daarom vraag ik of en hoe de minister deze compensatie zou kunnen realiseren.","Nederland heeft ook een ereschuld richting Caribisch Nederland, de Antillen en Suriname gezien de eeuwenlange geschiedenis van slavernij. || Het schenken van de ontbrekende AOW-jaren zou hierin een eerste bescheiden stap kunnen zijn.","The Netherlands also has a historical debt to the Caribbean Netherlands, the Antilles, and Suriname due to the centuries-long history of slavery, which lasted from the seventeenth century until July 1, 1863. || Hundreds of years of exploitation and humiliation have passed, but serious compensation has never been provided. That is why I am asking whether and how the minister could achieve this compensation.","The Netherlands also has a debt of honor towards the Caribbean Netherlands, the Antilles, and Suriname due to the centuries-long history of slavery. || Granting the missing pension years could be a modest first step in this regard."
nl.proc.ob.d.h-tk-20192020-57-4.1.59.1,2020-02-20,Van der Staaij,nl.p.sgp,TG1,SW2,1,2,De afspraak was namelijk om de marinierskazerne te verplaatsen naar de stad van Michiel de Ruyter en zo compensatie te bieden voor het weghalen van allerlei rijksdiensten uit Zeeland.,"Als je hen zo witheet krijgt als ze nu zijn en als zo'n kalme bestuurder als de commissaris van de Koning Polman zich zo verontwaardigd heeft geuit, dan mag je als staatssecretaris, dan mag je als kabinet toch wel echt eens heel goed in de spiegel kijken. || Wat wij deze staatssecretaris en dit kabinet kwalijk nemen, is dat niet met open vizier met Zeeland overlegd is.",The agreement was to relocate the marine barracks to the city of Michiel de Ruyter and thus provide compensation for the removal of various government services from Zeeland.,"If you get them as furious as they are now, and if such a calm leader as the Commissioner of the King, Polman, has expressed his outrage like this, then as a state secretary, as a cabinet, you really should take a good look in the mirror. || What we hold against this secretary of state and this cabinet is that they did not consult with Zeeland openly."
nl.proc.ob.d.h-tk-20192020-99-7.1.245.1,2020-09-09,Rutte,,TG3,SW2,1,2,"Dat kunnen we toch niet helemaal weggooien door te zeggen: we gaan terug naar de staatsvorming uit de zeventiende eeuw, uit 1648?","Wat de heer Baudet dan doet, snap ik wel. Hij pakt die woorden van mij en zegt dan: o, dat betekent dus dat, altijd als er iets gebeurt, Rutte zal zeggen dat we moeten voorkomen dat die landen omvallen. || Dat kunnen we toch niet helemaal weggooien door te zeggen: we gaan terug naar de staatsvorming uit de zeventiende eeuw, uit 1648?","We can't just completely discard that by saying: we're going back to the state formation of the seventeenth century, from 1648?","What Mr. Baudet is doing, I understand. He takes my words and then says: oh, that means that whenever something happens, Rutte will say that we need to prevent those countries from collapsing. || We can't just completely discard that by saying: we're going back to the state formation of the seventeenth century, from 1648?"
nl.proc.ob.d.h-tk-20202021-11-8.1.3.1,2020-10-07,Martin Bosma,nl.p.pvv,TG1,SW4,2,2,"Waarom altijd weer die zelfhaat tegen onze eigen mensen, onze eigen cultuur, tegen onze feesten, straatnamen, standbeelden, onze VOC en onze Zwarte Piet? || Daar werd waarlijk iets groots verricht.","Waarom dat wentelen in schuld en boete? || Echt, geen Indonesiër zit te wachten op excuses.","Why always that self-hatred against our own people, our own culture, against our celebrations, street names, statues, our VOC, and our Black Pete? || There was truly something great accomplished there.","Why wallow in guilt and punishment? || Honestly, no Indonesian is waiting for an apology."
nl.proc.ob.d.h-tk-20202021-11-8.1.31.1,2020-10-07,Bisschop,nl.p.sgp,TG4,SW2,2,2,"De bevestiging van die woorden zie je in wat onder andere de laatste maanden te doen is als het gaat om de storm van kritiek op zogenaamde foute standbeelden of het in ongenade vallen van het begrip Gouden Eeuw in musea. || Anders gezegd, welke garantie geeft de minister-president dat hij er alles aan zal doen om ervoor te zorgen dat de gouden koets, die Prinsjesdag tot genoegen van velen al meer dan een eeuw mede glans geeft, blijft rijden?",De premier heeft gelukkig gezegd dat de stalling in een museum slechts tijdelijk is. || Zonder klip-en-klaar antwoord zal ik de Kamer hierover een uitspraak vragen.,"The confirmation of those words can be seen in what has been happening in recent months regarding the storm of criticism over so-called controversial statues or the decline in the appreciation of the term Golden Age in museums. || In other words, what guarantee does the Prime Minister give that he will do everything possible to ensure that the golden carriage, which has been adding to the splendor of Prinsjesdag for over a century to the delight of many, continues to operate?","The prime minister has fortunately said that the storage in a museum is only temporary. || Without a clear-cut answer, I will ask the Chamber for a statement on this matter."
nl.proc.ob.d.h-tk-20202021-16-45.1.3.1,2020-10-27,Van Aalst,nl.p.pvv,TG2,SW1,1,3,In de Gouden Eeuw hadden we het ook niet zo op met al die Brusselse regels die ons havenleven aan banden wilden leggen.,Keer op keer merken we dat het ene na het andere Brusselse dictaat in de Nederlandse wet wordt verankerd. || De PVV is van mening dat we deze EU-verordening niet nodig hebben. || Wat de PVV betreft doen we dat vandaag ook.,"In the Golden Age, we weren't too fond of all those Brussels regulations that wanted to restrict our port life.","Time and again, we notice that one Brussels dictate after another is being enshrined in Dutch law. || The PVV believes that we do not need this EU regulation. || As far as the PVV is concerned, we are doing that today as well."
nl.proc.ob.d.h-tk-20202021-77-8.1.145.1,2021-05-19,Kerseboom,nl.p.fvd,TG1,SW3,2,2,"Maar ik ben ook de vrucht van de VOC, van de Cape Malay-slaven, van Krotoa, van Engels kolonialisme, van een geschiedenis van heldhaftigheid, maar ook van diep trauma. || Ik draag de geschiedenis van vele naties, van vele mensen en vele talen.","Hoewel de overeenkomsten soms moeilijk te vinden zijn, delen we dit: onze liefde voor ons Nederland en een vastberaden toewijding om haar bevolking te dienen. || Ik ben een Nederlander.","But I am also the fruit of the VOC, of the Cape Malay slaves, of Krotoa, of English colonialism, of a history of heroism, but also of deep trauma. || I carry the history of many nations, many people, and many languages.","Although the similarities can sometimes be hard to find, we share this: our love for our Netherlands and a steadfast commitment to serve its people. || I am Dutch."
nl.proc.ob.d.h-tk-20202021-99-51.1.20.1,2021-07-08,Van Baarle,nl.p.denk,TG1,SW4,3,2,"Motie: De Kamer,gehoord de beraadslaging,constaterende dat de Dialooggroep Slavernijverleden adviseert om in de wet op te nemen dat de slavernij en slavenhandel die tussen de zeventiende eeuw en 1 juli 1863 direct of indirect onder Nederlands gezag hebben plaatsgevonden, misdaden tegen de menselijkheid waren;spreekt uit dat het Nederlands slavernijverleden een misdaad tegen de mensheid was,en gaat over tot de orde van de dag. || Motie: De Kamer,gehoord de beraadslaging,constaterende dat de Dialooggroep Slavernijverleden adviseert om in de wet op te nemen dat de slavernij en slavenhandel die tussen de zeventiende eeuw en 1 juli 1863 direct of indirect onder Nederlands gezag hebben plaatsgevonden, misdaden tegen de menselijkheid waren; || spreekt uit dat het Nederlands slavernijverleden een misdaad tegen de mensheid was,en gaat over tot de orde van de dag.","spreekt uit dat het Nederlands slavernijverleden een misdaad tegen de mensheid was,en gaat over tot de orde van de dag. || Motie: De Kamer,gehoord de beraadslaging,constaterende dat de Dialooggroep Slavernijverleden adviseert om in de wet op te nemen dat de slavernij en slavenhandel die tussen de zeventiende eeuw en 1 juli 1863 direct of indirect onder Nederlands gezag hebben plaatsgevonden, misdaden tegen de menselijkheid waren;","Motion: The Chamber, having heard the deliberation, noting that the Dialogue Group on the Legacy of Slavery advises that the law should state that the slavery and slave trade that took place under Dutch authority, directly or indirectly, between the seventeenth century and July 1, 1863, were crimes against humanity; declares that the Dutch history of slavery was a crime against humanity, and proceeds to the order of the day. || Motion: The Chamber, having heard the deliberation, noting that the Dialogue Group on the Legacy of Slavery advises that the law should state that the slavery and slave trade that took place under Dutch authority, directly or indirectly, between the seventeenth century and July 1, 1863, were crimes against humanity; || states that the Dutch history of slavery was a crime against humanity, and moves on to the agenda.","states that the Dutch history of slavery was a crime against humanity, and moves on to the agenda. || Motion: The Chamber, having heard the deliberation, noting that the Dialogue Group on the Legacy of Slavery advises that the law should state that the slavery and slave trade that took place under Dutch authority, directly or indirectly, between the seventeenth century and July 1, 1863, were crimes against humanity;"
nl.proc.ob.d.h-tk-20202021-99-51.1.3.1,2021-07-08,Belhaj,nl.p.d66,TG1,SW4,2,2,"overwegende dat om tot herstel te komen, zodat een gezamenlijke toekomst mogelijk is, erkenning van het leed noodzakelijk is; || Motie: De Kamer,gehoord de beraadslaging,overwegende dat de slavenhandel en de slavernij die tussen de zeventiende eeuw en 1 juli 1873 direct of indirect onder Nederlands gezag hebben plaatsgevonden, misdrijven tegen de menselijkheid waren;","spreekt uit dat de Nederlandse Staat excuses zou moeten aanbieden voor het slavernijverleden,en gaat over tot de orde van de dag. || overwegende dat om tot herstel te komen, zodat een gezamenlijke toekomst mogelijk is, erkenning van het leed noodzakelijk is;","Considering that recognition of the suffering is necessary to achieve healing, so that a shared future is possible; || Motion: The Chamber, having heard the deliberation, considering that the slave trade and slavery that took place under Dutch authority, directly or indirectly, between the seventeenth century and July 1, 1873, were crimes against humanity;","states that the Dutch State should apologize for its slavery past, and moves on to the next item on the agenda. || Considering that recognition of the suffering is necessary to achieve healing, so that a shared future is possible;"
nl.proc.ob.d.h-tk-20202021-103-7.1.109.1,2021-09-08,Ellian,nl.p.vvd,TG1,SW3,1,3,"Het feit dat we hier vandaag op deze bijzondere plek — oké, ietsje minder bijzonder dan het Binnenhof — in vrijheid met elkaar spreken, is omdat andere helden gestreden hebben voor dat recht.","In het vrije en verlichte Nederland waar mijn ouders en ik zo van houden, het land van de oranje leeuw, het land waar in het zesde couplet van het volkslied staat: de tirannie verdrijven die mijn mijn hart doorwondt. || Nu ik lid mag zijn van de Tweede Kamer der Staten-Generaal van het Koninkrijk der Nederlanden, voel ik het als mijn plicht om alles wat in mij zit, elke kracht, elke inspanning, elke druppel zweet, te geven voor bescherming van het vrije en verlichte Nederland waar mijn ouders zich zo thuis zijn gaan voelen, en om te knokken voor verbetering van onze constitutie, zoals anderen dat ooit ook gedaan hebben. || Maar we zullen altijd strijden tegen tirannie.","The fact that we are here today in this special place — okay, a little less special than the Binnenhof — speaking freely with each other is because other heroes fought for that right.","In the free and enlightened Netherlands that my parents and I love so much, the land of the orange lion, the country where the sixth verse of the national anthem states: to drive out the tyranny that wounds my heart. || Now that I am allowed to be a member of the House of Representatives of the States General of the Kingdom of the Netherlands, I feel it is my duty to give everything I have, every ounce of strength, every effort, every drop of sweat, to protect the free and enlightened Netherlands where my parents have felt so at home, and to fight for the improvement of our constitution, just as others have done in the past. || But we will always fight against tyranny."
nl.proc.ob.d.h-tk-20212022-2-2.1.80.1,2021-09-22,Wilders,nl.p.pvv,TG4,SW2,2,2,"Van Zwarte Piet tot het woord """"blank"""", van de VOC tot de gouden koets: alles willen ze verbieden. || Wij zijn trots op onze Gouden Eeuw, op onze nationale helden als Piet Hein, en niemand, maar dan ook helemaal niemand, neemt dat van ons af.","Nooit zullen wij ons aanpassen aan jullie zelfhaat, nooit! || Niets mag meer van ze.","From Black Pete to the word ""white,"" from the Dutch East India Company to the Golden Coach: they want to ban everything. || We are proud of our Golden Age, of our national heroes like Piet Hein, and no one, absolutely no one, can take that away from us.","We will never adapt to your self-hatred, never! || Nothing is allowed from them anymore."
nl.proc.ob.d.h-tk-20212022-3-5.1.416.1,2021-09-23,Jetten,nl.p.d66,TG1,SW4,2,2,"Het is ook niet zo heel lang geleden dat de Nederlandse Staat en de VOC, waar wij de rechtsopvolger van zijn, handelden in mensen en tot slaaf gemaakte mensen aan het werk zetten en mishandelden of vermoordden als ze even niet deden wat wij als slavenhouders dan van hen wilden. || Ja, het is wat langer geleden dan de Tweede Wereldoorlog, maar het is ook niet zo heel lang geleden.","Voor de Nederlanders die elke dag als ze in de spiegel kijken eerst hun zwarte huidskleur zien en weten dat ze daardoor minder kansen hebben in het leven, voor hen kunnen die excuses belangrijk zijn. || Het is ook niet zo heel lang geleden dat de Nederlandse Staat en de VOC, waar wij de rechtsopvolger van zijn, handelden in mensen en tot slaaf gemaakte mensen aan het werk zetten en mishandelden of vermoordden als ze even niet deden wat wij als slavenhouders dan van hen wilden.","It wasn't that long ago that the Dutch State and the VOC, of which we are the legal successor, traded in people and forced enslaved individuals to work, mistreating or murdering them if they didn't do what we, as slaveholders, wanted. || Yes, it was longer ago than World War II, but it wasn't that long ago either.","For the Dutch people who see their black skin first when they look in the mirror every day and know that it gives them fewer opportunities in life, those excuses can be important. || It wasn't that long ago that the Dutch State and the VOC, of which we are the legal successor, traded in people and forced enslaved individuals to work, mistreating or murdering them if they didn't do what we, as slaveholders, wanted."
nl.proc.ob.d.h-tk-20212022-8-8.1.37.1,2021-10-06,Martin Bosma,nl.p.pvv,TG4,SW3,4,2,"Musea vallen onze helden aan, zoals Michiel de Ruyter. || Ik spreek op straat veel mensen die zeggen: geweldig, PVV! || Vaak zeggen ze: op mijn werk mag niemand het weten hoor, maar ik stem op jullie; || Het is misschien in een laatje, maar dan moet je zeggen: hé, het laatje van de PVV is leeg.","Musea vallen onze helden aan, zoals Michiel de Ruyter. || Alles dient de staatsideologie te verkondigen.","Museums attack our heroes, like Michiel de Ruyter. || I speak to many people on the street who say: great, PVV! || They often say: no one at my work should know, but I vote for you. || It might be in a drawer, but then you have to say: hey, the drawer of the PVV is empty.","Museums attack our heroes, like Michiel de Ruyter. || Everything must promote the state ideology."
nl.proc.ob.d.h-tk-20212022-14-3.1.7.1,2021-10-27,Martin Bosma,nl.p.pvv,TG4,SW2,2,4,"Onze kinderen leren daar bijvoorbeeld dat Michiel de Ruyter van zijn voetstuk is gevallen. || Musea schaffen de term """"Gouden Eeuw"""" af.","Onze kinderen leren daar bijvoorbeeld dat Michiel de Ruyter van zijn voetstuk is gevallen. || Wat maakt 10 centimeter meer of minder nou eigenlijk nog uit? || D66-minister Van Engelshoven kondigt aan met Johan Derksen, een journalist, te gaan praten omdat hij een grap over homo's maakt die zij niet leuk vindt. || Het maakt allemaal duidelijk: wie de sekte uitdaagt, wordt gesloopt door de rechter.","Our children learn there, for example, that Michiel de Ruyter has fallen from his pedestal. || Museums are abolishing the term ""Golden Age.""","Our children learn there, for example, that Michiel de Ruyter has fallen from his pedestal. || What does 10 centimeters more or less actually matter? || D66 minister Van Engelshoven announces that she will talk to journalist Johan Derksen because he made a joke about gay people that she does not find funny. || It all becomes clear: anyone who challenges the sect is crushed by the court."
nl.proc.ob.d.h-tk-20212022-26-6.1.193.1,2021-11-24,Valstar,nl.p.vvd,TG1,SW1,2,2,"Hoewel Nederland zich in de nadagen van de Gouden Eeuw bevond en de groei van de economie verder afzwakte, bleven drommen jonge, ongetrouwde Duitsers naar Nederland komen. || Al vanaf de zeventiende eeuw met tienduizenden per jaar, puur en eenvoudig om werkervaring op te doen in de ambachten, op het platteland of in de scheepvaart.",Migranten hoeven dan niet via die levensgevaarlijke smokkelroutes naar Europa te komen. || Met bijna 60% is arbeidsmigratie nog steeds de grootste vorm van emigratie naar ons land.,"Although the Netherlands was in the twilight of its Golden Age and the growth of the economy was further slowing down, crowds of young, unmarried Germans continued to come to the Netherlands. || Since the seventeenth century, tens of thousands each year, purely and simply to gain work experience in trades, in agriculture, or in shipping.","Migrants will not have to take those life-threatening smuggling routes to get to Europe. || With nearly 60%, labor migration is still the largest form of immigration to our country."
nl.proc.ob.d.h-tk-20212022-38-6.1.124.1,2022-01-18,Wilders,nl.p.pvv,TG4,SW2,2,2,"Je hebt in Nederland inmiddels al een probleem als je opkomt voor onze eigen cultuur, voor onze historische nationale helden als Michiel de Ruyter en voor Zwarte Piet, als je je uitspreekt, zoals ik net deed, tegen hoofddoekjes en boerka's, zoals ook die dappere Erica Meiland deed, of als je je verzet tegen het verwijderen van straatnamen of het introduceren van genderneutrale toiletten of lhtbq+-zebrapaden. || De prijs die je voor dit alles betaalt, alleen maar als je er kritiek op hebt, is dat je wordt verketterd en gecanceld door al die woke gestoorden.","Rutte en Kaag creëren hier een paradijs voor linkse gekkies en buitenlanders, maar maken ons land voor gewone Nederlanders een hel. || 000 woningen per jaar erbij willen bouwen, maar als je ieder jaar net zo veel immigranten toelaat, dan schieten we daar natuurlijk niet zo veel mee op.","In the Netherlands, you already have a problem if you stand up for our own culture, for our historical national heroes like Michiel de Ruyter and for Zwarte Piet, if you speak out, as I just did, against headscarves and burqas, as the brave Erica Meiland also did, or if you oppose the removal of street names or the introduction of gender-neutral toilets or LGBTQ+ crosswalks. || The price you pay for all of this, only if you criticize it, is that you are vilified and canceled by all those woke crazies.","Rutte and Kaag are creating a paradise here for leftist crazies and foreigners, but turning our country into a hell for ordinary Dutch people. || We want to build 000 homes per year, but if you allow the same number of immigrants each year, then we won't make much progress with that."
nl.proc.ob.d.h-tk-20212022-50-21.1.180.1,2022-02-15,Martin Bosma,nl.p.pvv,TG4,SW2,2,2,Pak musea aan als die onze nationale helden belachelijk proberen te maken. || Handen af van Michiel de Ruyter en Willem van Oranje.,Pak musea aan als die onze nationale helden belachelijk proberen te maken. || Handen af van Michiel de Ruyter en Willem van Oranje.,Address museums when they try to ridicule our national heroes. || Hands off Michiel de Ruyter and William of Orange.,Address museums when they try to ridicule our national heroes. || Hands off Michiel de Ruyter and William of Orange.
nl.proc.ob.d.h-tk-20222023-2-2.1.72.1,2022-09-21,Wilders,nl.p.pvv,TG1,SW2,2,2,"Het jaar 1672 was het grote Rampjaar en het dieptepunt in de Nederlandse geschiedenis. || Toen, in 1672, kwam de ellende van buiten.","Nu, in 2022, komt de ellende van binnen, want daar, in vak-K, zitten ze: degenen die Nederland nu op een radeloze manier in diepe ellende storten en het volk reddeloos achterlaten. || Premier Rutte heeft Nederland van de ene in de andere crisis gestort: een asielcrisis, een koopkrachtcrisis, een stikstofcrisis, een toeslagencrisis, een energiecrisis, een wooncrisis, een zorgcrisis en nog een asielcrisis.","The year 1672 was the Great Disaster Year and the low point in Dutch history. || Then, in 1672, the misery came from outside.","Now, in 2022, the misery comes from within, because there, in section K, they sit: those who are now plunging the Netherlands into deep despair in a desperate manner and leaving the people hopeless. || Prime Minister Rutte has plunged the Netherlands from one crisis into another: an asylum crisis, a purchasing power crisis, a nitrogen crisis, a benefits crisis, an energy crisis, a housing crisis, a healthcare crisis, and yet another asylum crisis."
nl.proc.ob.d.h-tk-20222023-2-5.1.559.1,2022-09-21,Gündoğan,nl.p.lid gündoğan,TG2,SW2,2,2,"De vrijheid van meningsuiting mocht volgens hem om twee redenen worden beknot. || Maar vandaag de dag vraag je je af waar die Verlichting toch is gebleven: de letterlijke verlichting, die onder druk staat doordat mensen energierekeningen vrezen, maar ook de figuurlijke Verlichting, waarin de rede voor en boven alles wordt gesteld.","Wij allen horen, zoals vastgelegd in de Grondwet, het algemeen belang te dienen en niet de eigen achterban, maar opnieuw durfde de VVD bij monde van mevrouw Yeşilgöz zich neer te zetten als het redelijke midden tussen extreemrechts en woke in. || De VVD is de partij die jaar in, jaar uit de rechtsstaat molesteert, want hoe kun je vrij zijn in een land waar rekeningen je achtervolgen?","According to him, freedom of speech could be restricted for two reasons. || But nowadays you wonder where that Enlightenment has gone: the literal enlightenment, which is under pressure because people fear energy bills, but also the figurative Enlightenment, in which reason is prioritized above all else.","We all, as stated in the Constitution, are to serve the common good and not our own supporters, yet once again the VVD, through Ms. Yeşilgöz, dared to position itself as the reasonable middle ground between the far right and the woke. || The VVD is the party that undermines the rule of law year in and year out, because how can you be free in a country where debts haunt you?"
nl.proc.ob.d.h-tk-20222023-3-7.1.446.1,2022-09-22,Segers,nl.p.christenunie,TG1,SW4,2,2,"Hij kon geen Nederlands lezen, maar die bijbel was hem zo dierbaar dat hij iedere keer zijn hand op die bijbel legde, een statenbijbel. || Wat je ook gelooft, wat je overtuiging ook is: ik hoop dat de woorden van weleer, van heel lang geleden, die resoneerden in het leven van Franklin Roosevelt, ook ons aanmoedigen om te streven naar gerechtigheid en barmhartigheid en om zelf ook steeds vredestichters te zijn.","Gelukkig wie hongeren en dorsten naar gerechtigheid, want zij zullen verzadigd worden. || Wat je ook gelooft, wat je overtuiging ook is: ik hoop dat de woorden van weleer, van heel lang geleden, die resoneerden in het leven van Franklin Roosevelt, ook ons aanmoedigen om te streven naar gerechtigheid en barmhartigheid en om zelf ook steeds vredestichters te zijn.","He couldn't read Dutch, but that Bible was so dear to him that he placed his hand on it every time, a States Bible. || Whatever you believe, whatever your conviction is: I hope that the words of old, from long ago, which resonated in the life of Franklin Roosevelt, will also encourage us to strive for justice and compassion and to always be peacemakers ourselves.","Blessed are those who hunger and thirst for righteousness, for they shall be satisfied. || Whatever you believe, whatever your conviction is: I hope that the words of old, from long ago, which resonated in the life of Franklin Roosevelt, will also encourage us to strive for justice and compassion and to always be peacemakers ourselves."
nl.proc.ob.d.h-tk-20222023-27-3.1.187.1,2022-11-24,Hoekstra,,TG1,SW1,2,2,"In een van die boeken, over stadhouder Willem III en Lodewijk XIV, beschrijft hij haarfijn hoe de Republiek in de zeventiende eeuw al niet accepteerde dat Frankrijk en Engeland zich bemoeiden met hun landgenoten of ex-landgenoten die in Amsterdam woonden. || Wij hebben een eeuwenlange traditie om iedereen die zich binnen onze landsgrenzen bevindt te willen onttrekken aan de invloed van buitenlandse mogendheden.","Ook gegeven alle discussies die je dan misschien hebt over het wel of niet mogen registreren van gegevens, vind ik sowieso dat als je op een gegeven moment de conclusie trekt dat mensen uit specifieke diaspora's daar vaak mee te maken hebben, je daar actief het gesprek over zou moeten aangaan. || Vanuit die grondhouding en die traditie ben ik het zeer eens met wat mevrouw Piri zegt.","In one of those books, about Stadtholder William III and Louis XIV, he describes in detail how the Republic in the seventeenth century did not accept that France and England interfered with their compatriots or former compatriots living in Amsterdam. || We have a centuries-old tradition of wanting to free everyone within our borders from the influence of foreign powers.","Also, given all the discussions you might have about whether or not to register data, I believe that if you eventually conclude that people from specific diasporas often deal with this, you should actively engage in a conversation about it. || From that mindset and tradition, I completely agree with what Ms. Piri says."
nl.proc.ob.d.h-tk-20222023-29-8.1.236.1,2022-11-30,Baudet,nl.p.fvd,TG1,SW1,2,2,"Er is een natuurlijke opwarming van de aarde vanaf ongeveer 1850, toen de kleine ijstijd eindigde. || Er is op een gegeven moment met een olifant over de Theems gelopen in Londen, omdat er zulke strenge winters waren.",We kennen allemaal die wintergezichten van Avercamp en anderen. || Er zijn eigenlijk twee ontwikkelingen.,"There has been a natural warming of the Earth since around 1850, when the Little Ice Age ended. || At one point, an elephant walked over the Thames in London because the winters were so harsh.",We all know those winter scenes by Avercamp and others. || There are actually two developments.
nl.proc.ob.d.h-tk-20222023-42-4.1.49.1,2023-01-19,Martin Bosma,nl.p.pvv,TG4,SW2,3,3,Net als in communistische dictaturen wordt de geschiedenis herschreven. Eeuwen leerden onze kinderen vol trots over de Gouden Eeuw en de VOC. || Eeuwen leerden onze kinderen vol trots over de Gouden Eeuw en de VOC. || Net als in communistische dictaturen wordt de geschiedenis herschreven.,"Alle instituties moeten aan de eenheidsworst van die groep voldoen. || De machtspartij bij uitstek, D66, ooit een libertaire partij, startte haar verkiezingscampagne met het wegzetten van kritische en ontevreden burgers als extreemrechts; || Elke school is bezig met non-binaire toestanden en gendergeneuzel.","Just like in communist dictatorships, history is being rewritten. For centuries, our children proudly learned about the Golden Age and the VOC. || For centuries, our children learned with pride about the Golden Age and the VOC. || Just like in communist dictatorships, history is being rewritten.","All institutions must conform to the uniformity of that group. || The quintessential power party, D66, once a libertarian party, kicked off its election campaign by labeling critical and dissatisfied citizens as far-right. || Every school is dealing with non-binary issues and gender nonsense."
nl.proc.ob.d.h-tk-20222023-44-5.1.104.1,2023-01-25,Martin Bosma,nl.p.pvv,TG4,SW2,2,3,"Deze woke-ideologie heerst in de kunst, in de musea en op de universiteiten. || De term """"Gouden Eeuw"""" is geschrapt, want slavernij.","D66-ministers Dijkgraaf en Van Engelshoven hebben dat wokisme aangewakkerd. || """" Op de Universiteit van Amsterdam is nu een wetenschapper in de problemen omdat hij de relatie wil onderzoeken tussen islam en homogeweld. || In de progressieve media zien we de afkeer van blanken, oftewel witte mannen.","This woke ideology prevails in the arts, in museums, and at universities. || The term ""Golden Age"" has been removed due to slavery.","D66 ministers Dijkgraaf and Van Engelshoven have fueled that wokeness. || ""At the University of Amsterdam, a scientist is now in trouble for wanting to investigate the relationship between Islam and violence against homosexuals."" || In the progressive media, we see a disdain for white people, or rather white men."
nl.proc.ob.d.h-tk-20222023-44-5.1.113.1,2023-01-25,Teunissen,nl.p.pvdd,TG1,SW1,2,3,Nu is dan ook de vraag hoe wij verder verantwoordelijkheid gaan nemen. || De rol van de VOC bij de slavenhandel is slechts beperkt genoemd.,"Op welke manier gaat het kabinet hier invulling aan geven? || En is het kabinet bereid om een voorstel vóór 1 juli naar de Kamer te sturen? || Dan het bewustwordingsfonds van 200 miljoen, waarvan het doel en de concrete invulling nog samen met de betrokken gemeenschappen ingevuld gaan worden.",Now the question is how we will take responsibility moving forward. || The role of the VOC in the slave trade is only mentioned briefly.,"In what way will the cabinet address this? || Is the cabinet willing to send a proposal to the House before July 1? || Then the awareness fund of 200 million, the purpose and concrete implementation of which will still be developed together with the involved communities."
nl.proc.ob.d.h-tk-20222023-44-5.1.34.1,2023-01-25,Leijten,nl.p.sp,TG4,SW4,2,2,"Het zou mooi zijn als we dat allemaal zouden kunnen bezien, zonder iets meer of minder waard te maken. || In zo'n nationaal historisch museum kunnen we de Gouden Eeuw en de bloedige eeuw naast mekaar presenteren.","Ik denk dat dat echt iets is wat nog een extra opdracht is aan dit kabinet, om te voorkomen dat die fondsen gaan werken voor de mensen die het verhaal al vertellen of alleen gaan werken voor de mensen die het verhaal toch al horen. || Natuurlijk is het belangrijk dat er een slavernijmuseum komt, in al zijn facetten en in al zijn gelaagdheid, maar het is wel weer een onderdeel van die zwarte geschiedenis en die bloedige geschiedenis.","It would be nice if we could all view that without assigning more or less value to it. || In such a national historical museum, we can present the Golden Age and the bloody century side by side.","I think that's really an additional task for this cabinet, to prevent those funds from benefiting the people who are already telling the story or only working for those who are already hearing it. || Of course, it is important that a slavery museum is established, in all its facets and layers, but it is again a part of that dark history and that bloody history."
nl.proc.ob.d.h-tk-20222023-44-5.1.4.1,2023-01-25,Piri,nl.p.pvda,TG3,SW4,2,2,"We kunnen ons nu niet langer voorstellen hoe dit systeem als normaal werd gezien, maar ook toen kwamen mensen in opstand. || Het plaatst de Gouden Eeuw in een heel ander daglicht.","Voorafgaand aan het herdenkingsjaar, dat op 1 juli van start gaat, is het belangrijk dat wij ook hier in de Kamer uitgebreid stilstaan bij deze zwarte pagina's van onze geschiedenis en bij de doorwerking van de slavernij in het heden. || Na de excuses is het nu tijd om te werken aan verzoening.","We can no longer imagine how this system was seen as normal, but even then, people rebelled. || It puts the Golden Age in a completely different light.","Before the commemoration year, which starts on July 1, it is important that we also take the time in this Chamber to reflect on these dark pages of our history and the impact of slavery in the present. || After the apologies, it is now time to work on reconciliation."
nl.proc.ob.d.h-tk-20222023-44-9.1.25.1,2023-01-25,Eerdmans,nl.p.ja21,TG3,SW1,2,2,"Of kunnen we een claim gaan indienen bij Marokko? Die hebben namelijk in de zestiende en zeventiende eeuw 1 miljoen Europeanen tot slaaf gemaakt. || Het is heel goed dat we bewust zijn, maar we kunnen niet wegpoetsen wat mensen in andere tijden, met andere normen elkaar aandeden.","Nu moet een kwart miljard euro in een bewustwordingsfonds en een slavernijmuseum worden gestopt, en dan moet de eis van de herstelbetalingen nog worden ingewilligd. || De excuses van het kabinet voor het slavernijverleden en de grote som geld die daarvoor wordt uitgetrokken, zijn niet nodig en niet wenselijk en worden niet gedragen door een fikse meerderheid van de bevolking.","Or can we file a claim against Morocco? They enslaved 1 million Europeans in the sixteenth and seventeenth centuries. || It is very good that we are aware, but we cannot erase what people did to each other in different times, with different norms.","Now, a quarter of a billion euros must be allocated to an awareness fund and a slavery museum, and then the demand for reparations still needs to be met. || The government's apologies for the history of slavery and the large sum of money allocated for it are unnecessary and undesirable, and they are not supported by a significant majority of the population."
nl.proc.ob.d.h-tk-20222023-47-9.1.3.1,2023-02-01,Martin Bosma,nl.p.pvv,TG4,SW2,3,2,"Dit ministerie financiert de musea waarin onze helden worden afgezeken. Willem van Oranje, Michiel de Ruyter, Witte de With, ze worden allemaal belachelijk gemaakt, verwijderd of van haatbordjes voorzien. || Willem van Oranje, Michiel de Ruyter, Witte de With, ze worden allemaal belachelijk gemaakt, verwijderd of van haatbordjes voorzien. || Dit ministerie financiert de musea waarin onze helden worden afgezeken.",Conclusie: we leven in een land van moreel verval dankzij de diversiteitsideologie. || Dit ministerie financiert de musea waarin onze helden worden afgezeken.,"This ministry funds the museums where our heroes are ridiculed. William of Orange, Michiel de Ruyter, Witte de With, they are all made to look ridiculous, removed, or provided with hate signs. || Willem of Orange, Michiel de Ruyter, Witte de With, they are all ridiculed, removed, or labeled with hate signs. || This ministry funds the museums where our heroes are ridiculed.",Conclusion: we live in a country of moral decay due to the ideology of diversity. || This ministry funds the museums where our heroes are ridiculed.
nl.proc.ob.d.h-tk-20222023-48-4.1.33.1,2023-02-02,Ephraim,nl.p.groep van haga,TG1,SW1,2,2,"Wat BVNL betreft laten we ons niet leiden door angst. || Kijk naar de heksenjacht in de zeventiende eeuw in Salem, het huisarrest van Galileo Galilei en de recente disproportionele coronamaatregelen.","BVNL is principieel tegen bindende Europese regelgeving. || Een duurzaam, technisch en economisch haalbaar energiebeleid is dat wel.","As far as BVNL is concerned, we will not be guided by fear. || Look at the witch hunt in seventeenth-century Salem, the house arrest of Galileo Galilei, and the recent disproportionate COVID-19 measures.","BVNL is fundamentally against binding European regulations. || A sustainable, technically and economically feasible energy policy is indeed that."
nl.proc.ob.d.h-tk-20222023-93-3.1.106.1,2023-06-14,Kuzu,nl.p.denk,TG4,SW4,2,2,"Het gaat weliswaar niet over de periode van het onderzoek, maar wat mij opvalt is dat wij zo'n massamoordenaar eren door pleinen, tunnels en straten naar hem te vernoemen. || Zouden we de Coentunnel niet de Multatulitunnel moeten noemen?","In ieder geval moet er meer bewustwording komen voor het leed dat honderdduizenden mensen is aangedaan. || Een van de diepste dieptepunten was misschien wel de wraakactie van Jan Pieterszoon Coen op de Banda-eilanden, wat hem de illustere bijnaam """"de slachter van Banda"""" opleverde.","Although it doesn't relate to the period of the research, what strikes me is that we honor such a mass murderer by naming squares, tunnels, and streets after him. || Shouldn't we call the Coentunnel the Multatulitunnel?","In any case, there needs to be more awareness of the suffering that has been inflicted on hundreds of thousands of people. || One of the deepest low points was perhaps the revenge action of Jan Pieterszoon Coen on the Banda Islands, which earned him the infamous nickname ""the butcher of Banda."""
nl.proc.ob.d.h-tk-20222023-93-6.1.208.1,2023-06-14,Kuzu,nl.p.denk,TG1,SW4,2,2,"constaterende dat het merendeel van de Bandanezen, een van de oorspronkelijke volkeren van Indonesië, in de zeventiende eeuw werd vermoord of tot slaaf gemaakt; || verzoekt de regering om meer bewustwording te creëren in het onderwijs van de uitbuiting van Indonesië en de Indonesische bevolking, zoals het lot van de Bandanezen,en gaat over tot de orde van de dag.","constaterende dat het merendeel van de Bandanezen, een van de oorspronkelijke volkeren van Indonesië, in de zeventiende eeuw werd vermoord of tot slaaf gemaakt; || verzoekt de regering om meer bewustwording te creëren in het onderwijs van de uitbuiting van Indonesië en de Indonesische bevolking, zoals het lot van de Bandanezen,en gaat over tot de orde van de dag.","noting that the majority of the Bandanese, one of the indigenous peoples of Indonesia, were killed or enslaved in the seventeenth century; || requests the government to raise awareness in education about the exploitation of Indonesia and the Indonesian people, such as the fate of the Bandanese, and moves on to the next item on the agenda.","noting that the majority of the Bandanese, one of the indigenous peoples of Indonesia, were killed or enslaved in the seventeenth century; || requests the government to raise awareness in education about the exploitation of Indonesia and the Indonesian people, such as the fate of the Bandanese, and moves on to the next item on the agenda."
nl.proc.ob.d.h-tk-20232024-14-18.1.6.1,2023-10-18,Beckerman,nl.p.sp,TG1,SW1,2,2,"Motie: De Kamer,gehoord de beraadslaging,overwegende dat Nederland uniek maritiem erfgoed heeft, zoals de zeventiende-eeuwse jurk uit het palmhoutwrak; || verzoekt de regering te komen tot een reddingsplan voor de maritieme archeologie en de Kamer hier in 2024 over te informeren,en gaat over tot de orde van de dag.","verzoekt de regering te komen tot een reddingsplan voor de maritieme archeologie en de Kamer hier in 2024 over te informeren,en gaat over tot de orde van de dag. || Motie: De Kamer,gehoord de beraadslaging,overwegende dat Nederland uniek maritiem erfgoed heeft, zoals de zeventiende-eeuwse jurk uit het palmhoutwrak;","Motion: The Chamber, having heard the deliberation, considering that the Netherlands has unique maritime heritage, such as the seventeenth-century dress from the palm wood wreck; || requests the government to come up with a rescue plan for maritime archaeology and to inform the Chamber about it in 2024, and proceeds to the next item on the agenda.","requests the government to come up with a rescue plan for maritime archaeology and to inform the Chamber about it in 2024, and proceeds to the next item on the agenda. || Motion: The Chamber, having heard the deliberation, considering that the Netherlands has unique maritime heritage, such as the seventeenth-century dress from the palm wood wreck;"
nl.proc.ob.d.h-tk-20232024-38-20.1.5.1,2024-02-06,Joeri Pool,nl.p.pvv,TG4,SW2,2,2,Ook onze zeehelden van weleer ontkomen niet aan de politiek correcte zelfhaat die dit land teistert. || In Rotterdam werd het standbeeld van Piet Hein beklad.,Deze minister van Defensie droomt daarvan en heeft vorig jaar wéér een groot deel van onze landmacht alvast onder Duits bevel gesteld. || Die trots op de Nederlandse krijgsmacht is bij de globalistische elite ver te zoeken.,"Even our maritime heroes of the past are not immune to the politically correct self-hatred that plagues this country. || In Rotterdam, the statue of Piet Hein was vandalized.",This Minister of Defense dreams of that and last year placed a large part of our army under German command again. || The pride in the Dutch armed forces is hard to find among the globalist elite.
nl.proc.ob.d.h-tk-20232024-51-12.1.162.1,2024-03-13,Pepijn Houwelingen van,nl.p.fvd,TG2,SW1,2,2,"Tijdens de Gouden Eeuw was de Republiek der Zeven Verenigde Nederlanden hét land van de scheepsbouw. || Met onze indrukwekkende maritieme geschiedenis in het achterhoofd zou je denken dat Nederland alles op alles zou zetten om deze vier onderzeeboten hier in Nederland te laten bouwen, liefst door een Nederlands bedrijf.","Tijdens de Gouden Eeuw was de Republiek der Zeven Verenigde Nederlanden hét land van de scheepsbouw. || Met onze indrukwekkende maritieme geschiedenis in het achterhoofd zou je denken dat Nederland alles op alles zou zetten om deze vier onderzeeboten hier in Nederland te laten bouwen, liefst door een Nederlands bedrijf.","During the Golden Age, the Republic of the Seven United Netherlands was the country of shipbuilding. || With our impressive maritime history in mind, one would think that the Netherlands would do everything possible to have these four submarines built here in the Netherlands, preferably by a Dutch company.","During the Golden Age, the Republic of the Seven United Netherlands was the country of shipbuilding. || With our impressive maritime history in mind, one would think that the Netherlands would do everything possible to have these four submarines built here in the Netherlands, preferably by a Dutch company."
nl.proc.ob.d.h-tk-20232024-51-4.1.34.1,2024-03-13,Diederik Dijk van,nl.p.sgp,TG1,SW5,2,2,"Ik denk daarbij aan de woorden van een Engelse predikant die in de zeventiende eeuw een preek hield voor het Engelse parlement. || Hij zei toen tegen de parlementariërs: """"Als wij niet ophouden te bedelen, zal God niet ophouden te geven.","Ik wil toch eventjes aanhalen dat er vandaag in heel veel kerken biddag wordt gehouden, waarbij wordt gebeden voor de overheid. || Hij zei toen tegen de parlementariërs: """"Als wij niet ophouden te bedelen, zal God niet ophouden te geven.","I am reminded of the words of an English preacher who delivered a sermon for the English Parliament in the seventeenth century. || He then said to the parliamentarians, ""If we do not stop begging, God will not stop giving.""","I would like to mention that today many churches are holding a day of prayer, where prayers are offered for the government. || He then said to the parliamentarians, ""If we do not stop begging, God will not stop giving."""
nl.proc.ob.d.h-tk-20232024-76-6.1.2.1,2024-05-23,Jeanet Nijhof-Leeuw,nl.p.pvv,TG1,SW1,2,3,"De kersenteelt is een van de oudste beroepen die Nederland rijk is, en kent zijn oorsprong bij de komst van de Romeinen in de zeventiende eeuw. || Maar om dit eeuwenoude beroep met veelal familiebedrijven te behouden in Nederland is ook een heroverweging van de minister nodig.",Maar om dit eeuwenoude beroep met veelal familiebedrijven te behouden in Nederland is ook een heroverweging van de minister nodig. Daarom dienen wij de volgende motie in. || Maar om dit eeuwenoude beroep met veelal familiebedrijven te behouden in Nederland is ook een heroverweging van de minister nodig. || Daarom dienen wij de volgende motie in.,"Cherry cultivation is one of the oldest professions in the Netherlands, originating with the arrival of the Romans in the seventeenth century. || But to preserve this ancient profession, which often consists of family businesses, in the Netherlands, a reconsideration by the minister is also necessary.","But to preserve this age-old profession, which often consists of family businesses, in the Netherlands, a reconsideration by the minister is also necessary. Therefore, we are submitting the following motion. || But to preserve this ancient profession, which often consists of family businesses, in the Netherlands, a reconsideration by the minister is also necessary. || Therefore, we submit the following motion."
nl.proc.ob.d.h-tk-20232024-82-33.1.57.1,2024-06-11,Henk Vermeer,nl.p.bbb,TG1,SW1,4,2,"Ik citeer uit de Historische atlas van Nederland: """"Door de grote economische bloei van Holland in de zestiende en de zeventiende eeuw en de snelle groei van de Hollandse steden Amsterdam, Leiden en Rotterdam nam de vraag naar turf sterk toe. Wat achterbleef in het winningsgebied waren gaten in het landschap die zich vulden met water of waarbij afgegraven en afgewaterde gebieden gebruikt werden voor het voeden van de lokale bevolking. || Ik citeer uit de Historische atlas van Nederland: """"Door de grote economische bloei van Holland in de zestiende en de zeventiende eeuw en de snelle groei van de Hollandse steden Amsterdam, Leiden en Rotterdam nam de vraag naar turf sterk toe. || Het actief beheren van het grondwaterpeil was en is cruciaal voor burgers en boeren om droge voeten te houden en om voedsel te produceren. || Wat achterbleef in het winningsgebied waren gaten in het landschap die zich vulden met water of waarbij afgegraven en afgewaterde gebieden gebruikt werden voor het voeden van de lokale bevolking.","Maar het vaak ter discussie staande grondwaterpeilbeleid behoeft wel enige historische context. || Ik vind dat wij hier in de Kamer de komende jaren een constructieve en eerlijke discussie over moeten voeren, in het belang van zowel burgers als boeren.","I quote from the Historical Atlas of the Netherlands: ""Due to the great economic boom in Holland in the sixteenth and seventeenth centuries and the rapid growth of the Dutch cities of Amsterdam, Leiden, and Rotterdam, the demand for peat increased significantly. What remained in the extraction area were holes in the landscape that filled with water or where excavated and drained areas were used to feed the local population."" || I quote from the Historical Atlas of the Netherlands: ""Due to the great economic boom in Holland during the sixteenth and seventeenth centuries and the rapid growth of the Dutch cities of Amsterdam, Leiden, and Rotterdam, the demand for peat increased significantly."" || Actively managing the groundwater level has been and is crucial for citizens and farmers to keep their feet dry and to produce food. || What remained in the mining area were holes in the landscape that filled with water or where excavated and drained areas were used to feed the local population.","However, the groundwater level policy, which is often a topic of discussion, does require some historical context. || I believe that we need to have a constructive and honest discussion here in the Chamber in the coming years, in the interest of both citizens and farmers."
nl.proc.ob.d.h-tk-20232024-82-33.1.74.1,2024-06-11,Barry Madlener,nl.p.pvv,TG1,SW1,4,2,Een houten paalfundering kan een prima fundering zijn; kijk maar naar al die prachtige panden uit de zeventiende eeuw. || kijk maar naar al die prachtige panden uit de zeventiende eeuw. || Een houten paalfundering kan een prima fundering zijn; || Maar dan mag de grondwaterstand niet verlaagd worden.,"De grondwaterstand wordt bepaald door natuurlijke omstandigheden, maar ook door beleid. || Het voorkomen van nieuwe schade moet natuurlijk absolute prioriteit hebben.",A wooden pile foundation can be an excellent foundation; just look at all those beautiful buildings from the seventeenth century. || Just look at all those beautiful buildings from the seventeenth century. || A wooden pile foundation can be an excellent foundation. || But then the groundwater level must not be lowered.,"The groundwater level is determined by natural conditions, but also by policy. || Preventing new damage must, of course, be the top priority."
nl.proc.ob.d.h-tk-20242025-31-27.1.25.1,2024-12-03,Sandra Beckerman,nl.p.sp,TG1,SW1,2,2,We vergeten vaak hoe bijzonder Nederlandse archeologie en Nederlands erfgoed zijn. || Ik heb anijs geroken uit de zeventiende eeuw.,"En erger nog, we vergeten soms ook dat die rijkdom kan vergaan, dat die rijkdom erg kwetsbaar is en dat die het waard is om te beschermen, te onderzoeken en te tonen aan een breed publiek. || Daarom heb ik de volgende motie.",We often forget how special Dutch archaeology and Dutch heritage are. || I smelled anise from the seventeenth century.,"And worse still, we sometimes forget that that wealth can perish, that it is very vulnerable, and that it is worth protecting, exploring, and showcasing to a wide audience. || Therefore, I have the following motion."
nl.proc.ob.d.h-tk-20242025-31-27.1.26.1,2024-12-03,Sandra Beckerman,nl.p.sp,TG1,SW1,2,2,"Motie: De Kamer,gehoord de beraadslaging,overwegende dat Nederland uniek maritiem erfgoed heeft, zoals de zeventiende-eeuwse jurk uit het Palmhoutwrak; || voorts constaterende dat maritiem erfgoed wordt bedreigd, bijvoorbeeld door paalwormen en veranderende stroomgeulen;","verzoekt de regering te komen tot een reddingsplan voor de maritieme archeologie en de Kamer hierover in 2025 te informeren,en gaat over tot de orde van de dag. || 55), over onderzoek naar de noodzaak van een reddingsplan voor de maritieme archeologie is aangenomen, maar nog onvoldoende is uitgewerkt;","Motion: The Chamber, having heard the deliberation, considering that the Netherlands has unique maritime heritage, such as the seventeenth-century dress from the Palmhout wreck; || further noting that maritime heritage is threatened, for example by shipworms and changing riverbeds;","requests the government to come up with a rescue plan for maritime archaeology and to inform the Chamber about this in 2025, and proceeds to the next item on the agenda. || 55), research on the necessity of a rescue plan for maritime archaeology has been adopted, but is still insufficiently developed;"
nl.proc.ob.d.h-tk-20242025-31-29.1.94.1,2024-12-03,Joeri Pool,nl.p.pvv,TG1,SW3,2,3,"U staat op de schouders van de giganten uit onze militaire geschiedenis. || U bent Nederlander. Onthoud dit, en geen vijand is u de baas.","U bent Nederlander. || Onthoud wie u bent. || Onthoud dit, en geen vijand is u de baas.","You stand on the shoulders of the giants from our military history. || You are Dutch. Remember this, and no enemy will have power over you.","You are Dutch. || Remember who you are. || Remember this, and no enemy will have power over you."
